original_name,WPFG,source,chrono
Agrostis avenacea,ATe,Brock_1997,1
Alternanthera denticulata,Tda,Brock_1997,1
Amphibromus sinuatus,ATe,Brock_1997,1
Azolla filiculoides,ARf,Brock_1997,1
Carex gaudichaudiana,ATe,Brock_1997,1
Centaurium spicatum,Tda,Brock_1997,1
Centipeda minima,ATl,Brock_1997,1
Chara sp.,S,Brock_1997,1
Cirsium vulgare,Tdr,Brock_1997,1
Conyza bonariensis,Tda,Brock_1997,1
Crassula helmsii,ARp,Brock_1997,1
Cyperus sanguinolentus,ATe,Brock_1997,1
Elatine gratioloides,ARp,Brock_1997,1
Eleocharis acuta,ATe,Brock_1997,1
Eleocharis deitrichiana,ATe,Brock_1997,1
Eleocharis pusilla,ATe,Brock_1997,1
Eleocharis spacelata,ARp,Brock_1997,1
Eragrostis trachycarpha,Tda,Brock_1997,1
Geranium sp.,Tda,Brock_1997,1
Glyceria australis,ATe,Brock_1997,1
Gnapthalium sp.,Tdr,Brock_1997,1
Gratiola peruviana,Tda,Brock_1997,1
Hydrocotyle tripartita,ATl,Brock_1997,1
Hypericum japonicum,Tda,Brock_1997,1
Isoetes drummondii,S,Brock_1997,1
Isolepis fluitans,ARp,Brock_1997,1
Isotoma fluviatilis,ATl,Brock_1997,1
Juncus articulatus,ATe,Brock_1997,1
Juncus australis,Tda,Brock_1997,1
Juncus bufonius,Tda,Brock_1997,1
Juncus holoschoenus,ATe,Brock_1997,1
Lilaeopsis polyantha,ATe,Brock_1997,1
Limosella australis,ARp,Brock_1997,1
Lipocarpha microcephala,ATe,Brock_1997,1
Lythrum salicaria,ATe,Brock_1997,1
Marsilea sp.,ARp,Brock_1997,1
Modiola caroliniana,Tdr,Brock_1997,1
Myriophyllum variifolium,ARp,Brock_1997,1
Myriophyllum verrucosum,ARp,Brock_1997,1
Najas tenuifolia,S,Brock_1997,1
Nitella sp.,S,Brock_1997,1
Nymphoides montana,ARf,Brock_1997,1
Panicum gilvum,Tda,Brock_1997,1
Paspalum distichum,ATe,Brock_1997,1
Persicaria hydropiper,ATe,Brock_1997,1
Persicaria lapathifolia,ATe,Brock_1997,1
Polygonum arenastrum,Tdr,Brock_1997,1
Portulaca oleracea,Tdr,Brock_1997,1
Potamogeton ochreatus,S,Brock_1997,1
Potamogeton tricarinatus,ARp,Brock_1997,1
Ranunculus inundatus,ATe,Brock_1997,1
Rorippa palustris,Tda,Brock_1997,1
Rumex crispus,Tda,Brock_1997,1
Schoenus apogon,ATe,Brock_1997,1
Stellaria angustifolia,Tda,Brock_1997,1
Trifolium sp.,Tda,Brock_1997,1
Typha orientalis,ATe,Brock_1997,1
Utricularia australis,ARp,Brock_1997,1
Utricularia dichotoma,ATl,Brock_1997,1
Vallisneria gigantea,S,Brock_1997,1
Agrostis avenacea,ATe,Casanova_2000,2
Alternanthera nana,Tda,Casanova_2000,2
Amphibromus sp.,ATe,Casanova_2000,2
Bidens pilosa,Tdr,Casanova_2000,2
Bromus catharticus,Tdr,Casanova_2000,2
Carex sp.,ATe,Casanova_2000,2
Centaurium erythraea,Tda,Casanova_2000,2
Centipeda minima,ATl,Casanova_2000,2
Chara fibrosa,S,Casanova_2000,2
Chara muelleri,S,Casanova_2000,2
Chenopodium pumilio,Tdr,Casanova_2000,2
Cirsium vulgare,Tdr,Casanova_2000,2
Conyza bonariensis,Tda,Casanova_2000,2
Crassula helmsii,ARp,Casanova_2000,2
Cynodon dactylon,Tdr,Casanova_2000,2
Cyperus eragrostis,ATe,Casanova_2000,2
Cyperus sanguinolentus,ATe,Casanova_2000,2
Cyperus sp,ATe,Casanova_2000,2
Echinochloa crus-galli,Tda,Casanova_2000,2
Elatine gratioloides,ARp,Casanova_2000,2
Eleocharis acuta,ATe,Casanova_2000,2
Eleocharis deitrichiana,ATe,Casanova_2000,2
Eleocharis pusilla,ATe,Casanova_2000,2
Eleusine tristachia,Tdr,Casanova_2000,2
Eragrostis trachycarpha,Tda,Casanova_2000,2
Geranium sp.,Tdr,Casanova_2000,2
Glossostigma cleistanthum,ARp,Casanova_2000,2
Glyceria australis,ATe,Casanova_2000,2
Gnapthalium spp,Tdr,Casanova_2000,2
Holcus lanatus,Tda,Casanova_2000,2
Hydrocotyle tripartita,ATl,Casanova_2000,2
Hyperchoerus radicata,Tdr,Casanova_2000,2
Hypericum japonicum,Tda,Casanova_2000,2
Isoetes muelleri,S,Casanova_2000,2
Isolepis sp.,ARp,Casanova_2000,2
Isotoma fluviatilis,ATl,Casanova_2000,2
Juncus articulatus,ATe,Casanova_2000,2
Juncus bufonius,Tda,Casanova_2000,2
Juncus pin,Tda,Casanova_2000,2
Lilaeopsis polyantha,ATe,Casanova_2000,2
Limosella australis,ARp,Casanova_2000,2
Lipocarpha microcephala,ATe,Casanova_2000,2
Lythrum salicaria,ATe,Casanova_2000,2
Marsilea mutica,ARp,Casanova_2000,2
Medicago sp.,Tda,Casanova_2000,2
Mimulus peruviana,ATe,Casanova_2000,2
Modiola caroliniana,Tdr,Casanova_2000,2
Myriophyllum variifolium,ARp,Casanova_2000,2
Myriophyllum verrucosum,ARp,Casanova_2000,2
Najas tenuifolia,S,Casanova_2000,2
Nitella cristata,S,Casanova_2000,2
Nitella sonderi,S,Casanova_2000,2
Nitella subtilissima,S,Casanova_2000,2
Oxalis sp.,Tdr,Casanova_2000,2
Panicum gilvum,Tda,Casanova_2000,2
Paronychia brasiliana,Tdr,Casanova_2000,2
Persicaria decipiens,ATe,Casanova_2000,2
Persicaria hydropiper,ATe,Casanova_2000,2
Persicaria prostrata,Tda,Casanova_2000,2
Plantago lanceolata,Tdr,Casanova_2000,2
Polygonum arviculare,Tdr,Casanova_2000,2
Polygonum plebium,Tdr,Casanova_2000,2
Portulaca oleracea,Tdr,Casanova_2000,2
Potamogeton tricarinatus,ARp,Casanova_2000,2
Ricciocarpus natans,ARf,Casanova_2000,2
Rorippa palustris,Tda,Casanova_2000,2
Rumex crispus,Tda,Casanova_2000,2
Schoenoplectus validus,ATe,Casanova_2000,2
Schoenus apogon,ATe,Casanova_2000,2
Sonchus oleraceus,Tdr,Casanova_2000,2
Trifolium sp.,Tda,Casanova_2000,2
Typha orientalis,ATe,Casanova_2000,2
Acacia cyclops,Tdr,Nicol_2008,3
Acacia longifolia ssp.,Tdr,Nicol_2008,3
Acacia longifolia ssp. longifolia,Tdr,Nicol_2008,3
Acacia longifolia ssp. sophorae,Tdr,Nicol_2008,3
Acacia melanoxylon,Tdr,Nicol_2008,3
Acacia myrtifolia,Tdr,Nicol_2008,3
Acacia myrtifolia var.,Tdr,Nicol_2008,3
Acacia myrtifolia var. angustifolia,Tdr,Nicol_2008,3
Acacia myrtifolia var. myrtifolia,Tdr,Nicol_2008,3
Acacia myrtifolia(NC),Tdr,Nicol_2008,3
Acacia paradoxa,Tdr,Nicol_2008,3
Acacia paradoxa hybrid,Tdr,Nicol_2008,3
Acacia provincialis,ATw,Nicol_2008,3
Acacia pycnantha,Tdr,Nicol_2008,3
Acacia retinodes,ATw,Nicol_2008,3
Acacia retinodes var.,ATw,Nicol_2008,3
Acacia retinodes var. retinodes(NC),ATw,Nicol_2008,3
Acacia sp.,Tdr,Nicol_2008,3
Acacia spinescens,Tdr,Nicol_2008,3
Acacia stenophylla,ATw,Nicol_2008,3
Acacia verniciflua,Tda,Nicol_2008,3
Acacia verticillata ssp. ovoidea,Tdr,Nicol_2008,3
Acaena echinata,Tdr,Nicol_2008,3
Acaena echinata var.,Tdr,Nicol_2008,3
Acaena echinata var. echinata,Tdr,Nicol_2008,3
Acaena echinata var. retrorsumpilosa,Tdr,Nicol_2008,3
Acaena echinata var. robusta,Tdr,Nicol_2008,3
Acaena echinata var. subglabricalyx,Tdr,Nicol_2008,3
Acaena echinata var. tylacantha,Tdr,Nicol_2008,3
Acaena novae-zelandiae,Tdr,Nicol_2008,3
Acaena ovina,Tdr,Nicol_2008,3
Acaena ovina var. velutina,Tdr,Nicol_2008,3
Acaena sp.,Tdr,Nicol_2008,3
Acaena X anserovina,Tdr,Nicol_2008,3
Acetosa sagittata,ATe,Nicol_2008,3
Acetosa sp.,ATe,Nicol_2008,3
Acetosella vulgaris,Tdr,Nicol_2008,3
Acianthus caudatus var.,Tdr,Nicol_2008,3
Acianthus caudatus var. caudatus,Tdr,Nicol_2008,3
Acianthus caudatus var. pallidus,Tdr,Nicol_2008,3
Acianthus pusillus,Tdr,Nicol_2008,3
Acianthus sp.,Tdr,Nicol_2008,3
Acrotriche patula,ATw,Nicol_2008,3
Acrotriche serrulata,ATw,Nicol_2008,3
Acrotriche sp.,ATw,Nicol_2008,3
Adenanthos sp.,Tdr,Nicol_2008,3
Adenanthos terminalis,Tdr,Nicol_2008,3
Adiantum aethiopicum,Tda,Nicol_2008,3
Adiantum capillus-veneris,Tda,Nicol_2008,3
Adiantum sp.,Tda,Nicol_2008,3
Agave sp.,Tdr,Nicol_2008,3
Agrostis aemula,Tdr,Nicol_2008,3
Agrostis aequata,Tdr,Nicol_2008,3
Agrostis avenacea var.,ATe,Nicol_2008,3
Agrostis avenacea var. avenacea,ATe,Nicol_2008,3
Agrostis avenacea var. perennis,ATe,Nicol_2008,3
Agrostis capillaris,Tdr,Nicol_2008,3
Agrostis gigantea,Tdr,Nicol_2008,3
Agrostis rudis,Tdr,Nicol_2008,3
Agrostis sp.,ATe,Nicol_2008,3
Agrostis stolonifera,Tdr,Nicol_2008,3
Agrostis venusta,Tdr,Nicol_2008,3
Aira cupaniana,Tdr,Nicol_2008,3
Aira praecox,Tdr,Nicol_2008,3
Aira sp.,Tdr,Nicol_2008,3
Alisma lanceolatum,Se,Nicol_2008,3
Alisma lanceolatum,Se,Nicol_2008,3
Alisma plantago-aquatica,Se,Nicol_2008,3
Allocasuarina mackliniana ssp.,Tda,Nicol_2008,3
Allocasuarina mackliniana ssp. mackliniana,Tda,Nicol_2008,3
Allocasuarina mackliniana ssp. xerophila,Tda,Nicol_2008,3
Allocasuarina muelleriana ssp.,Tdr,Nicol_2008,3
Allocasuarina muelleriana ssp. alticola,Tdr,Nicol_2008,3
Allocasuarina muelleriana ssp. muelleriana,Tdr,Nicol_2008,3
Allocasuarina muelleriana ssp. notocolpica,Tdr,Nicol_2008,3
Allocasuarina paludosa,ATw,Nicol_2008,3
Allocasuarina pusilla,Tda,Nicol_2008,3
Allocasuarina sp.,Tdr,Nicol_2008,3
Allocasuarina striata,Tda,Nicol_2008,3
Allocasuarina verticillata,Tdr,Nicol_2008,3
Alternanthera denticulata,Tda,Nicol_2008,3
Alternanthera nodiflora,Tdr,Nicol_2008,3
Ammophila arenaria,Tdr,Nicol_2008,3
Amphibromus archeri,Tda,Nicol_2008,3
Amphibromus macrorhinus,Tda,Nicol_2008,3
Amphibromus neesii,Tda,Nicol_2008,3
Amphibromus nervosus,Tda,Nicol_2008,3
Amphibromus pithogastrus,Tda,Nicol_2008,3
Amphibromus recurvatus,Tda,Nicol_2008,3
Amphibromus sinuatus,Tda,Nicol_2008,3
Amphibromus sp.,Tda,Nicol_2008,3
Amphipogon caricinus var. caricinus,Tdr,Nicol_2008,3
Amphipogon sp.,Tda,Nicol_2008,3
Amphipogon strictus,Tda,Nicol_2008,3
Amyema fitzgeraldii,Tdr,Nicol_2008,3
Amyema gibberula var. gibberula,Tdr,Nicol_2008,3
Amyema hilliana,Tdr,Nicol_2008,3
Amyema linophylla ssp. orientalis,Tdr,Nicol_2008,3
Amyema maidenii ssp. maidenii,Tdr,Nicol_2008,3
Amyema melaleucae,Tdr,Nicol_2008,3
Amyema miquelii,Tdr,Nicol_2008,3
Amyema miraculosa ssp. boormanii,Tdr,Nicol_2008,3
Amyema pendula ssp. pendula,Tdr,Nicol_2008,3
Amyema preissii,Tdr,Nicol_2008,3
Amyema quandang var. bancroftii(NC),Tdr,Nicol_2008,3
Amyema quandang var. quandang,Tdr,Nicol_2008,3
Amyema sanguinea var. sanguinea,Tdr,Nicol_2008,3
Amyema sp.,Tdr,Nicol_2008,3
Anagallis arvensis,Tda,Nicol_2008,3
Anogramma leptophylla,ARp,Nicol_2008,3
Anthoxanthum odoratum,ARp,Nicol_2008,3
Aphelia gracilis,Tda,Nicol_2008,3
Aphelia pumilio,Tdr,Nicol_2008,3
Apium graveolens,Tdr,Nicol_2008,3
Apium prostratum var.,Tdr,Nicol_2008,3
Apium prostratum var. filiforme,Tdr,Nicol_2008,3
Apium prostratum var. prostratum,Tda,Nicol_2008,3
Apium prostratum(NC),Tdr,Nicol_2008,3
Apium sp.,Tdr,Nicol_2008,3
Apodasmia brownii,ATe,Nicol_2008,3
Aponogeton distachyos,Sk,Nicol_2008,3
Arctotheca calendula,Tda,Nicol_2008,3
Arctotheca populifolia,Tdr,Nicol_2008,3
Arctotheca sp.,Tda,Nicol_2008,3
Arthropodium aff. minus(NC),Tdr,Nicol_2008,3
Arthropodium fimbriatum,Tdr,Nicol_2008,3
Arthropodium milleflorum,Tdr,Nicol_2008,3
Arthropodium minus,Tdr,Nicol_2008,3
Arthropodium sp.,Tdr,Nicol_2008,3
Arthropodium strictum,Tdr,Nicol_2008,3
Arum italicum,ARp,Nicol_2008,3
Arundo donax,ATe,Nicol_2008,3
Asphodelus fistulosus,Tdr,Nicol_2008,3
Asphodelus sp.,Tdr,Nicol_2008,3
Asphodelus sp.(NC),Tdr,Nicol_2008,3
Asplenium flabellifolium,ARp,Nicol_2008,3
Asplenium sp.,ARp,Nicol_2008,3
Aster subulatus,ATe,Nicol_2008,3
Astroloma conostephioides,Tdr,Nicol_2008,3
Astroloma humifusum,Tdr,Nicol_2008,3
Astroloma sp.,Tdr,Nicol_2008,3
Atriplex acutibractea ssp.,Tdr,Nicol_2008,3
Atriplex acutibractea ssp. acutibractea,Tdr,Nicol_2008,3
Atriplex acutibractea ssp. karoniensis,Tdr,Nicol_2008,3
Atriplex acutiloba,Tdr,Nicol_2008,3
Atriplex angulata,Tdr,Nicol_2008,3
Atriplex australasica,Tdr,Nicol_2008,3
Atriplex cinerea,Tdr,Nicol_2008,3
Atriplex cordifolia,Tdr,Nicol_2008,3
Atriplex crassipes var. crassipes,Tdr,Nicol_2008,3
Atriplex cryptocarpa,Tdr,Nicol_2008,3
Atriplex eardleyae,Tdr,Nicol_2008,3
Atriplex eichleri,Tdr,Nicol_2008,3
Atriplex elachophylla,Tdr,Nicol_2008,3
Atriplex fissivalvis,Tdr,Nicol_2008,3
Atriplex holocarpa,Tdr,Nicol_2008,3
Atriplex humifusa,Tdr,Nicol_2008,3
Atriplex incrassata,Tdr,Nicol_2008,3
Atriplex intermedia,Tdr,Nicol_2008,3
Atriplex kochiana,Tdr,Nicol_2008,3
Atriplex leptocarpa,Tdr,Nicol_2008,3
Atriplex limbata,Tdr,Nicol_2008,3
Atriplex lindleyi ssp.,Tdr,Nicol_2008,3
Atriplex lindleyi ssp. conduplicata,Tdr,Nicol_2008,3
Atriplex lindleyi ssp. inflata,Tdr,Nicol_2008,3
Atriplex lindleyi ssp. lindleyi,Tdr,Nicol_2008,3
Atriplex lindleyi ssp. quadripartita,Tdr,Nicol_2008,3
Atriplex lindleyi(NC),Tdr,Nicol_2008,3
Atriplex lobativalvis,Tdr,Nicol_2008,3
Atriplex macropterocarpa,Tdr,Nicol_2008,3
Atriplex morrisii,Tdr,Nicol_2008,3
Atriplex muelleri,Tdr,Nicol_2008,3
Atriplex nessorhina,Tdr,Nicol_2008,3
Atriplex nummularia ssp.,Tdr,Nicol_2008,3
Atriplex nummularia ssp. nummularia,Tdr,Nicol_2008,3
Atriplex nummularia ssp. omissa,Tdr,Nicol_2008,3
Atriplex nummularia ssp. spathulata,Tdr,Nicol_2008,3
Atriplex obconica,Tdr,Nicol_2008,3
Atriplex paludosa ssp.,Tdr,Nicol_2008,3
Atriplex paludosa ssp. cordata,Tdr,Nicol_2008,3
Atriplex paludosa ssp. paludosa,Tdr,Nicol_2008,3
Atriplex papillata,Tdr,Nicol_2008,3
Atriplex patula,Tdr,Nicol_2008,3
Atriplex prostrata,Tda,Nicol_2008,3
Atriplex pseudocampanulata,Tdr,Nicol_2008,3
Atriplex pumilio,Tdr,Nicol_2008,3
Atriplex quadrivalvata var.,Tdr,Nicol_2008,3
Atriplex quadrivalvata var. quadrivalvata,Tdr,Nicol_2008,3
Atriplex quadrivalvata var. sessilifolia,Tdr,Nicol_2008,3
Atriplex quinii,Tdr,Nicol_2008,3
Atriplex rhagodioides,Tdr,Nicol_2008,3
Atriplex semibaccata,Tdr,Nicol_2008,3
Atriplex sp.,Tdr,Nicol_2008,3
Atriplex spongiosa,Tdr,Nicol_2008,3
Atriplex stipitata,Tdr,Nicol_2008,3
Atriplex sturtii(NC),Tdr,Nicol_2008,3
Atriplex suberecta,Tdr,Nicol_2008,3
Atriplex turbinata,Tdr,Nicol_2008,3
Atriplex undulata,Tdr,Nicol_2008,3
Atriplex velutinella,Tdr,Nicol_2008,3
Atriplex vesicaria,Tdr,Nicol_2008,3
Atriplex vesicaria ssp.,Tdr,Nicol_2008,3
Atriplex vesicaria ssp. appendiculata,Tdr,Nicol_2008,3
Atriplex vesicaria ssp. calcicola,Tdr,Nicol_2008,3
Atriplex vesicaria ssp. macrocystidia,Tdr,Nicol_2008,3
Atriplex vesicaria ssp. sphaerocarpa,Tdr,Nicol_2008,3
Atriplex vesicaria ssp. variabilis,Tdr,Nicol_2008,3
Atriplex vesicaria(NC),Tdr,Nicol_2008,3
Austrodanthonia sp.,Tdr,Nicol_2008,3
Austrostipa elegantissima,Tdr,Nicol_2008,3
Austrostipa macalpinei,Tdr,Nicol_2008,3
Austrostipa mollis,Tdr,Nicol_2008,3
Austrostipa mollis group,Tdr,Nicol_2008,3
Austrostipa muelleri,Tdr,Nicol_2008,3
Austrostipa multispiculis,Tdr,Nicol_2008,3
Austrostipa mundula,Tdr,Nicol_2008,3
Austrostipa nitida,Tdr,Nicol_2008,3
Austrostipa nitida X Austrostipa nullanulla,Tdr,Nicol_2008,3
Austrostipa nodosa,Tdr,Nicol_2008,3
Austrostipa nullanulla,Tdr,Nicol_2008,3
Austrostipa oligostachya,Tdr,Nicol_2008,3
Austrostipa petraea,Tdr,Nicol_2008,3
Austrostipa pilata,Tdr,Nicol_2008,3
Austrostipa platychaeta,Tdr,Nicol_2008,3
Austrostipa plumigera,Tdr,Nicol_2008,3
Austrostipa puberula,Tdr,Nicol_2008,3
Austrostipa pubinodis,Tdr,Nicol_2008,3
Austrostipa scabra group,Tdr,Nicol_2008,3
Austrostipa scabra ssp.,Tdr,Nicol_2008,3
Austrostipa scabra ssp. falcata,Tdr,Nicol_2008,3
Austrostipa scabra ssp. scabra,Tdr,Nicol_2008,3
Austrostipa semibarbata,Tdr,Nicol_2008,3
Austrostipa setacea,Tdr,Nicol_2008,3
Austrostipa sp.,Tdr,Nicol_2008,3
Austrostipa stipoides,Tdr,Nicol_2008,3
Austrostipa stuposa,Tdr,Nicol_2008,3
Austrostipa tenuifolia,Tdr,Nicol_2008,3
Austrostipa trichophylla,Tdr,Nicol_2008,3
Austrostipa tuckeri,Tdr,Nicol_2008,3
Austrostipa velutina,Tdr,Nicol_2008,3
Austrostipa vickeryana,Tdr,Nicol_2008,3
Avena barbata,Tdr,Nicol_2008,3
Avena barbata/fatua,Tdr,Nicol_2008,3
Avena fatua,Tdr,Nicol_2008,3
Avena sativa,Tdr,Nicol_2008,3
Avena sp.,Tdr,Nicol_2008,3
Avena sterilis ssp. ludoviciana,Tdr,Nicol_2008,3
Avicennia marina ssp. australasica,Se,Nicol_2008,3
Avicennia marina ssp. marina,Se,Nicol_2008,3
Avicennia marina(NC),Se,Nicol_2008,3
Azolla filiculoides,ARf,Nicol_2008,3
Azolla pinnata,ARf,Nicol_2008,3
Azolla sp.,ARf,Nicol_2008,3
Banksia formosa,Tdr,Nicol_2008,3
Banksia marginata,Tda,Nicol_2008,3
Banksia ornata,Tdr,Nicol_2008,3
Banksia sp.,Tdr,Nicol_2008,3
Banksia undata var. undata,Tdr,Nicol_2008,3
Bauera rubioides,ATe,Nicol_2008,3
Bauera sessiliflora,ATe,Nicol_2008,3
Baumea acuta,ATe,Nicol_2008,3
Baumea arthrophylla,ATe,Nicol_2008,3
Baumea articulata,ATe,Nicol_2008,3
Baumea gunnii,ATe,Nicol_2008,3
Baumea juncea,ATe,Nicol_2008,3
Baumea laxa,ATe,Nicol_2008,3
Baumea rubiginosa,ATe,Nicol_2008,3
Baumea sp.,ATe,Nicol_2008,3
Baumea tetragona,ATe,Nicol_2008,3
Berula erecta,ATe,Nicol_2008,3
Billardiera bignoniacea,Tdr,Nicol_2008,3
Billardiera cymosa,Tdr,Nicol_2008,3
Billardiera cymosa ssp.,Tdr,Nicol_2008,3
Billardiera cymosa ssp. cymosa,Tdr,Nicol_2008,3
Billardiera cymosa ssp. pseudocymosa,Tdr,Nicol_2008,3
Billardiera cymosa/versicolor,Tdr,Nicol_2008,3
Billardiera heterophylla,Tdr,Nicol_2008,3
Billardiera scandens var. scandens,Tdr,Nicol_2008,3
Billardiera sericophora,Tdr,Nicol_2008,3
Billardiera sp.,Tdr,Nicol_2008,3
Billardiera sp. Yorke Peninsula (P.C.Heyligers 80164),Tdr,Nicol_2008,3
Billardiera uniflora,Tdr,Nicol_2008,3
Billardiera versicolor,Tdr,Nicol_2008,3
Blechnum chambersii,ATe,Nicol_2008,3
Blechnum minus,ATe,Nicol_2008,3
Blechnum minus/wattsii,ATe,Nicol_2008,3
Blechnum nudum,ATe,Nicol_2008,3
Blechnum sp.,ATe,Nicol_2008,3
Blechnum wattsii,ATe,Nicol_2008,3
Bolboschoenus caldwellii,Se,Nicol_2008,3
Bolboschoenus fluviatilis,Se,Nicol_2008,3
Bolboschoenus medianus,Se,Nicol_2008,3
Bolboschoenus sp.,Se,Nicol_2008,3
Boronia parviflora,ATl,Nicol_2008,3
Bossiaea prostrata,Tdr,Nicol_2008,3
Brachycome angustifolia var. angustifolia,Tda,Nicol_2008,3
Brachyloma ciliatum,Tdr,Nicol_2008,3
Brachyloma ericoides ssp.,Tdr,Nicol_2008,3
Brachyloma ericoides ssp. ericoides,Tdr,Nicol_2008,3
Brachyloma sp.,Tdr,Nicol_2008,3
Brachyscome basaltica var. gracilis,Tda,Nicol_2008,3
Brachyscome perpusilla,Tdr,Nicol_2008,3
Briza maxima,Tdr,Nicol_2008,3
Briza minor,Tdr,Nicol_2008,3
Bromus diandrus,Tdr,Nicol_2008,3
Bromus hordeaceus ssp. hordeaceus,Tdr,Nicol_2008,3
Bromus sp.,Tdr,Nicol_2008,3
Brunonia australis,Tdr,Nicol_2008,3
Burchardia umbellata,Tdr,Nicol_2008,3
Bursaria spinosa ssp.,Tdr,Nicol_2008,3
Bursaria spinosa ssp. spinosa,Tdr,Nicol_2008,3
Caesia calliantha,Tdr,Nicol_2008,3
Caladenia argocalla,Tdr,Nicol_2008,3
Caladenia dilatata(NC),Tdr,Nicol_2008,3
Caladenia latifolia,Tda,Nicol_2008,3
Caladenia tentaculata,Tda,Nicol_2008,3
Caleana major,Tdr,Nicol_2008,3
Callistachys lanceolata,Tdr,Nicol_2008,3
Callistemon rugulosus,ATw,Nicol_2008,3
Callistemon rugulosus var. rugulosus,Tdr,Nicol_2008,3
Callistemon sieberi,ATw,Nicol_2008,3
Callistemon sp.,Tdr,Nicol_2008,3
Callitriche sonderi,ARp,Nicol_2008,3
Callitriche sp.,ATl,Nicol_2008,3
Callitriche stagnalis,ARp,Nicol_2008,3
Callitriche umbonata,ARp,Nicol_2008,3
Calochilus robertsonii,Tdr,Nicol_2008,3
Calotis cuneifolia,Tda,Nicol_2008,3
Calotis plumulifera,Tda,Nicol_2008,3
Calotis porphyroglossa,Tda,Nicol_2008,3
Calotis scapigera,Tda,Nicol_2008,3
Calystegia sepium,ATe,Nicol_2008,3
Calystegia sepium,ATe,Nicol_2008,3
Calytrix tetragona,Tdr,Nicol_2008,3
Cardamine tenuifolia,Tda,Nicol_2008,3
Carduus tenuiflorus,Tdr,Nicol_2008,3
Carex appressa,ATe,Nicol_2008,3
Carex breviculmis,ATl,Nicol_2008,3
Carex divisa,ATe,Nicol_2008,3
Carex fascicularis,ATe,Nicol_2008,3
Carex gaudichaudiana,ATe,Nicol_2008,3
Carex gunniana,ATe,Nicol_2008,3
Carex inversa var.,Tda,Nicol_2008,3
Carex sp.,ATe,Nicol_2008,3
Carex tereticaulis,Tda,Nicol_2008,3
Carpobrotus modestus/rossii,Tdr,Nicol_2008,3
Carpobrotus rossii,Tdr,Nicol_2008,3
Carpobrotus rossii,Tdr,Nicol_2008,3
Cassytha glabella f. dispar,Tdr,Nicol_2008,3
Cassytha melantha,Tdr,Nicol_2008,3
Cassytha pubescens,Tdr,Nicol_2008,3
Cassytha sp.,Tdr,Nicol_2008,3
Centaurea calcitrapa,Tda,Nicol_2008,3
Centaurium erythraea,Tda,Nicol_2008,3
Centella asiatica,ARp,Nicol_2008,3
Centella cordifolia,ATe,Nicol_2008,3
Centella cordifolia(NC),ATe,Nicol_2008,3
Centella sp.,ATe,Nicol_2008,3
Centipeda minima,ATl,Nicol_2008,3
Centrolepis aristata,Tdr,Nicol_2008,3
Centrolepis fascicularis,ATl,Nicol_2008,3
Centrolepis sp.,Tdr,Nicol_2008,3
Centrolepis strigosa ssp. strigosa,Tdr,Nicol_2008,3
Cerastium balearicum,Tdr,Nicol_2008,3
Cerastium glomeratum,Tdr,Nicol_2008,3
Ceratophyllum demersum,Sk,Nicol_2008,3
Chamaescilla corymbosa var. corymbosa,Tda,Nicol_2008,3
Chara sp.,Sr,Nicol_2008,3
Cheilanthes austrotenuifolia,Tdr,Nicol_2008,3
Chenopodium auricomum,Tdr,Nicol_2008,3
Chenopodium glaucum,Tda,Nicol_2008,3
Chenopodium nitrariaceum,Tdr,Nicol_2008,3
Choretrum glomeratum,Tdr,Nicol_2008,3
Chorizandra australis,ATe,Nicol_2008,3
Chorizandra enodis,ATe,Nicol_2008,3
Chrysanthemoides monilifera ssp. monilifera,Tdr,Nicol_2008,3
Chrysocephalum baxteri,Tda,Nicol_2008,3
Cicendia filiformis,Tda,Nicol_2008,3
Cirsium sp.,Tdr,Nicol_2008,3
Cirsium vulgare,Tdr,Nicol_2008,3
Cladium procerum,Tda,Nicol_2008,3
Clematis microphylla,Tdr,Nicol_2008,3
Clematis microphylla,Tdr,Nicol_2008,3
Comesperma calymega,Tdr,Nicol_2008,3
Compositae sp.,Tdr,Nicol_2008,3
Conyza albida,Tda,Nicol_2008,3
Conyza bonariensis,Tda,Nicol_2008,3
Conyza sp.,Tdr,Nicol_2008,3
Coprosma repens,Tdr,Nicol_2008,3
Correa aemula,Tdr,Nicol_2008,3
Correa aemula s.str.,Tdr,Nicol_2008,3
Correa calycina,Tdr,Nicol_2008,3
Correa eburnea,Tdr,Nicol_2008,3
Corybas diemenicus(NC),Tdr,Nicol_2008,3
Corybas dilatatus,Tdr,Nicol_2008,3
Cotula australis,ARp,Nicol_2008,3
Cotula coronopifolia,ARp,Nicol_2008,3
Cotula vulgaris var. australasica,Tda,Nicol_2008,3
Craspedia glauca,Tdr,Nicol_2008,3
Crassula closiana,Tdr,Nicol_2008,3
Crassula decumbens var. decumbens,Tdr,Nicol_2008,3
Crassula helmsii,ATl,Nicol_2008,3
Crassula natans var. minus,ATl,Nicol_2008,3
Crassula peduncularis,ATl,Nicol_2008,3
Crassula sp.,Tdr,Nicol_2008,3
Cratystylis conocephala,Tdr,Nicol_2008,3
Crepis foetida ssp. foetida,Tdr,Nicol_2008,3
Cruciferae sp.,Tdr,Nicol_2008,3
Cryptandra hispidula,Tdr,Nicol_2008,3
Cryptostylis subulata,ATe,Nicol_2008,3
Cynara cardunculus ssp. flavescens,Tdr,Nicol_2008,3
Cynodon dactylon,Tdr,Nicol_2008,3
Cynosurus cristatus,Tdr,Nicol_2008,3
Cynosurus echinatus,Tdr,Nicol_2008,3
Cynosurus sp.,Tdr,Nicol_2008,3
Cyperaceae sp.,ATe,Nicol_2008,3
Cyperus albostriatus,ATe,Nicol_2008,3
Cyperus congestus,ATe,Nicol_2008,3
Cyperus difformis,ATe,Nicol_2008,3
Cyperus eragrostis,ATe,Nicol_2008,3
Cyperus exaltatus,ATe,Nicol_2008,3
Cyperus gunnii ssp. gunnii,ATe,Nicol_2008,3
Cyperus gymnocaulos,ATe,Nicol_2008,3
Cyperus hamulosus,ATe,Nicol_2008,3
Cyperus involucratus,ATe,Nicol_2008,3
Cyperus laevigatus,ATe,Nicol_2008,3
Cyperus lhotskyanus,ATe,Nicol_2008,3
Cyperus sanguinolentus,ATe,Nicol_2008,3
Cyperus sp.,ATe,Nicol_2008,3
Cyperus tenellus,ATe,Nicol_2008,3
Cyperus vaginatus,ATe,Nicol_2008,3
Cyperus victoriensis,ATe,Nicol_2008,3
Cyrtostylis reniformis,Tdr,Nicol_2008,3
Cytisus scoparius,Tdr,Nicol_2008,3
Dactylis glomerata,Tdr,Nicol_2008,3
Damasonium minus,ARp,Nicol_2008,3
Danthonia pilosa var.,Tdr,Nicol_2008,3
Danthonia pilosa var. pilosa,Tdr,Nicol_2008,3
Danthonia sp.,Tdr,Nicol_2008,3
Daucus glochidiatus,Tda,Nicol_2008,3
Daviesia arenaria,Tdr,Nicol_2008,3
Daviesia brevifolia,Tdr,Nicol_2008,3
Daviesia leptophylla,Tdr,Nicol_2008,3
Daviesia sp.,Tdr,Nicol_2008,3
Daviesia ulicifolia ssp. incarnata,Tdr,Nicol_2008,3
Daviesia ulicifolia(NC),Tdr,Nicol_2008,3
Deyeuxia densa,Tdr,Nicol_2008,3
Deyeuxia minor,Tdr,Nicol_2008,3
Deyeuxia quadriseta,ATe,Nicol_2008,3
Dianella brevicaulis,Tdr,Nicol_2008,3
Dianella revoluta var.,Tdr,Nicol_2008,3
Dianella revoluta var. revoluta,Tdr,Nicol_2008,3
Dianella revoluta(NC),Tdr,Nicol_2008,3
Dichelachne crinita,Tda,Nicol_2008,3
Dichelachne micrantha,Tdr,Nicol_2008,3
Dichondra repens,Tdr,Nicol_2008,3
Dillwynia cinerascens,Tdr,Nicol_2008,3
Dillwynia hispida,Tdr,Nicol_2008,3
Dillwynia sericea,Tda,Nicol_2008,3
Diplachne fusca,ATe,Nicol_2008,3
Dipodium punctatum(NC),Tdr,Nicol_2008,3
Dipogon lignosus,Tdr,Nicol_2008,3
Disa bracteata,Tdr,Nicol_2008,3
Distichlis distichophylla,Tda,Nicol_2008,3
Diuris brevifolia,Tda,Nicol_2008,3
Diuris longifolia(NC),Tdr,Nicol_2008,3
Diuris orientis,Tda,Nicol_2008,3
Dodonaea viscosa ssp.,Tdr,Nicol_2008,3
Dodonaea viscosa ssp. spatulata,Tdr,Nicol_2008,3
Doodia caudata,ATe,Nicol_2008,3
Drosera auriculata,Tdr,Nicol_2008,3
Drosera binata,Tda,Nicol_2008,3
Drosera macrantha ssp. planchonii,Tdr,Nicol_2008,3
Drosera peltata,Tda,Nicol_2008,3
Drosera peltata,Tda,Nicol_2008,3
Drosera pygmaea,Tda,Nicol_2008,3
Drosera sp.,Tda,Nicol_2008,3
Drosera whittakeri,Tda,Nicol_2008,3
Drosera whittakeri(NC),Tda,Nicol_2008,3
Duma florulenta,ATw,Nicol_2008,3
Echium plantagineum,Tdr,Nicol_2008,3
Eclipta platyglossa,ARp,Nicol_2008,3
Ehrharta calycina,Tda,Nicol_2008,3
Ehrharta longiflora,Tda,Nicol_2008,3
Eichhornia crassipes,ARf,Nicol_2008,3
Elacholoma hornii,Tda,Nicol_2008,3
Elatine gratioloides,ATl,Nicol_2008,3
Eleocharis acuta,ATe,Nicol_2008,3
Eleocharis atricha,ATl,Nicol_2008,3
Eleocharis gracilis,ATl,Nicol_2008,3
Eleocharis pusilla,Se,Nicol_2008,3
Eleocharis sp.,ATe,Nicol_2008,3
Eleocharis sphacelata,Se,Nicol_2008,3
Empodisma minus,ATe,Nicol_2008,3
Enchylaena tomentosa var.,Tdr,Nicol_2008,3
Enchylaena tomentosa var. tomentosa,Tdr,Nicol_2008,3
Epacris impressa,Tdr,Nicol_2008,3
Epilobium billardierianum ssp.,Tdr,Nicol_2008,3
Epilobium billardierianum ssp. billardierianum,Tda,Nicol_2008,3
Epilobium billardierianum ssp. cinereum,Tda,Nicol_2008,3
Epilobium billardierianum ssp. X intermedium,Tda,Nicol_2008,3
Epilobium hirtigerum,Tda,Nicol_2008,3
Epilobium pallidiflorum,Tda,Nicol_2008,3
Epilobium sp.,Tdr,Nicol_2008,3
Eragrostis australasica,ATe,Nicol_2008,3
Eragrostis brownii,Tda,Nicol_2008,3
Eragrostis curvula,Tda,Nicol_2008,3
Eragrostis infecunda,ATe,Nicol_2008,3
Eremophila bignoniiflora,Tdr,Nicol_2008,3
Eremophila divaricata ssp. divaricata,Tdr,Nicol_2008,3
Eremophila polyclada,Tdr,Nicol_2008,3
Erica lusitanica,Tdr,Nicol_2008,3
Erica melanthera,Tdr,Nicol_2008,3
Erica sp.,Tdr,Nicol_2008,3
Eriochilus cucullatus,Tdr,Nicol_2008,3
Erodium sp.,Tdr,Nicol_2008,3
Eryngium plantagineum,ATe,Nicol_2008,3
Eryngium vesiculosum,Se,Nicol_2008,3
Eucalyptus baxteri,ATw,Nicol_2008,3
Eucalyptus camaldulensis ssp.,ATw,Nicol_2008,3
Eucalyptus camaldulensis var. camaldulensis,ATw,Nicol_2008,3
Eucalyptus cosmophylla,Tda,Nicol_2008,3
Eucalyptus dalrympleana ssp. dalrympleana,Tdr,Nicol_2008,3
Eucalyptus diversifolia,Tdr,Nicol_2008,3
Eucalyptus fasciculosa,Tdr,Nicol_2008,3
Eucalyptus largiflorens,ATw,Nicol_2008,3
Eucalyptus leucoxylon(NC),Tdr,Nicol_2008,3
Eucalyptus obliqua,Tdr,Nicol_2008,3
Eucalyptus obliqua var. obliqua(NC),Tdr,Nicol_2008,3
Eucalyptus obliqua var.(NC),Tdr,Nicol_2008,3
Eucalyptus ovata,ATw,Nicol_2008,3
Eucalyptus paludicola,ATw,Nicol_2008,3
Eucalyptus rubida ssp. rubida,Tdr,Nicol_2008,3
Eucalyptus sp.,Tdr,Nicol_2008,3
Eucalyptus viminalis ssp.,Tdr,Nicol_2008,3
Eucalyptus viminalis ssp. viminalis,Tdr,Nicol_2008,3
Euchiton audax,Tdr,Nicol_2008,3
Euchiton collinus,Tdr,Nicol_2008,3
Euchiton ensifer(NC),Tdr,Nicol_2008,3
Euchiton ensifer(NC),Tdr,Nicol_2008,3
Euchiton gymnocephalus(NC),Tdr,Nicol_2008,3
Euchiton involucratus,Tdr,Nicol_2008,3
Euchiton involucratus,Tdr,Nicol_2008,3
Euchiton limosus,Tdr,Nicol_2008,3
Euchiton sp.,Tdr,Nicol_2008,3
Euchiton sphaericus,Tdr,Nicol_2008,3
Euphorbia terracina,Tdr,Nicol_2008,3
Euphrasia collina ssp. osbornii,ATe,Nicol_2008,3
Euryomyrtus ramosissima ssp. ramosissima,Tdr,Nicol_2008,3
Exocarpos cupressiformis,Tdr,Nicol_2008,3
Ferula communis ssp. communis,Tdr,Nicol_2008,3
Festuca arundinacea,Tda,Nicol_2008,3
Ficinia nodosa,ATe,Nicol_2008,3
Foeniculum vulgare,Tda,Nicol_2008,3
Frankenia pauciflora var.,Tda,Nicol_2008,3
Freesia cultivar,Tdr,Nicol_2008,3
Gahnia ancistrophylla,Tda,Nicol_2008,3
Gahnia clarkei,ATe,Nicol_2008,3
Gahnia filum,ATe,Nicol_2008,3
Gahnia sieberiana,ATe,Nicol_2008,3
Gahnia trifida,ATe,Nicol_2008,3
Galenia secunda,Tdr,Nicol_2008,3
Galium murale,Tdr,Nicol_2008,3
Galium sp.,Tdr,Nicol_2008,3
Gastrodia sesamoides,Tdr,Nicol_2008,3
Genista monspessulana,Tdr,Nicol_2008,3
Genoplesium rufum,Tdr,Nicol_2008,3
Geranium potentilloides var. potentilloides,Tdr,Nicol_2008,3
Geranium retrorsum,Tdr,Nicol_2008,3
Geranium solanderi var. solanderi,Tdr,Nicol_2008,3
Geranium sp.,Tdr,Nicol_2008,3
Gladiolus sp.,Tdr,Nicol_2008,3
Gladiolus undulatus,Tdr,Nicol_2008,3
Gleichenia microphylla,ATw,Nicol_2008,3
Glossodia major,Tdr,Nicol_2008,3
Glossostigma cleistanthum,ATl,Nicol_2008,3
Glossostigma diandrum,ATl,Nicol_2008,3
Glossostigma drummondii,ATl,Nicol_2008,3
Glossostigma elatinoides,ATl,Nicol_2008,3
Glyceria australis,ATe,Nicol_2008,3
Glyceria declinata,ATe,Nicol_2008,3
Gnaphalium indutum ssp. indutum,Tda,Nicol_2008,3
Gnaphalium sp.(NC),Tdr,Nicol_2008,3
Gompholobium ecostatum,Tdr,Nicol_2008,3
Gonocarpus mezianus,Tdr,Nicol_2008,3
Gonocarpus micranthus ssp. micranthus,ATl,Nicol_2008,3
Gonocarpus tetragynus,Tdr,Nicol_2008,3
Goodenia blackiana,Tdr,Nicol_2008,3
Goodenia geniculata,Tdr,Nicol_2008,3
Goodenia glauca,Tda,Nicol_2008,3
Goodenia heteromera,Tda,Nicol_2008,3
Goodenia humilis,ARp,Nicol_2008,3
Goodenia ovata,Tda,Nicol_2008,3
Goodenia varia,Tdr,Nicol_2008,3
Gramineae sp.,Tdr,Nicol_2008,3
Gratiola pedunculata,ATl,Nicol_2008,3
Gratiola peruviana,ATl,Nicol_2008,3
Grevillea lavandulacea var. lavandulacea,Tdr,Nicol_2008,3
Grevillea lavandulacea var. sericea,Tdr,Nicol_2008,3
Hakea carinata,ATw,Nicol_2008,3
Hakea rostrata,ATw,Nicol_2008,3
Hakea rugosa,Tda,Nicol_2008,3
Hakea sp.,Tdr,Nicol_2008,3
Haloragis brownii,ARp,Nicol_2008,3
Haloragis heterophylla,Tda,Nicol_2008,3
Helichrysum luteoalbum,Tdr,Nicol_2008,3
Helichrysum scorpioides,Tdr,Nicol_2008,3
Heliotropium curassavicum,Tdr,Nicol_2008,3
Heliotropium europaeum,Tdr,Nicol_2008,3
Helminthotheca echioides,Tdr,Nicol_2008,3
Hibbertia aspera(NC),Tdr,Nicol_2008,3
Hibbertia devitata,Tdr,Nicol_2008,3
Hibbertia empetrifolia ssp. radians,Tdr,Nicol_2008,3
Hibbertia exutiacies,Tdr,Nicol_2008,3
Hibbertia riparia,Tdr,Nicol_2008,3
Hibbertia riparia,Tdr,Nicol_2008,3
Hibbertia riparia (canescens),Tdr,Nicol_2008,3
Hibbertia riparia (glabriuscula),Tdr,Nicol_2008,3
Hibbertia stricta var. stricta,Tdr,Nicol_2008,3
Holcus lanatus,Tdr,Nicol_2008,3
Homeria sp.,Tdr,Nicol_2008,3
Hordeum leporinum,Tdr,Nicol_2008,3
Hyalosperma demissum,Tdr,Nicol_2008,3
Hybanthus floribundus ssp. floribundus,Tdr,Nicol_2008,3
Hydrilla verticillata,Sk,Nicol_2008,3
Hydrocotyle callicarpa,Tdr,Nicol_2008,3
Hydrocotyle hirta,Tda,Nicol_2008,3
Hydrocotyle medicaginoides,Tda,Nicol_2008,3
Hydrocotyle muscosa,ARp,Nicol_2008,3
Hydrocotyle plebeya,ARp,Nicol_2008,3
Hydrocotyle pterocarpa,ARp,Nicol_2008,3
Hydrocotyle sp.,ARp,Nicol_2008,3
Hydrocotyle verticillata,ARp,Nicol_2008,3
Hypericum gramineum,Tdr,Nicol_2008,3
Hypericum japonicum,Tda,Nicol_2008,3
Hypochaeris glabra,Tdr,Nicol_2008,3
Hypochaeris radicata,Tdr,Nicol_2008,3
Hypochaeris sp.,Tdr,Nicol_2008,3
Hypolaena fastigiata,Tda,Nicol_2008,3
Hypolepis rugosula,Tda,Nicol_2008,3
Ilex aquifolium,Tdr,Nicol_2008,3
Imperata cylindrica,Tdr,Nicol_2008,3
Isachne globosa,ATe,Nicol_2008,3
Isoetes drummondii ssp. drummondii,ATl,Nicol_2008,3
Isolepis cernua,ATl,Nicol_2008,3
Isolepis congrua,ATe,Nicol_2008,3
Isolepis fluitans,Sr,Nicol_2008,3
Isolepis hookeriana,ATl,Nicol_2008,3
Isolepis hystrix,ATe,Nicol_2008,3
Isolepis inundata,Se,Nicol_2008,3
Isolepis inundata(NC),Se,Nicol_2008,3
Isolepis marginata,ATl,Nicol_2008,3
Isolepis platycarpa,ATl,Nicol_2008,3
Isolepis producta,ATe,Nicol_2008,3
Isolepis sp.,ATl,Nicol_2008,3
Isolepis stellata,Tda,Nicol_2008,3
Isopogon ceratophyllus,Tda,Nicol_2008,3
Isotoma fluviatilis ssp. australis,ARp,Nicol_2008,3
Ixodia achillaeoides ssp.,Tdr,Nicol_2008,3
Ixodia achillaeoides ssp. achillaeoides,Tdr,Nicol_2008,3
Ixodia achillaeoides ssp. alata,Tdr,Nicol_2008,3
Juncaceae sp.,ATe,Nicol_2008,3
Juncus acutus,ATe,Nicol_2008,3
Juncus amabilis,ATe,Nicol_2008,3
Juncus articulatus,ATe,Nicol_2008,3
Juncus australis,Tda,Nicol_2008,3
Juncus bufonius,Tda,Nicol_2008,3
Juncus bulbosus,ATe,Nicol_2008,3
Juncus caespiticius,ATe,Nicol_2008,3
Juncus capitatus,ATe,Nicol_2008,3
Juncus continuus,ATe,Nicol_2008,3
Juncus effusus,ATe,Nicol_2008,3
Juncus holoschoenus,ATe,Nicol_2008,3
Juncus kraussii,ATe,Nicol_2008,3
Juncus pallidus,ATe,Nicol_2008,3
Juncus pauciflorus,ATe,Nicol_2008,3
Juncus planifolius,ATe,Nicol_2008,3
Juncus prismatocarpus,ATe,Nicol_2008,3
Juncus sarophorus,Tda,Nicol_2008,3
Juncus sp.,ATe,Nicol_2008,3
Juncus subnodulosus,ATe,Nicol_2008,3
Juncus subsecundus,Tda,Nicol_2008,3
Juncus usitatus,Tdr,Nicol_2008,3
Kennedia prostrata,Tdr,Nicol_2008,3
Kunzea pomifera,Tdr,Nicol_2008,3
Lachnagrostis filiformis,ATe,Nicol_2008,3
Lachnagrostis filiformis (NC),ATe,Nicol_2008,3
Lactuca serriola,Tdr,Nicol_2008,3
Lagenophora huegelii,Tdr,Nicol_2008,3
Lagenophora stipitata,Tdr,Nicol_2008,3
Lagurus ovatus,Tdr,Nicol_2008,3
Laxmannia orientalis,Tdr,Nicol_2008,3
Laxmannia sessiliflora(NC),Tdr,Nicol_2008,3
Lemna disperma,ARf,Nicol_2008,3
Lemna sp.,ARf,Nicol_2008,3
Lemna trisulca,ARf,Nicol_2008,3
Leontodon saxatilis,Tdr,Nicol_2008,3
Leontodon taraxacoides(NC),Tdr,Nicol_2008,3
Lepidobolus drapetocoleus,Tdr,Nicol_2008,3
Lepidosperma canescens,Tda,Nicol_2008,3
Lepidosperma carphoides,Tdr,Nicol_2008,3
Lepidosperma concavum,Tdr,Nicol_2008,3
Lepidosperma curtisiae,ATe,Nicol_2008,3
Lepidosperma laterale,ATe,Nicol_2008,3
Lepidosperma laterale(NC),Tdr,Nicol_2008,3
Lepidosperma longitudinale,ATe,Nicol_2008,3
Lepidosperma semiteres,Tda,Nicol_2008,3
Lepidosperma sp.,ATe,Nicol_2008,3
Lepidosperma viscidum,Tdr,Nicol_2008,3
Lepilaena australis,Sr,Nicol_2008,3
Lepilaena bilocularis,Sr,Nicol_2008,3
Lepilaena cylindrocarpa,Sr,Nicol_2008,3
Lepilaena preissii,Sr,Nicol_2008,3
Leptocarpus brownii,ATe,Nicol_2008,3
Leptocarpus tenax,ATe,Nicol_2008,3
Leptoceras menziesii,Tdr,Nicol_2008,3
Leptospermum continentale,ATw,Nicol_2008,3
Leptospermum lanigerum,ATw,Nicol_2008,3
Leptospermum myrsinoides,ATw,Nicol_2008,3
Leptospermum sp.,ATw,Nicol_2008,3
Leucopogon concurvus,Tdr,Nicol_2008,3
Leucopogon hirsutus,Tda,Nicol_2008,3
Leucopogon lanceolatus var. lanceolatus,Tdr,Nicol_2008,3
Leucopogon lanceolatus(NC),Tdr,Nicol_2008,3
Leucopogon rufus,Tdr,Nicol_2008,3
Leucopogon virgatus var. virgatus,Tdr,Nicol_2008,3
Levenhookia pusilla,Tdr,Nicol_2008,3
Lichen sp.,Tdr,Nicol_2008,3
Lilaeopsis polyantha,ATe,Nicol_2008,3
Limonium companyonis,Tda,Nicol_2008,3
Limosella australis,ARp,Nicol_2008,3
Lindsaea linearis,Tda,Nicol_2008,3
Linum marginale,Tdr,Nicol_2008,3
Lobelia anceps,Tda,Nicol_2008,3
Lobelia pedunculata,Tda,Nicol_2008,3
Lobelia sp.,ATe,Nicol_2008,3
Logania recurva,Tdr,Nicol_2008,3
Lolium perenne,Tdr,Nicol_2008,3
Lolium rigidum,Tdr,Nicol_2008,3
Lolium sp.,Tdr,Nicol_2008,3
Lomandra fibrata,Tdr,Nicol_2008,3
Lomandra micrantha ssp.,Tdr,Nicol_2008,3
Lomandra micrantha ssp. micrantha,Tdr,Nicol_2008,3
Lomandra micrantha ssp. tuberculata,Tdr,Nicol_2008,3
Lomandra multiflora ssp. dura,Tda,Nicol_2008,3
Lomandra sororia,Tda,Nicol_2008,3
Lomandra sp.,Tdr,Nicol_2008,3
Lotus sp.,Tdr,Nicol_2008,3
Lotus subbiflorus,Tdr,Nicol_2008,3
Lotus uliginosus,Tdr,Nicol_2008,3
Lotus uliginosus,Tdr,Nicol_2008,3
Ludwigia peploides ssp. montevidensis,ARp,Nicol_2008,3
Lunularia cruciata,ATl,Nicol_2008,3
Luzula meridionalis,Tdr,Nicol_2008,3
Lycium ferocissimum,Tdr,Nicol_2008,3
Lycopodiella lateralis,ATl,Nicol_2008,3
Lycopodiella serpentina,ATl,Nicol_2008,3
Lycopus australis,ATe,Nicol_2008,3
Lysiana exocarpi ssp. exocarpi,Tdr,Nicol_2008,3
Lythrum hyssopifolia,ATe,Nicol_2008,3
Lythrum junceum,ATe,Nicol_2008,3
Lythrum salicaria,ATe,Nicol_2008,3
Lythrum sp.,ATe,Nicol_2008,3
Malva parviflora,Tdr,Nicol_2008,3
Marianthus bignoniaceus,Tdr,Nicol_2008,3
Marsilea costulifera,ARp,Nicol_2008,3
Marsilea drummondii,ARp,Nicol_2008,3
Marsilea drummondii,ARp,Nicol_2008,3
Marsilea hirsuta,ARp,Nicol_2008,3
Marsilea mutica,ARp,Nicol_2008,3
Marsilea sp.,ARp,Nicol_2008,3
Medicago arabica,Tdr,Nicol_2008,3
Melaleuca brevifolia,ATw,Nicol_2008,3
Melaleuca decussata,ATw,Nicol_2008,3
Melaleuca halmaturorum,ATw,Nicol_2008,3
Melaleuca squamea,ATw,Nicol_2008,3
Melaleuca squarrosa,ATw,Nicol_2008,3
Melilotus indicus,Tdr,Nicol_2008,3
Mentha australis,Tda,Nicol_2008,3
Mentha diemenica,ATl,Nicol_2008,3
Mentha diemenica,ATl,Nicol_2008,3
Mentha pulegium,Tda,Nicol_2008,3
Mentha sp.,Tda,Nicol_2008,3
Mentha X piperita var. citrata,Tdr,Nicol_2008,3
Mentha X piperita var. piperita,Tdr,Nicol_2008,3
Micrantheum demissum,Tdr,Nicol_2008,3
Microlaena stipoides var. stipoides,Tdr,Nicol_2008,3
Microlaena stipoides(NC),Tdr,Nicol_2008,3
Microtis atrata,Tdr,Nicol_2008,3
Microtis parviflora,Tdr,Nicol_2008,3
Microtis parviflora,Tda,Nicol_2008,3
Microtis rara,Tda,Nicol_2008,3
Microtis rara,Tda,Nicol_2008,3
Microtis sp.,Tda,Nicol_2008,3
Microtis unifolia,Tdr,Nicol_2008,3
Microtis unifolia,Tdr,Nicol_2008,3
Microtis unifolia complex,Tdr,Nicol_2008,3
Microtis unifolia(NC),Tdr,Nicol_2008,3
Millotia tenuifolia var. tenuifolia,Tdr,Nicol_2008,3
Mimulus moschatus,ARp,Nicol_2008,3
Mimulus prostratus,ATl,Nicol_2008,3
Mimulus repens,ATl,Nicol_2008,3
Minuria integerrima,Tda,Nicol_2008,3
Moenchia erecta,Tdr,Nicol_2008,3
Monachather paradoxus,Tdr,Nicol_2008,3
Montia australasica,Tda,Nicol_2008,3
Montia fontana ssp. chondrosperma,Tdr,Nicol_2008,3
Moraea flaccida,Tdr,Nicol_2008,3
Moss sp.,ATl,Nicol_2008,3
Muehlenbeckia gunnii,Tdr,Nicol_2008,3
Myoporum insulare,Tdr,Nicol_2008,3
Myoporum viscosum,Tdr,Nicol_2008,3
Myoporum viscosum,Tdr,Nicol_2008,3
Myriophyllum amphibium,ARp,Nicol_2008,3
Myriophyllum aquaticum,ARp,Nicol_2008,3
Myriophyllum caput-medusae,ARp,Nicol_2008,3
Myriophyllum crispatum,ARp,Nicol_2008,3
Myriophyllum integrifolium,ATl,Nicol_2008,3
Myriophyllum muelleri,ARp,Nicol_2008,3
Myriophyllum papillosum,ARp,Nicol_2008,3
Myriophyllum salsugineum,ARp,Nicol_2008,3
Myriophyllum simulans,ARp,Nicol_2008,3
Myriophyllum sp.,ARp,Nicol_2008,3
Myriophyllum variifolium,ARp,Nicol_2008,3
Myriophyllum verrucosum,ARp,Nicol_2008,3
Myrsiphyllum asparagoides,Tdr,Nicol_2008,3
Najas tenuifolia,Sk,Nicol_2008,3
Neurachne alopecuroidea,Tdr,Nicol_2008,3
Nicotiana glauca,Tdr,Nicol_2008,3
Nitella sp.,Sr,Nicol_2008,3
Nitella sp.,Sr,Nicol_2008,3
Nitraria billardierei,Tda,Nicol_2008,3
Nymphaea alba,ARf,Nicol_2008,3
Nymphoides crenata,ARf,Nicol_2008,3
Olea europaea ssp.,Tdr,Nicol_2008,3
Olea europaea ssp. europaea,Tdr,Nicol_2008,3
Olearia glandulosa,Tda,Nicol_2008,3
Olearia grandiflora,Tdr,Nicol_2008,3
Olearia ramulosa,Tdr,Nicol_2008,3
Olearia sp.,Tdr,Nicol_2008,3
Olearia teretifolia,Tdr,Nicol_2008,3
Onopordum acanthium,Tdr,Nicol_2008,3
Opercularia sp.,Tdr,Nicol_2008,3
Opercularia turpis,Tdr,Nicol_2008,3
Opercularia varia,Tdr,Nicol_2008,3
Ornithopus compressus,Tdr,Nicol_2008,3
Orthoceras strictum,Tdr,Nicol_2008,3
Ottelia ovalifolia ssp. ovalifolia,ARf,Nicol_2008,3
Oxalis corniculata ssp. corniculata,Tdr,Nicol_2008,3
Oxalis perennans,Tdr,Nicol_2008,3
Oxalis perennans,Tdr,Nicol_2008,3
Oxalis pes-caprae,Tdr,Nicol_2008,3
Paracaleana minor,Tdr,Nicol_2008,3
Paspalum dilatatum,Tda,Nicol_2008,3
Paspalum distichum,Tda,Nicol_2008,3
Paspalum vaginatum,ATe,Nicol_2008,3
Patersonia fragilis,Tda,Nicol_2008,3
Patersonia occidentalis,ATe,Nicol_2008,3
Pelargonium littorale,Tdr,Nicol_2008,3
Pelargonium sp.,Tdr,Nicol_2008,3
Pennisetum sp.,Tda,Nicol_2008,3
Persicaria decipiens,ARp,Nicol_2008,3
Persicaria decipiens,ARp,Nicol_2008,3
Persicaria lapathifolia,ARp,Nicol_2008,3
Persicaria orientalis,ARp,Nicol_2008,3
Persicaria praetermissa,ARp,Nicol_2008,3
Persicaria prostrata,Tda,Nicol_2008,3
Persoonia juniperina,Tdr,Nicol_2008,3
Petalostylis sp.,ARp,Nicol_2008,3
Phalaris aquatica,ATe,Nicol_2008,3
Phalaris arundinacea,ATe,Nicol_2008,3
Phalaris canariensis,ATe,Nicol_2008,3
Phalaris minor,ATe,Nicol_2008,3
Phalaris paradoxa,ATe,Nicol_2008,3
Phalaris sp.,ATe,Nicol_2008,3
Phragmites australis,Se,Nicol_2008,3
Phylloglossum drummondii,Tda,Nicol_2008,3
Physalis peruviana,Tdr,Nicol_2008,3
Phytophthora cinnamoni,Tdr,Nicol_2008,3
Picris sp.,Tdr,Nicol_2008,3
Pilularia novae-hollandiae,ATl,Nicol_2008,3
Pimelea flava ssp.,Tdr,Nicol_2008,3
Pimelea glauca,Tdr,Nicol_2008,3
Pimelea humilis,Tdr,Nicol_2008,3
Pimelea linifolia ssp. linifolia,Tdr,Nicol_2008,3
Pimelea octophylla,Tdr,Nicol_2008,3
Pimelea phylicoides,Tdr,Nicol_2008,3
Pimelea stricta,Tdr,Nicol_2008,3
Pinus halepensis,Tdr,Nicol_2008,3
Pinus radiata,Tdr,Nicol_2008,3
Plantago coronopus ssp.,Tdr,Nicol_2008,3
Plantago coronopus ssp. coronopus,Tdr,Nicol_2008,3
Plantago lanceolata var.,Tdr,Nicol_2008,3
Plantago lanceolata var. lanceolata,Tdr,Nicol_2008,3
Plantago major,Tda,Nicol_2008,3
Plantago sp.,Tdr,Nicol_2008,3
Platylobium obtusangulum,Tdr,Nicol_2008,3
Platysace heterophylla var.,Tdr,Nicol_2008,3
Platysace heterophylla var. heterophylla,Tdr,Nicol_2008,3
Poa annua,Tdr,Nicol_2008,3
Poa annua,Tdr,Nicol_2008,3
Poa clelandii,Tdr,Nicol_2008,3
Poa crassicaudex,Tdr,Nicol_2008,3
Poa fordeana,Tda,Nicol_2008,3
Poa labillardieri var. labillardieri,Tda,Nicol_2008,3
Poa poiformis var. poiformis,Tdr,Nicol_2008,3
Poa sp.,Tdr,Nicol_2008,3
Poa tenera,Tdr,Nicol_2008,3
Poa umbricola,Tdr,Nicol_2008,3
Pogonolepis muelleriana,Tda,Nicol_2008,3
Polygonaceae sp.,Tdr,Nicol_2008,3
Polygonum aviculare,Tdr,Nicol_2008,3
Polygonum aviculare,Tdr,Nicol_2008,3
Polygonum plebeium,Tda,Nicol_2008,3
Polypogon monspeliensis,Tda,Nicol_2008,3
Poranthera huegelii,Tdr,Nicol_2008,3
Poranthera microphylla,Tdr,Nicol_2008,3
Poranthera microphylla,Tdr,Nicol_2008,3
Portulaca oleracea,Tdr,Nicol_2008,3
Potamogeton crispus,Sk,Nicol_2008,3
Potamogeton ochreatus,Sk,Nicol_2008,3
Potamogeton pectinatus,Sk,Nicol_2008,3
Potamogeton sp.,Sk,Nicol_2008,3
Potamogeton tepperi,Sk,Nicol_2008,3
Potamogeton tricarinatus,ARp,Nicol_2008,3
Potentilla sp.,Tdr,Nicol_2008,3
Prasophyllum australe,Tda,Nicol_2008,3
Prasophyllum frenchii,Tdr,Nicol_2008,3
Prasophyllum frenchii,Tda,Nicol_2008,3
Prasophyllum pallidum,Tdr,Nicol_2008,3
Pratia pedunculata,Tda,Nicol_2008,3
Prunella vulgaris,Tda,Nicol_2008,3
Pseudoraphis spinescens,ATe,Nicol_2008,3
Pteridium esculentum ssp. esculentum,Tdr,Nicol_2008,3
Pteris tremula,Tdr,Nicol_2008,3
Pterostylis furcata,Tdr,Nicol_2008,3
Pterostylis nana,Tdr,Nicol_2008,3
Pterostylis nutans,Tdr,Nicol_2008,3
Pterostylis pedunculata,Tdr,Nicol_2008,3
Pterostylis sp.,Tdr,Nicol_2008,3
Pterostylis sp.(NC),Tdr,Nicol_2008,3
Pterostylis uliginosa,Tdr,Nicol_2008,3
Pterostylis X ingens,Tdr,Nicol_2008,3
Pultenaea acerosa,Tdr,Nicol_2008,3
Pultenaea canaliculata var.,Tdr,Nicol_2008,3
Pultenaea canaliculata var. canaliculata,Tdr,Nicol_2008,3
Pultenaea daphnoides,Tdr,Nicol_2008,3
Pultenaea dentata,Tda,Nicol_2008,3
Pultenaea involucrata,Tdr,Nicol_2008,3
Pultenaea largiflorens,Tdr,Nicol_2008,3
Pultenaea laxiflora,Tda,Nicol_2008,3
Pultenaea pedunculata,Tdr,Nicol_2008,3
Pultenaea scabra,Tdr,Nicol_2008,3
Pultenaea trinervis,Tda,Nicol_2008,3
Pultenaea viscidula,Tdr,Nicol_2008,3
Ranunculus amphitrichus,ARp,Nicol_2008,3
Ranunculus flammula,ARp,Nicol_2008,3
Ranunculus inundatus,ARp,Nicol_2008,3
Ranunculus lappaceus,Tdr,Nicol_2008,3
Ranunculus muricatus,ATe,Nicol_2008,3
Ranunculus pachycarpus,Tdr,Nicol_2008,3
Ranunculus papulentus,ATl,Nicol_2008,3
Ranunculus repens,ATe,Nicol_2008,3
Ranunculus sceleratus ssp. sceleratus,ARp,Nicol_2008,3
Ranunculus sessiliflorus var.,Tda,Nicol_2008,3
Ranunculus sp.,ARp,Nicol_2008,3
Ranunculus trichophyllus,ARp,Nicol_2008,3
Ranunculus trilobus,ARp,Nicol_2008,3
Rhagodia candolleana ssp.,Tdr,Nicol_2008,3
Rhamnus alaternus,Tdr,Nicol_2008,3
Romulea rosea var. australis,Tdr,Nicol_2008,3
Romulea sp.,Tdr,Nicol_2008,3
Rorippa laciniata,Tda,Nicol_2008,3
Rorippa microphylla,Se,Nicol_2008,3
Rorippa nasturtium-aquaticum,ATl,Nicol_2008,3
Rorippa palustris,Tda,Nicol_2008,3
Rosa canina,Tdr,Nicol_2008,3
Rosa rubiginosa,Tdr,Nicol_2008,3
Rosa sp.,Tdr,Nicol_2008,3
Rubus discolor,ATw,Nicol_2008,3
Rubus fruticosus(NC),Tda,Nicol_2008,3
Rubus parvifolius,Tdr,Nicol_2008,3
Rubus sp.,ATw,Nicol_2008,3
Rubus ulmifolius var. anoplothyrsus,ATw,Nicol_2008,3
Rubus ulmifolius var. ulmifolius,ATw,Nicol_2008,3
Rubus ulmifolius var. ulmifolius,ATw,Nicol_2008,3
Rumex bidens,ARp,Nicol_2008,3
Rumex brownii,Tdr,Nicol_2008,3
Rumex conglomeratus,ARp,Nicol_2008,3
Rumex crispus,ARp,Nicol_2008,3
Rumex crystallinus,ARp,Nicol_2008,3
Rumex obtusifolius,Tdr,Nicol_2008,3
Rumex pulcher ssp. pulcher,Tdr,Nicol_2008,3
Rumex sp.,Tda,Nicol_2008,3
Rumex tenax,Tda,Nicol_2008,3
Rumex X pratensis,ARp,Nicol_2008,3
Ruppia maritima,Sk,Nicol_2008,3
Ruppia megacarpa,Sk,Nicol_2008,3
Ruppia polycarpa,Sr,Nicol_2008,3
Ruppia tuberosa,Sr,Nicol_2008,3
Rytidosperma auriculatum,Tdr,Nicol_2008,3
Rytidosperma caespitosum,Tdr,Nicol_2008,3
Rytidosperma carphoides,Tdr,Nicol_2008,3
Rytidosperma clelandii,Tdr,Nicol_2008,3
Rytidosperma duttonianum,Tdr,Nicol_2008,3
Rytidosperma erianthum,Tdr,Nicol_2008,3
Rytidosperma fulvum,Tdr,Nicol_2008,3
Rytidosperma geniculatum,Tdr,Nicol_2008,3
Rytidosperma indutum,Tdr,Nicol_2008,3
Rytidosperma laeve,Tdr,Nicol_2008,3
Rytidosperma pilosum,Tdr,Nicol_2008,3
Rytidosperma racemosum var. racemosum,Tdr,Nicol_2008,3
Rytidosperma richardsonii,Tdr,Nicol_2008,3
Rytidosperma semiannulare,Tda,Nicol_2008,3
Rytidosperma setaceum,Tdr,Nicol_2008,3
Rytidosperma sp.,Tdr,Nicol_2008,3
Rytidosperma tenuius,Tdr,Nicol_2008,3
Sagittaria platyphylla,Se,Nicol_2008,3
Salix babylonica,Se,Nicol_2008,3
Salix babylonica,Se,Nicol_2008,3
Salix discolor,Se,Nicol_2008,3
Salix x rubens,Se,Nicol_2008,3
Salix X rubens,Se,Nicol_2008,3
Samolus repens,Tda,Nicol_2008,3
Sarcocornia blackiana,Tda,Nicol_2008,3
Sarcocornia quinqueflora,Tda,Nicol_2008,3
Scabiosa atropurpurea,Tdr,Nicol_2008,3
Scaevola aemula,Tdr,Nicol_2008,3
Scaevola albida,Tdr,Nicol_2008,3
Scaevola albida var.(NC),Tdr,Nicol_2008,3
Schinus molle,Tdr,Nicol_2008,3
Schizaea bifida,Tda,Nicol_2008,3
Schizaea fistulosa,Tda,Nicol_2008,3
Schoenoplectus dissachanthus,ATe,Nicol_2008,3
Schoenoplectus pungens,ATe,Nicol_2008,3
Schoenoplectus subulatus,ATe,Nicol_2008,3
Schoenoplectus validus,Se,Nicol_2008,3
Schoenus apogon,ATe,Nicol_2008,3
Schoenus breviculmis,Tdr,Nicol_2008,3
Schoenus carsei,ATe,Nicol_2008,3
Schoenus discifer,ATe,Nicol_2008,3
Schoenus fluitans,ATe,Nicol_2008,3
Schoenus laevigatus,ATe,Nicol_2008,3
Schoenus latelaminatus,ATe,Nicol_2008,3
Schoenus lepidosperma ssp. lepidosperma,ATe,Nicol_2008,3
Schoenus maschalinus,ATe,Nicol_2008,3
Schoenus nitens,ATl,Nicol_2008,3
Schoenus racemosus,ATe,Nicol_2008,3
Schoenus sp.,ATe,Nicol_2008,3
Schoenus tesquorum,ATe,Nicol_2008,3
Selliera radicans,ARp,Nicol_2008,3
Senecio behrianus,Tda,Nicol_2008,3
Senecio glomeratus,Tda,Nicol_2008,3
Senecio glomeratus ssp. glomeratus,Tda,Nicol_2008,3
Senecio hispidulus var. hispidulus,Tda,Nicol_2008,3
Senecio lautus,Tdr,Nicol_2008,3
Senecio minimus,Tda,Nicol_2008,3
Senecio odoratus,Tdr,Nicol_2008,3
Senecio odoratus var.,Tdr,Nicol_2008,3
Senecio odoratus var. longifolius,Tdr,Nicol_2008,3
Senecio odoratus var. obtusifolius,Tdr,Nicol_2008,3
Senecio odoratus var. odoratus,Tdr,Nicol_2008,3
Senecio picridioides,Tdr,Nicol_2008,3
Senecio pterophorus,Tdr,Nicol_2008,3
Senecio quadridentatus,Tdr,Nicol_2008,3
Senecio runcinifolius,Tda,Nicol_2008,3
Senecio sp.,Tdr,Nicol_2008,3
Senecio tenuiflorus,Tdr,Nicol_2008,3
Setaria basiclada,Tdr,Nicol_2008,3
Sherardia arvensis,Tdr,Nicol_2008,3
Sigesbeckia orientalis ssp. orientalis,Tdr,Nicol_2008,3
Silene gallica var. gallica(NC),Tdr,Nicol_2008,3
Siloxerus multiflorus,Tdr,Nicol_2008,3
Silybum marianum,Tda,Nicol_2008,3
Solanum aviculare,Tdr,Nicol_2008,3
Solanum laciniatum,Tda,Nicol_2008,3
Solanum nigrum,Tda,Nicol_2008,3
Sonchus asper ssp. asper,Tdr,Nicol_2008,3
Sonchus hydrophilus,Tda,Nicol_2008,3
Sonchus oleraceus,Tda,Nicol_2008,3
Sonchus oleraceus,Tda,Nicol_2008,3
Sonchus sp.,Tda,Nicol_2008,3
Sparaxis bulbifera,Tdr,Nicol_2008,3
Spergularia marina,ATe,Nicol_2008,3
Spergularia marina,ATe,Nicol_2008,3
Sphaerolobium minus,Tda,Nicol_2008,3
Sphagnum novo-zelandicum,ATl,Nicol_2008,3
Spinifex sericeus,Tdr,Nicol_2008,3
Spiranthes sinensis ssp. australis,Tda,Nicol_2008,3
Spirodela punctata,ARf,Nicol_2008,3
Sporobolus virginicus,Tda,Nicol_2008,3
Sprengelia incarnata,ATw,Nicol_2008,3
Spyridium coactilifolium,Tdr,Nicol_2008,3
Spyridium spathulatum,Tdr,Nicol_2008,3
Spyridium thymifolium,Tda,Nicol_2008,3
Stackhousia aspericocca ssp.,Tda,Nicol_2008,3
Stackhousia aspericocca ssp. Cylindrical inflorescence (W.R.Barker 1418),Tdr,Nicol_2008,3
Stackhousia aspericocca ssp. One-sided inflorescence (W.R.Barker 697),Tdr,Nicol_2008,3
Stackhousia aspericocca(NC),Tdr,Nicol_2008,3
Stackhousia monogyna,Tdr,Nicol_2008,3
Stackhousia sp.,Tdr,Nicol_2008,3
Stellaria angustifolia,Tda,Nicol_2008,3
Stellaria media,Tda,Nicol_2008,3
Stipa neesiana var. neesiana,Tdr,Nicol_2008,3
Stylidium calcaratum,Tdr,Nicol_2008,3
Stylidium graminifolium,Tdr,Nicol_2008,3
Stylidium graminifolium,Tdr,Nicol_2008,3
Stylidium inundatum,Tda,Nicol_2008,3
Styphelia exarrhena,Tdr,Nicol_2008,3
Suaeda australis,ATe,Nicol_2008,3
Swainsona greyana,Tda,Nicol_2008,3
Swainsona procumbens,ATl,Nicol_2008,3
Tetraria capillaris,ATe,Nicol_2008,3
Tetratheca pilosa ssp. pilosa,Tdr,Nicol_2008,3
Thelymitra antennifera,Tdr,Nicol_2008,3
Thelymitra canaliculata,Tdr,Nicol_2008,3
Thelymitra cyanea,Tdr,Nicol_2008,3
Thelymitra holmesii,Tda,Nicol_2008,3
Thelymitra holmesii,Tda,Nicol_2008,3
Thelymitra ixioides,Tdr,Nicol_2008,3
Thelymitra juncifolia,Tdr,Nicol_2008,3
Thelymitra mucida,Tdr,Nicol_2008,3
Thelymitra nuda,Tdr,Nicol_2008,3
Thelymitra nuda,Tdr,Nicol_2008,3
Thelymitra pauciflora,Tdr,Nicol_2008,3
Thelymitra pauciflora,Tdr,Nicol_2008,3
Thelymitra sp.,Tdr,Nicol_2008,3
Themeda triandra,Tdr,Nicol_2008,3
Thysanotus patersonii,Tdr,Nicol_2008,3
Thysanotus racemoides,Tdr,Nicol_2008,3
Todea barbara,ATe,Nicol_2008,3
Trachymene sp.,Tdr,Nicol_2008,3
Tricoryne elatior,Tdr,Nicol_2008,3
Tricoryne elatior(NC),Tdr,Nicol_2008,3
Tricoryne tenella,Tdr,Nicol_2008,3
Trifolium campestre,Tdr,Nicol_2008,3
Trifolium cernuum,Tdr,Nicol_2008,3
Trifolium dubium,Tdr,Nicol_2008,3
Trifolium fragiferum var.,Tda,Nicol_2008,3
Trifolium fragiferum var. fragiferum,Tda,Nicol_2008,3
Trifolium glomeratum,Tdr,Nicol_2008,3
Trifolium repens,Tda,Nicol_2008,3
Trifolium sp.,Tdr,Nicol_2008,3
Trifolium subterraneum,Tdr,Nicol_2008,3
Triglochin alcockiae,Se,Nicol_2008,3
Triglochin centrocarpum,Se,Nicol_2008,3
Triglochin procera,Se,Nicol_2008,3
Triglochin procerum var. procerum(NC),Se,Nicol_2008,3
Triglochin striata,Tda,Nicol_2008,3
Typha domingensis,Se,Nicol_2008,3
Typha orientalis,Se,Nicol_2008,3
Ulex europaeus,Tdr,Nicol_2008,3
Urtica urens,Tda,Nicol_2008,3
Utricularia australis,ARf,Nicol_2008,3
Utricularia dichotoma,ATl,Nicol_2008,3
Utricularia dichotoma,ATl,Nicol_2008,3
Utricularia dichotoma(NC),ATl,Nicol_2008,3
Utricularia lateriflora,Tda,Nicol_2008,3
Vellereophyton dealbatum,Tdr,Nicol_2008,3
Veronica arvensis,Tdr,Nicol_2008,3
Vicia monantha,Tdr,Nicol_2008,3
Vicia sativa ssp.,Tdr,Nicol_2008,3
Vicia sativa ssp. nigra,Tdr,Nicol_2008,3
Vicia sativa ssp. sativa,Tdr,Nicol_2008,3
Vicia sp.,Tdr,Nicol_2008,3
Villarsia reniformis,ARp,Nicol_2008,3
Villarsia sp.,ARp,Nicol_2008,3
Villarsia umbricola var.,ARp,Nicol_2008,3
Villarsia umbricola var. umbricola,ARp,Nicol_2008,3
Viminaria juncea,ATw,Nicol_2008,3
Viola cleistogamoides,Tdr,Nicol_2008,3
Viola hederacea,Tda,Nicol_2008,3
Viola hederacea,Tda,Nicol_2008,3
Viola sieberiana,Tdr,Nicol_2008,3
Vulpia bromoides,Tdr,Nicol_2008,3
Vulpia myuros f.,Tdr,Nicol_2008,3
Vulpia myuros f. myuros,Tdr,Nicol_2008,3
Vulpia sp.,Tdr,Nicol_2008,3
Wahlenbergia fluminalis,Tda,Nicol_2008,3
Wahlenbergia gracilenta,Tdr,Nicol_2008,3
Wahlenbergia multicaulis,Tdr,Nicol_2008,3
Wahlenbergia sp.,Tdr,Nicol_2008,3
Wahlenbergia stricta ssp. stricta,Tdr,Nicol_2008,3
Watsonia meriana cv. Bulbillifera,Tdr,Nicol_2008,3
Watsonia sp.,Tdr,Nicol_2008,3
Wilsonia backhousei,Tda,Nicol_2008,3
Wilsonia humilis,Tda,Nicol_2008,3
Wilsonia rotundifolia,Tda,Nicol_2008,3
Wolffia angusta,ARf,Nicol_2008,3
Wolffia australiana,ARf,Nicol_2008,3
Xanthorrhoea semiplana ssp.,Tdr,Nicol_2008,3
Xanthorrhoea semiplana ssp. semiplana,Tdr,Nicol_2008,3
Xanthorrhoea semiplana ssp. tateana,Tdr,Nicol_2008,3
Xanthorrhoea sp.,Tdr,Nicol_2008,3
Xanthosia huegelii,Tdr,Nicol_2008,3
Xanthosia tasmanica,Tdr,Nicol_2008,3
Xerochrysum bracteatum,Tdr,Nicol_2008,3
Xyris operculata,ATe,Nicol_2008,3
Zantedeschia aethiopica,ARp,Nicol_2008,3
Azolla filiculoides,ARf,Casanova_2011,4
Batrachium trichophyllum,Sr,Casanova_2011,4
Callitriche stagnalis,ARp,Casanova_2011,4
Ceratophyllum demersum,Sk,Casanova_2011,4
Chara contraria var. behriana,Sr,Casanova_2011,4
Chara contraria var. gymnophylla,Sr,Casanova_2011,4
Chara fibrosa,Sr,Casanova_2011,4
Chara globularis,Sr,Casanova_2011,4
Chara muelleri,Sr,Casanova_2011,4
Chara virgata,Sr,Casanova_2011,4
Chara vulgaris,Sk,Casanova_2011,4
Cotula coronopifolia,ARp,Casanova_2011,4
Crassula helmsii,ARp,Casanova_2011,4
Elatine gratioloides,ARp,Casanova_2011,4
Eleocharis acuta,ATe,Casanova_2011,4
Eleocharis pusilla,ATe,Casanova_2011,4
Eucalyptus camaldulensis,ATw,Casanova_2011,4
Gratiola peruviana,Tda,Casanova_2011,4
Hydrocotyle verticillata,ATl,Casanova_2011,4
Isolepis inundata,ARp,Casanova_2011,4
Lamprothamnium macropogon,Sk,Casanova_2011,4
Lamprothamnium succinctum,Sr,Casanova_2011,4
Lemna disperma,ARf,Casanova_2011,4
Lepilaena australis,Sr,Casanova_2011,4
Lepilaena cylindrocarpa,Sr,Casanova_2011,4
Marsilea drummondii,ARf,Casanova_2011,4
Myriophyllum caput-medusae,ARp,Casanova_2011,4
Myriophyllum muelleri,ARp,Casanova_2011,4
Myriophyllum verrucosum,ARp,Casanova_2011,4
Nitella hyalina,Sk,Casanova_2011,4
Nitella sp.cf. leptostachys,Sr,Casanova_2011,4
Ottelia ovalifolia,ARf,Casanova_2011,4
Phragmites australis,Se,Casanova_2011,4
Potamogeton crispus,Sk,Casanova_2011,4
Potamogeton ochreatus,Sk,Casanova_2011,4
Potamogeton tricarinatus,ARp,Casanova_2011,4
Ranunculus amphitrichus,ATe,Casanova_2011,4
Rorippa nasturtium-aquaticum,ATl,Casanova_2011,4
Ruppia maritima,Sk,Casanova_2011,4
Ruppia polycarpa,Sr,Casanova_2011,4
Stuckenia pectinata,Sk,Casanova_2011,4
Tolypella intricata,Sr,Casanova_2011,4
Triglochin procerum,Se,Casanova_2011,4
Typha spp,Se,Casanova_2011,4
Vallisneria spiralis var. americana,Sk,Casanova_2011,4
Zannichellia pallustris,Sr,Casanova_2011,4
Allittia cardiocarpa,ATe,Casanova_2014,5
Amphibromus macrorhinus,ATe,Casanova_2014,5
Amphibromus nervosus,ATe,Casanova_2014,5
Apium annuum,Tdr,Casanova_2014,5
Azolla filiculoides,ARf,Casanova_2014,5
Batrachium trichophyllum,Sr,Casanova_2014,5
Brachyscome graminea,Tdr,Casanova_2014,5
Callitriche hamulata,ATl,Casanova_2014,5
Carex appressa,ATe,Casanova_2014,5
Carex bichenoviana,ATe,Casanova_2014,5
Centaurium spicatum,Tdr,Casanova_2014,5
Centrolepis glabra,Tda,Casanova_2014,5
Chara gymnopitys,Sr,Casanova_2014,5
Chara muelleri,Sr,Casanova_2014,5
Chara sp. aff. muelleri,Sr,Casanova_2014,5
Cirsium vulgare,Tdr,Casanova_2014,5
Craspedia paludicola,ATe,Casanova_2014,5
Crassula helmsii,ARp,Casanova_2014,5
Crassula natans,ATl,Casanova_2014,5
Cyperus gymnocaulos,Tda,Casanova_2014,5
Cyperus lhotskyanus,ATe,Casanova_2014,5
Cyperus lucidus,ATe,Casanova_2014,5
Danthonia duttoniana,Tda,Casanova_2014,5
Danthonia geniculata,Tdr,Casanova_2014,5
Elatine gratioloides,ATl,Casanova_2014,5
Eleocharis acuta,ATe,Casanova_2014,5
Eleocharis pusilla,ATl,Casanova_2014,5
Epilobium billardierianum subsp. intermedium,Tda,Casanova_2014,5
Eragrostis infecunda,ATe,Casanova_2014,5
Eryngium ovinum,Tda,Casanova_2014,5
Eucalyptus camaldulensis,ATw,Casanova_2014,5
Glyceria australis,ATe,Casanova_2014,5
Gratiola peruviana,Tda,Casanova_2014,5
Haloragis heterophylla,Tda,Casanova_2014,5
Hypericum gramineum,Tda,Casanova_2014,5
Hypoxis glabella var. glabella,Tda,Casanova_2014,5
Isolepis cernua,ATl,Casanova_2014,5
Isolepis hystrix,Tda,Casanova_2014,5
Isolepis inundata,ARp,Casanova_2014,5
Isolepis platycarpa,ATe,Casanova_2014,5
Isotoma fluviatilis,ATl,Casanova_2014,5
Juncus bufonius,Tda,Casanova_2014,5
Juncus holoschoenus,ATe,Casanova_2014,5
Juncus kraussii subsp. australiensis,ATe,Casanova_2014,5
Juncus microcephalus,ATe,Casanova_2014,5
Juncus pauciflorus,ATe,Casanova_2014,5
Juncus subsecundus,Tda,Casanova_2014,5
Lachnagrostis filiformis,ATe,Casanova_2014,5
Lemna trisulca,ARf,Casanova_2014,5
Limosella australis,ARp,Casanova_2014,5
Lobelia pratioides,Tdr,Casanova_2014,5
Lythrum hyssopifolia,ATe,Casanova_2014,5
Lythrum salicaria,ATe,Casanova_2014,5
Myriophyllum glomeratum,ARp,Casanova_2014,5
Myriophyllum muelleri,ARp,Casanova_2014,5
Myriophyllum salsugineum,ARp,Casanova_2014,5
Myriophyllum variifolium,ARp,Casanova_2014,5
Myriophyllum verrucosum,ARp,Casanova_2014,5
Neopaxia australasica,ARp,Casanova_2014,5
Nitella paludigena,Sr,Casanova_2014,5
Nitella sonderi,Sr,Casanova_2014,5
Nitella sp.,Sr,Casanova_2014,5
Nitella sp. aff. cristata,Sr,Casanova_2014,5
Phalaris aquatica,Tdr,Casanova_2014,5
Poa labillardierei var. labillardierei,Tda,Casanova_2014,5
Potamogeton cheesemanii,ARf,Casanova_2014,5
Pseudognaphalium luteoalbum,Tdr,Casanova_2014,5
Ranunculus inundatus,ARf,Casanova_2014,5
Ranunculus robertsonii,Tda,Casanova_2014,5
Rumex bidens,ATe,Casanova_2014,5
Rumex brownii,ATe,Casanova_2014,5
Rumex conglomeratus,Tdr,Casanova_2014,5
Rumex crispus,ATe,Casanova_2014,5
Rumex dumosus,ATe,Casanova_2014,5
Rumex pulcher,Tda,Casanova_2014,5
Schoenus apogon,ATe,Casanova_2014,5
Schoenus nitens,Tda,Casanova_2014,5
Stellaria angustifolia,ATe,Casanova_2014,5
Trifolium sp.,Tda,Casanova_2014,5
Trithuria submersa,ATl,Casanova_2014,5
Utricularia beaugleholei,ARp,Casanova_2014,5
Utricularia dichotoma,ARp,Casanova_2014,5
Abutilon theophrasti,Tda,Campbell_2014,6
Acacia sp. ,Tdr,Campbell_2014,6
Acacia sp. seedling,Tdr,Campbell_2014,6
Acacia stenophylla,ATw,Campbell_2014,6
Acacia stenophylla juvenile,ATw,Campbell_2014,6
Acacia stenophylla seedling,ATw,Campbell_2014,6
Ajuga australis,Tdr,Campbell_2014,6
Alternanthera denticulata,Tda,Campbell_2014,6
Alternanthera nodiflora,Tda,Campbell_2014,6
Alternanthera sp.,Tda,Campbell_2014,6
Alternanthera sp. 1,Tda,Campbell_2014,6
Ammannia multiflora,ARp,Campbell_2014,6
Anagallis arvensis var. caerulea,Tdr,Campbell_2014,6
Asperula gemella,Tda,Campbell_2014,6
Asphodelus fistulosus,Tdr,Campbell_2014,6
Aster subulatus,Tda,Campbell_2014,6
Atriplex eardleyae,Tdr,Campbell_2014,6
Atriplex leptocarpa,Tdr,Campbell_2014,6
Atriplex lindleyi subsp. inflata,Tdr,Campbell_2014,6
Atriplex lindleyi subsp. lindleyi,Tdr,Campbell_2014,6
Atriplex nummularia subsp. nummularia,Tdr,Campbell_2014,6
Atriplex pumilio,Tdr,Campbell_2014,6
Atriplex semibaccata,Tdr,Campbell_2014,6
Atriplex sp.,Tdr,Campbell_2014,6
Atriplex stipitata,Tdr,Campbell_2014,6
Atriplex suberecta,Tdr,Campbell_2014,6
Austrodanthonia setacea,Tdr,Campbell_2014,6
Austrodanthonia sp.,Tdr,Campbell_2014,6
Austrostipa scabra subsp. falcata,Tdr,Campbell_2014,6
Austrostipa scabra subsp. scabra,Tdr,Campbell_2014,6
Austrostipa sp.,Tdr,Campbell_2014,6
Azolla filiculoides,ARf,Campbell_2014,6
Azolla pinnata,ARf,Campbell_2014,6
Bergia trimera,Tda,Campbell_2014,6
Boerhavia dominii,Tdr,Campbell_2014,6
Brachyscome basaltica var. gracilis,Tda,Campbell_2014,6
Brachyscome ciliaris,Tdr,Campbell_2014,6
Brachyscome lineariloba,Tdr,Campbell_2014,6
Brachyscome sp.,Tdr,Campbell_2014,6
Brassica juncea,Tdr,Campbell_2014,6
Brassica sp.,Tdr,Campbell_2014,6
Bromus sp.,Tdr,Campbell_2014,6
Bulbine sp.,Tda,Campbell_2014,6
Callitriche sp.,ARp,Campbell_2014,6
Calocephalus sonderi,Tdr,Campbell_2014,6
Calocephalus sp.,Tdr,Campbell_2014,6
Calostemma purpureum,Tda,Campbell_2014,6
Calotis cuneifolia,Tdr,Campbell_2014,6
Calotis erinacea,Tdr,Campbell_2014,6
Calotis hispidula,Tdr,Campbell_2014,6
Calotis scapigera,Tdr,Campbell_2014,6
Calotis sp.,Tdr,Campbell_2014,6
Centaurium sp.,Tdr,Campbell_2014,6
Centipeda cunninghamii,ATl,Campbell_2014,6
Centipeda minima subsp. minima,ATl,Campbell_2014,6
Centipeda minima var. lanuginosa,ATl,Campbell_2014,6
Centipeda sp.,ATl,Campbell_2014,6
Chamaesyce drummondii,Tdr,Campbell_2014,6
Charophyceae,S,Campbell_2014,6
Chenopodiaceae,Tdr,Campbell_2014,6
Chenopodium cristatum,Tdr,Campbell_2014,6
Chenopodium desertorum subsp. desertorum,Tdr,Campbell_2014,6
Chenopodium melanocarpum,Tdr,Campbell_2014,6
Chenopodium nitrariaceum,Tda,Campbell_2014,6
Chenopodium pumilio,Tdr,Campbell_2014,6
Chenopodium sp.,Tdr,Campbell_2014,6
Chondrilla juncea,Tdr,Campbell_2014,6
Cirsium vulgare,Tdr,Campbell_2014,6
Conyza bonariensis,Tdr,Campbell_2014,6
Conyza sp.,Tdr,Campbell_2014,6
Conyza sumatrensis var. sumatrensis,Tdr,Campbell_2014,6
Crassula sp.,Tda,Campbell_2014,6
Cressa australis,Tda,Campbell_2014,6
Cuscuta campestris,Tdr,Campbell_2014,6
Cynodon dactylon,Tdr,Campbell_2014,6
Cynodon dactylon var. pulchellus,Tdr,Campbell_2014,6
Cyperaceae,ATe,Campbell_2014,6
Cyperus difformis,ATe,Campbell_2014,6
Cyperus gymnocaulos,ATe,Campbell_2014,6
Cyperus pygmaeus,ATe,Campbell_2014,6
Damasonium minus,ARp,Campbell_2014,6
Daucus glochidiatus,Tdr,Campbell_2014,6
Disphyma crassifolium subsp. clavellatum,Tdr,Campbell_2014,6
Dittrichia graveolens,Tda,Campbell_2014,6
Dodonaea viscosa subsp. angustissima,Tdr,Campbell_2014,6
Dysphania glomulifera,Tdr,Campbell_2014,6
Eclipta platyglossa,Tda,Campbell_2014,6
Einadia nutans subsp. nutans,Tdr,Campbell_2014,6
Elatine gratioloides,ARp,Campbell_2014,6
Eleocharis pallens,ATe,Campbell_2014,6
Eleocharis pusilla,ATe,Campbell_2014,6
Eleocharis sp.,ATe,Campbell_2014,6
Emergent seedling-damp,Tda,Campbell_2014,6
Emergent seedling-dry,Tdr,Campbell_2014,6
Enchylaena tomentosa var. tomentosa,Tdr,Campbell_2014,6
Eragrostis australasica,Tda,Campbell_2014,6
Eragrostis dielsii,Tdr,Campbell_2014,6
Eragrostis lacunaria,Tdr,Campbell_2014,6
Eragrostis setifolia,Tdr,Campbell_2014,6
Eragrostis sp.,Tdr,Campbell_2014,6
Eucalyptus camaldulensis,ATw,Campbell_2014,6
Eucalyptus camaldulensis juvenile,ATw,Campbell_2014,6
Eucalyptus camaldulensis seedling,ATw,Campbell_2014,6
Eucalyptus largiflorens juvenile,ATw,Campbell_2014,6
Eucalyptus largiflorens mature,ATw,Campbell_2014,6
Eucalyptus largiflorens seedling,ATw,Campbell_2014,6
Eucalyptus sp. seedling,ATw,Campbell_2014,6
Euchiton sphaericus,Tda,Campbell_2014,6
Geococcus pusillus,Tda,Campbell_2014,6
Glinus lotoides,Tda,Campbell_2014,6
Glinus oppositifolius,Tda,Campbell_2014,6
Glossostigma elatinoides,ARp,Campbell_2014,6
Glossostigma sp.,ARp,Campbell_2014,6
Glycyrrhiza acanthocarpa,Tda,Campbell_2014,6
Goodenia fascicularis,Tdr,Campbell_2014,6
Goodenia glauca,Tda,Campbell_2014,6
Goodenia heteromera,Tda,Campbell_2014,6
Gratiola pubescens,Tda,Campbell_2014,6
Gratiola pumilo,Tda,Campbell_2014,6
Haloragis aspera,Tda,Campbell_2014,6
Haloragis sp.,Tda,Campbell_2014,6
Helichrysum luteoalbum,Tda,Campbell_2014,6
Heliotropium curassavicum,Tda,Campbell_2014,6
Heliotropium europaeum,Tda,Campbell_2014,6
Heliotropium sp.,Tda,Campbell_2014,6
Heliotropium supinum,Tda,Campbell_2014,6
Hypericum gramineum,Tdr,Campbell_2014,6
Hypochoeris radicata,Tdr,Campbell_2014,6
Isolepis hookeriana,ATe,Campbell_2014,6
Isolepis sp.,ATe,Campbell_2014,6
Juncus aridicola,ATe,Campbell_2014,6
Juncus sp.,ATe,Campbell_2014,6
Juncus subsecundus,ATe,Campbell_2014,6
Kickxia elatine subsp crinita,Tdr,Campbell_2014,6
Lachnagrostis filiformis,Tda,Campbell_2014,6
Lactuca serriola,Tdr,Campbell_2014,6
Landoltia punctata,ARf,Campbell_2014,6
Lemna disperma,ARf,Campbell_2014,6
Leontodon taraxacoides subsp. Taraxacoides,Tdr,Campbell_2014,6
Lepidium pseudohyssopifolium,Tdr,Campbell_2014,6
Limosella australis,ARp,Campbell_2014,6
Limosella sp.,ARp,Campbell_2014,6
Lotus cruentus,Tdr,Campbell_2014,6
Ludwigia peploides subsp. montevidensis,ARp,Campbell_2014,6
Lythrum hyssopifolia,Tda,Campbell_2014,6
Maireana appressa,Tdr,Campbell_2014,6
Maireana brevifolia,Tdr,Campbell_2014,6
Maireana ciliata,Tdr,Campbell_2014,6
Maireana decalvans,Tdr,Campbell_2014,6
Maireana sp.,Tdr,Campbell_2014,6
Malva parviflora,Tdr,Campbell_2014,6
Malva preissiana,Tdr,Campbell_2014,6
Malva sp.,Tdr,Campbell_2014,6
Marsilea costulifera,ARp,Campbell_2014,6
Marsilea drummondii,ARp,Campbell_2014,6
Medicago minima,Tdr,Campbell_2014,6
Medicago sp.,Tdr,Campbell_2014,6
Mentha australis,Tda,Campbell_2014,6
Mesembryanthemum nodiflorum,Tdr,Campbell_2014,6
Mimulus prostratus,Tda,Campbell_2014,6
Minuria denticulata,Tdr,Campbell_2014,6
Muehlenbeckia florulenta,ATe,Campbell_2014,6
Mukia micrantha,Tda,Campbell_2014,6
Myoporum parvifolium,Tdr,Campbell_2014,6
Myriophyllum papillosum,ARp,Campbell_2014,6
Myriophyllum sp.,ARp,Campbell_2014,6
Myriophyllum verrucosum,ARp,Campbell_2014,6
Olearia pimeleoides,Tdr,Campbell_2014,6
Osteocarpum salsuginosum,Tdr,Campbell_2014,6
Ottelia ovalifolia subsp. ovalifolia,ARp,Campbell_2014,6
Oxalis perennans,Tdr,Campbell_2014,6
Oxalis sp.,Tdr,Campbell_2014,6
Paspalidium jubiflorum,Tda,Campbell_2014,6
Paspalum distichum,ATe,Campbell_2014,6
Persicaria decipiens,ATe,Campbell_2014,6
Persicaria lapathifolia,ATe,Campbell_2014,6
Persicaria prostrata,ATl,Campbell_2014,6
Persicaria sp.,ATe,Campbell_2014,6
Phyla canescens,Tda,Campbell_2014,6
Phyllanthus lacunarius,Tda,Campbell_2014,6
Picris squarrosa,Tda,Campbell_2014,6
Podolepis capillaris,Tdr,Campbell_2014,6
Polygonum aviculare,Tdr,Campbell_2014,6
Polygonum plebeium,Tda,Campbell_2014,6
Portulaca oleracea,Tdr,Campbell_2014,6
Potamogeton sulcatus,ARp,Campbell_2014,6
Pseudoraphis spinescens,ATe,Campbell_2014,6
Psilocaulon granulicaule,Tdr,Campbell_2014,6
Reichardia tingitana,Tdr,Campbell_2014,6
Rhagodia spinescens,Tdr,Campbell_2014,6
Rorippa eustylis,Tda,Campbell_2014,6
Rorippa sp.,Tda,Campbell_2014,6
Rumex brownii,Tda,Campbell_2014,6
Rumex crystallinus,Tda,Campbell_2014,6
Rumex sp.,Tda,Campbell_2014,6
Rumex tenax,Tda,Campbell_2014,6
Salsola tragus,Tdr,Campbell_2014,6
Salvia verbenaca,Tdr,Campbell_2014,6
Sauropus trachyspermus,Tdr,Campbell_2014,6
Schenkia australis,Tdr,Campbell_2014,6
Schismus barbatus,Tdr,Campbell_2014,6
Scleranthus minusculus,Tdr,Campbell_2014,6
Sclerochlamys brachyptera,Tdr,Campbell_2014,6
Sclerolaena calcarata,Tdr,Campbell_2014,6
Sclerolaena diacantha,Tdr,Campbell_2014,6
Sclerolaena divaricata,Tdr,Campbell_2014,6
Sclerolaena muricata,Tdr,Campbell_2014,6
Sclerolaena muricata var. muricata,Tdr,Campbell_2014,6
Sclerolaena muricata var. semiglabra,Tdr,Campbell_2014,6
Sclerolaena muricata var. villosa,Tdr,Campbell_2014,6
Sclerolaena obliquicuspis,Tdr,Campbell_2014,6
Sclerolaena sp.,Tdr,Campbell_2014,6
Sclerolaena tricuspis,Tdr,Campbell_2014,6
Senecio cunninghamii var. cunninghamii,Tdr,Campbell_2014,6
Senecio quadridentatus,Tdr,Campbell_2014,6
Senecio runcinifolius,Tdr,Campbell_2014,6
Senecio sp.,Tdr,Campbell_2014,6
Sida sp.,Tdr,Campbell_2014,6
Silene sp.,Tdr,Campbell_2014,6
Solanum lacunarium,Tda,Campbell_2014,6
Solanum nigrum,Tdr,Campbell_2014,6
Soliva anthemifolia,Tda,Campbell_2014,6
Sonchus asper,Tdr,Campbell_2014,6
Sonchus oleraceus,Tdr,Campbell_2014,6
Sonchus sp.,Tdr,Campbell_2014,6
Spergularia rubra,Tdr,Campbell_2014,6
Spergularia sp.,Tdr,Campbell_2014,6
Sphaeromorphaea australis,Tda,Campbell_2014,6
Sporobolus mitchellii,Tda,Campbell_2014,6
Stellaria sp.,Tda,Campbell_2014,6
Stelligera endecaspinis,Tdr,Campbell_2014,6
Stemodia florulenta,Tda,Campbell_2014,6
Tetragonia tetragonioides,Tdr,Campbell_2014,6
Teucrium racemosum,Tdr,Campbell_2014,6
Urtica urens,Tdr,Campbell_2014,6
Vallisneria americana var. americana,S,Campbell_2014,6
Verbena bonariensis,Tdr,Campbell_2014,6
Verbena officinalis,Tdr,Campbell_2014,6
Verbena supina,Tda,Campbell_2014,6
Vittadinia cuneata,Tdr,Campbell_2014,6
Vittadinia dissecta var. hirta,Tdr,Campbell_2014,6
Vittadinia gracilis,Tdr,Campbell_2014,6
Vittadinia pterochaeta,Tdr,Campbell_2014,6
Vittadinia sp.,Tdr,Campbell_2014,6
Vittadinia sulcata,Tdr,Campbell_2014,6
Wahlenbergia fluminalis,Tda,Campbell_2014,6
Xanthium orientale,Tdr,Campbell_2014,6
Zygophyllum sp.,Tdr,Campbell_2014,6
Abutilon theophrasti,Tda,MDFRC_2014,7
Acacia acinacea,Tdr,MDFRC_2014,7
Acacia brachybotrya,Tdr,MDFRC_2014,7
Acacia dealbata subsp. dealbata  ,Tdr,MDFRC_2014,7
Acacia myrtifolia,Tdr,MDFRC_2014,7
Acacia oswaldii,Tdr,MDFRC_2014,7
Acacia stenophylla,ATw,MDFRC_2014,7
Acacia victoriae subsp. arida,Tdr,MDFRC_2014,7
Acaena novae-zelandiae  ,Tdr,MDFRC_2014,7
Acetosella vulgaris,Tdr,MDFRC_2014,7
Actinobole uliginosum,Tdr,MDFRC_2014,7
Agapanthus sp.,Tdr,MDFRC_2014,7
Aira elegantissima,Tdr,MDFRC_2014,7
Aira sp.,Tdr,MDFRC_2014,7
Ajuga australis,Tdr,MDFRC_2014,7
Alisma lanceolatum,ATe,MDFRC_2014,7
Alisma plantago-aquatica,ATe,MDFRC_2014,7
Alisma sp.,ATe,MDFRC_2014,7
Alopecurus geniculatus,Tda,MDFRC_2014,7
Alternanthera denticulata,Tda,MDFRC_2014,7
Alternanthera nodiflora,Tda,MDFRC_2014,7
Alternanthera sp.,Tda,MDFRC_2014,7
Alyssum linifolium,Tdr,MDFRC_2014,7
Amaranthus albus,Tdr,MDFRC_2014,7
Amaranthus macrocarpus,Tdr,MDFRC_2014,7
Ammannia multiflora,ATl,MDFRC_2014,7
Amphibromus fluitans,ARp,MDFRC_2014,7
Amphibromus neesii,Tda,MDFRC_2014,7
Amphibromus nervosus,Tda,MDFRC_2014,7
Anagallis arvensis,Tdr,MDFRC_2014,7
Aphanes australiana,Tdr,MDFRC_2014,7
Apium gravoelens,Tdr,MDFRC_2014,7
Arctotheca calendula,Tdr,MDFRC_2014,7
Aristida calycina var. calycina,Tda,MDFRC_2014,7
Aristida holathera var. holathera,Tdr,MDFRC_2014,7
Arthropodium minus,Tdr,MDFRC_2014,7
Arthropodium sp.,Tdr,MDFRC_2014,7
Asparagus asparagoides,Tdr,MDFRC_2014,7
Asparagus officinalis,Tdr,MDFRC_2014,7
Asperula conferta,Tdr,MDFRC_2014,7
Asperula gemella,Tda,MDFRC_2014,7
Asperula subsimplex,Tda,MDFRC_2014,7
Asphodelus fistulosus,Tdr,MDFRC_2014,7
Aster sp.,Tda,MDFRC_2014,7
Aster subulatus,Tda,MDFRC_2014,7
Atriplex eardleyae,Tdr,MDFRC_2014,7
Atriplex holocarpa,Tdr,MDFRC_2014,7
Atriplex leptocarpa,Tdr,MDFRC_2014,7
Atriplex limbata,Tdr,MDFRC_2014,7
Atriplex lindleyi,Tdr,MDFRC_2014,7
Atriplex lindleyi subsp. conduplicata,Tdr,MDFRC_2014,7
Atriplex nummularia,Tdr,MDFRC_2014,7
Atriplex prostrata,Tda,MDFRC_2014,7
Atriplex pseudocampanulata,Tdr,MDFRC_2014,7
Atriplex pumilio,Tdr,MDFRC_2014,7
Atriplex semibaccata,Tdr,MDFRC_2014,7
Atriplex sp.,Tdr,MDFRC_2014,7
Atriplex spongiosa,Tdr,MDFRC_2014,7
Atriplex stipitata,Tdr,MDFRC_2014,7
Atriplex sturtii,Tdr,MDFRC_2014,7
Atriplex suberecta,Tdr,MDFRC_2014,7
Austrobryonia micrantha,Tda,MDFRC_2014,7
Austrostipa drummondii,Tdr,MDFRC_2014,7
Austrostipa elegantissima  ,Tdr,MDFRC_2014,7
Austrostipa nodosa,Tdr,MDFRC_2014,7
Austrostipa scabra,Tdr,MDFRC_2014,7
Austrostipa sp.,Tdr,MDFRC_2014,7
Austrostipa trichophylla,Tdr,MDFRC_2014,7
Avena barbata,Tdr,MDFRC_2014,7
Avena fatua,Tdr,MDFRC_2014,7
Avena sp.,Tdr,MDFRC_2014,7
Azolla filiculoides,ARf,MDFRC_2014,7
Azolla pinnata,ARf,MDFRC_2014,7
Azolla sp.,ARf,MDFRC_2014,7
Bergia trimera,Tda,MDFRC_2014,7
Berkheya rigida,Tda,MDFRC_2014,7
Berula erecta,ATe,MDFRC_2014,7
Boerhavia coccinea,Tdr,MDFRC_2014,7
Boerhavia dominii,Tdr,MDFRC_2014,7
Boerhavia sp.,Tdr,MDFRC_2014,7
Bolboschoenus caldwellii,ATe,MDFRC_2014,7
Bolboschoenus medianus,ATe,MDFRC_2014,7
Brachyscome basaltica var. gracilis,Tda,MDFRC_2014,7
Brachyscome ciliaris,Tdr,MDFRC_2014,7
Brachyscome dentata,Tda,MDFRC_2014,7
Brachyscome diversifolia  ,Tdr,MDFRC_2014,7
Brachyscome leptocarpa,Tdr,MDFRC_2014,7
Brachyscome lineariloba,Tdr,MDFRC_2014,7
Brachyscome melanocarpa,Tda,MDFRC_2014,7
Brachyscome perpusilla,Tdr,MDFRC_2014,7
Brachyscome readeri,Tda,MDFRC_2014,7
Brassica fruticulosa,Tdr,MDFRC_2014,7
Brassica rapa,Tdr,MDFRC_2014,7
Brassica sp.,Tdr,MDFRC_2014,7
Brassica tournefortii,Tdr,MDFRC_2014,7
Brassica x juncea,Tdr,MDFRC_2014,7
Briza minor,Tdr,MDFRC_2014,7
Bromus alopecuros,Tdr,MDFRC_2014,7
Bromus catharticus,Tdr,MDFRC_2014,7
Bromus diandrus,Tdr,MDFRC_2014,7
Bromus hordeaceus,Tdr,MDFRC_2014,7
Bromus madritensis,Tdr,MDFRC_2014,7
Bromus molliformis,Tdr,MDFRC_2014,7
Bromus rubens,Tdr,MDFRC_2014,7
Bromus sp.,Tdr,MDFRC_2014,7
Bromus sterilis,Tdr,MDFRC_2014,7
Bulbine alata,Tda,MDFRC_2014,7
Bulbine semibarbata,Tdr,MDFRC_2014,7
Calandrinia calyptrata,Tdr,MDFRC_2014,7
Calandrinia eremaea,Tdr,MDFRC_2014,7
Calandrinia sp.,Tdr,MDFRC_2014,7
Calendula arvensis,Tdr,MDFRC_2014,7
Callitriche brutia var. brutia,ATl,MDFRC_2014,7
Callitriche sonderi,ATl,MDFRC_2014,7
Callitriche sp.,ATl,MDFRC_2014,7
Callitriche stagnalis,ATl,MDFRC_2014,7
Callitriche umbonata,ATl,MDFRC_2014,7
Calocephalus sonderi,Tdr,MDFRC_2014,7
Calocephalus sp.,Tdr,MDFRC_2014,7
Calostemma purpureum,Tdr,MDFRC_2014,7
Calotis cuneifolia,Tdr,MDFRC_2014,7
Calotis erinacea,Tdr,MDFRC_2014,7
Calotis hispidula,Tdr,MDFRC_2014,7
Calotis scabiosifolia var. scabiosifolia,Tda,MDFRC_2014,7
Calotis scapigera,Tda,MDFRC_2014,7
Calystegia sepium,ATe,MDFRC_2014,7
Capsella bursa-pastoris,Tdr,MDFRC_2014,7
Cardamine moirensis,Tda,MDFRC_2014,7
Cardamine paucijuga,ATe,MDFRC_2014,7
Carduus sp.,Tdr,MDFRC_2014,7
Carex fascicularis,ATe,MDFRC_2014,7
Carex gaudichaudiana,ATe,MDFRC_2014,7
Carex inversa,Tda,MDFRC_2014,7
Carex tereticaulis,ATe,MDFRC_2014,7
Carpobrotus rossii,Tdr,MDFRC_2014,7
Carpobrotus sp.,Tdr,MDFRC_2014,7
Carrichtera annua,Tdr,MDFRC_2014,7
Carthamus lanatus,Tdr,MDFRC_2014,7
Carthamus sp.,Tdr,MDFRC_2014,7
Cassinia arcuata,Tdr,MDFRC_2014,7
Centaurea calcitrapa,Tdr,MDFRC_2014,7
Centaurea melitensis,Tdr,MDFRC_2014,7
Centaurea solstitialis,Tdr,MDFRC_2014,7
Centaurea sp.,Tdr,MDFRC_2014,7
Centaurium erythraea,Tdr,MDFRC_2014,7
Centaurium sp.,Tdr,MDFRC_2014,7
Centaurium tenuiflorum,Tdr,MDFRC_2014,7
Centella cordifolia,Tda,MDFRC_2014,7
Centipeda cunninghamii,ATl,MDFRC_2014,7
Centipeda minima subsp. minima,ATl,MDFRC_2014,7
Centipeda sp.,ATl,MDFRC_2014,7
Cerastium glomeratum,Tdr,MDFRC_2014,7
Cerastium semidecandrum,Tdr,MDFRC_2014,7
Ceratophyllum demersum,S,MDFRC_2014,7
Chamaesyce drummondii,Tdr,MDFRC_2014,7
Chara fibrosa,S,MDFRC_2014,7
Chara sp.,S,MDFRC_2014,7
Characeae,S,MDFRC_2014,7
Chenopodium album,Tdr,MDFRC_2014,7
Chenopodium cristatum,Tdr,MDFRC_2014,7
Chenopodium desertorum,Tdr,MDFRC_2014,7
Chenopodium glaucum,Tdr,MDFRC_2014,7
Chenopodium melanocarpum,Tdr,MDFRC_2014,7
Chenopodium murale,Tdr,MDFRC_2014,7
Chenopodium nitrariaceum,ATw,MDFRC_2014,7
Chloris sp.,Tdr,MDFRC_2014,7
Chloris truncata,Tdr,MDFRC_2014,7
Chondrilla juncea,Tdr,MDFRC_2014,7
Chrysocephalum apiculatum,Tda,MDFRC_2014,7
Cirsium vulgare,Tdr,MDFRC_2014,7
Citrullus lanatus,Tdr,MDFRC_2014,7
Clematis microphylla,Tdr,MDFRC_2014,7
Convolvulus erubescens,Tdr,MDFRC_2014,7
Convolvulus remotus,Tdr,MDFRC_2014,7
Convolvulus sp.,Tdr,MDFRC_2014,7
Conyza bonariensis,Tdr,MDFRC_2014,7
Conyza sp.,Tdr,MDFRC_2014,7
Conyza sumatrensis var. sumatrensis,Tdr,MDFRC_2014,7
Cotula australis,Tdr,MDFRC_2014,7
Cotula bipinnata,Tda,MDFRC_2014,7
Cotula coronopifolia,ATl,MDFRC_2014,7
Craspedia haplorrhiza,Tda,MDFRC_2014,7
Craspedia paludicola,Tda,MDFRC_2014,7
Crassula colorata,Tda,MDFRC_2014,7
Crassula decumbens var. decumbens,Tda,MDFRC_2014,7
Crassula helmsii,ATl,MDFRC_2014,7
Crassula sieberiana,Tdr,MDFRC_2014,7
Cressa australis,Tda,MDFRC_2014,7
Crinum sp.,Tda,MDFRC_2014,7
Cucumis myriocarpus,Tdr,MDFRC_2014,7
Cullen pallidum,Tdr,MDFRC_2014,7
Cuscuta campestris,Tdr,MDFRC_2014,7
Cynodon dactylon,Tdr,MDFRC_2014,7
Cynosurus echinatus,Tdr,MDFRC_2014,7
Cyperus bifax,ATe,MDFRC_2014,7
Cyperus difformis,ATe,MDFRC_2014,7
Cyperus eragrostis,ATe,MDFRC_2014,7
Cyperus exaltatus,ATe,MDFRC_2014,7
Cyperus gunnii,ATe,MDFRC_2014,7
Cyperus gymnocaulos,ATe,MDFRC_2014,7
Cyperus pygmaeus,ATe,MDFRC_2014,7
Damasonium minus,ATe,MDFRC_2014,7
Datura stramonium,Tdr,MDFRC_2014,7
Daucus glochidiatus,Tdr,MDFRC_2014,7
Deyeuxia quadriseta,Tda,MDFRC_2014,7
Dianella admixta,Tdr,MDFRC_2014,7
Dianella revoluta,Tdr,MDFRC_2014,7
Dianella sp. aff. longifolia (Riverina),Tda,MDFRC_2014,7
Dichondra repens,Tdr,MDFRC_2014,7
Dillwynia cinerascens,Tdr,MDFRC_2014,7
Disphyma crassifolium subsp. clavellatum,Tdr,MDFRC_2014,7
Dissocarpus paradoxus,Tdr,MDFRC_2014,7
Distichlis distichophylla,Tda,MDFRC_2014,7
Dittrichia graveolens,Tdr,MDFRC_2014,7
Dodonaea viscosa subsp. angustissima,Tdr,MDFRC_2014,7
Dysphania glomulifera subsp. glomulifera,Tdr,MDFRC_2014,7
Dysphania pumilio,Tdr,MDFRC_2014,7
Echinochloa colona,Tda,MDFRC_2014,7
Echinochloa crus-galli,Tda,MDFRC_2014,7
Echinochloa esculenta,Tdr,MDFRC_2014,7
Echium plantagineum,Tdr,MDFRC_2014,7
Eclipta platyglossa,Tda,MDFRC_2014,7
Ehrharta erecta,Tdr,MDFRC_2014,7
Ehrharta longiflora,Tdr,MDFRC_2014,7
Ehrharta sp.,Tdr,MDFRC_2014,7
Einadia hastata,Tdr,MDFRC_2014,7
Einadia nutans,Tdr,MDFRC_2014,7
Elatine gratioloides,ATl,MDFRC_2014,7
Eleocharis acuta,ATe,MDFRC_2014,7
Eleocharis pallens,ATe,MDFRC_2014,7
Eleocharis plana,ATe,MDFRC_2014,7
Eleocharis pusilla,ATe,MDFRC_2014,7
Eleocharis sp.,ATe,MDFRC_2014,7
Eleocharis sphacelata,ATe,MDFRC_2014,7
Elymus scaber,Tdr,MDFRC_2014,7
Emex australis,Tdr,MDFRC_2014,7
Enchylaena tomentosa,Tdr,MDFRC_2014,7
Enneapogon avenaceus,Tdr,MDFRC_2014,7
Enneapogon gracilis,Tdr,MDFRC_2014,7
Enneapogon intermedius,Tdr,MDFRC_2014,7
Enneapogon nigricans,Tdr,MDFRC_2014,7
Enneapogon sp.,Tdr,MDFRC_2014,7
Enteropogon acicularis,Tdr,MDFRC_2014,7
Enteropogon ramosus,Tdr,MDFRC_2014,7
Epaltes australis,Tda,MDFRC_2014,7
Epilobium billardierianum,Tda,MDFRC_2014,7
Epilobium hirtigerum,Tda,MDFRC_2014,7
Epilobium pallidiflorum,Tda,MDFRC_2014,7
Eragrostis australasica,ATe,MDFRC_2014,7
Eragrostis curvula,Tdr,MDFRC_2014,7
Eragrostis dielsii,Tdr,MDFRC_2014,7
Eragrostis infecunda,ATe,MDFRC_2014,7
Eragrostis lacunaria,Tdr,MDFRC_2014,7
Eremophila bignoniiflora,Tdr,MDFRC_2014,7
Eremophila divaricata subsp. divaricata,Tdr,MDFRC_2014,7
Eremophila scoparia,Tdr,MDFRC_2014,7
Erodium brachycarpum,Tdr,MDFRC_2014,7
Erodium cicutarium,Tdr,MDFRC_2014,7
Erodium crinitum,Tdr,MDFRC_2014,7
Erodium sp.,Tdr,MDFRC_2014,7
Eucalyptus camaldulensis,ATw,MDFRC_2014,7
Eucalyptus largiflorens,ATw,MDFRC_2014,7
Eucalyptus sp. seedling,ATw,MDFRC_2014,7
Euchiton involucratus,Tda,MDFRC_2014,7
Euchiton japonicus,Tdr,MDFRC_2014,7
Euchiton sphaericus,Tdr,MDFRC_2014,7
Eulalia aurea,Tda,MDFRC_2014,7
Euphorbia peplus,Tda,MDFRC_2014,7
Euphorbia terracina,Tdr,MDFRC_2014,7
Eutaxia microphylla var. microphylla  ,Tdr,MDFRC_2014,7
Exocarpos strictus,Tdr,MDFRC_2014,7
Ficinia nodosa,ATe,MDFRC_2014,7
Fimbristylis aestivalis,ATl,MDFRC_2014,7
Foeniculum vulgare,Tdr,MDFRC_2014,7
Frankenia pauciflora,Tdr,MDFRC_2014,7
Fumaria bastardii,Tdr,MDFRC_2014,7
Fumaria capreolata,Tdr,MDFRC_2014,7
Fumaria muralis,Tdr,MDFRC_2014,7
Fumaria sp.,Tdr,MDFRC_2014,7
Gahnia filum,ATe,MDFRC_2014,7
Galium aparine,Tdr,MDFRC_2014,7
Galium gaudichaudii,Tdr,MDFRC_2014,7
Galium murale,Tdr,MDFRC_2014,7
Galium sp.,Tdr,MDFRC_2014,7
Gazania rigens,Tdr,MDFRC_2014,7
Geococcus pusillus,Tdr,MDFRC_2014,7
Geranium retrorsum,Tda,MDFRC_2014,7
Geranium solanderi,Tdr,MDFRC_2014,7
Geranium sp. Pale pink flowers (M.Gray 5847) Vic. Herbarium,Tdr,MDFRC_2014,7
Glinus lotoides,Tda,MDFRC_2014,7
Glinus oppositifolius,Tda,MDFRC_2014,7
Glossostigma cleistanthum,ATl,MDFRC_2014,7
Glossostigma elatinoides,ATl,MDFRC_2014,7
Glossostigma sp.,ATl,MDFRC_2014,7
Glyceria australis,ATe,MDFRC_2014,7
Glycyrrhiza acanthocarpa,Tda,MDFRC_2014,7
Gnaphalium polycaulon,Tda,MDFRC_2014,7
Goodenia fascicularis,Tdr,MDFRC_2014,7
Goodenia glauca,Tda,MDFRC_2014,7
Goodenia gracilis,Tda,MDFRC_2014,7
Goodenia heteromera,Tda,MDFRC_2014,7
Goodenia pinnatifida,Tdr,MDFRC_2014,7
Goodenia pusilliflora,Tda,MDFRC_2014,7
Gratiola pubescens,Tda,MDFRC_2014,7
Gratiola pumilo,Tda,MDFRC_2014,7
Gunniopsis septifraga,Tdr,MDFRC_2014,7
Haloragis aspera,Tda,MDFRC_2014,7
Haloragis glauca f. glauca,Tda,MDFRC_2014,7
Haloragis sp.,Tda,MDFRC_2014,7
Hedypnois rhagodioloides,Tdr,MDFRC_2014,7
Helichrysum luteoalbum,Tdr,MDFRC_2014,7
Helichrysum rutidolepis,Tda,MDFRC_2014,7
Heliotropium amplexicaule,Tdr,MDFRC_2014,7
Heliotropium curassavicum,Tda,MDFRC_2014,7
Heliotropium europaeum,Tdr,MDFRC_2014,7
Heliotropium supinum,Tda,MDFRC_2014,7
Helminthotheca echioides,Tdr,MDFRC_2014,7
Herniaria cinerea,Tdr,MDFRC_2014,7
Holcus lanatus,Tdr,MDFRC_2014,7
Hordeum glaucum,Tdr,MDFRC_2014,7
Hordeum leporinum,Tdr,MDFRC_2014,7
Hordeum marinum,Tdr,MDFRC_2014,7
Hordeum sp.,Tdr,MDFRC_2014,7
Hordeum vulgare,Tdr,MDFRC_2014,7
Hyalosperma glutinosum subsp. glutinosum,Tdr,MDFRC_2014,7
Hydrocotyle laxiflora,ATl,MDFRC_2014,7
Hydrocotyle verticillata,ATl,MDFRC_2014,7
Hypericum gramineum,Tdr,MDFRC_2014,7
Hypericum perforatum,Tdr,MDFRC_2014,7
Hypochaeris glabra,Tdr,MDFRC_2014,7
Hypochaeris radicata,Tdr,MDFRC_2014,7
Hypoxis glabella var. glabella,Tdr,MDFRC_2014,7
Ipomoea indica,Tdr,MDFRC_2014,7
Isoetopsis graminifolia,Tdr,MDFRC_2014,7
Isolepis australiensis,ATe,MDFRC_2014,7
Isolepis hookeriana,ATe,MDFRC_2014,7
Isolepis platycarpa,ATe,MDFRC_2014,7
Isolepis producta,ATe,MDFRC_2014,7
Juncus acutus,ATe,MDFRC_2014,7
Juncus amabilis,ATe,MDFRC_2014,7
Juncus aridicola,ATe,MDFRC_2014,7
Juncus bufonius,Tda,MDFRC_2014,7
Juncus flavidus,ATe,MDFRC_2014,7
Juncus holoschoenus,ATe,MDFRC_2014,7
Juncus ingens,ATe,MDFRC_2014,7
Juncus kraussii,ATe,MDFRC_2014,7
Juncus pallidus,ATe,MDFRC_2014,7
Juncus semisolidus  ,ATe,MDFRC_2014,7
Juncus subsecundus,Tda,MDFRC_2014,7
Juncus usitatus,ATe,MDFRC_2014,7
Kickxia elatine,Tdr,MDFRC_2014,7
Lachnagrostis filiformis,Tda,MDFRC_2014,7
Lactuca saligna,Tdr,MDFRC_2014,7
Lactuca serriola,Tdr,MDFRC_2014,7
Lactuca sp.,Tdr,MDFRC_2014,7
Lagenophora huegelii,Tdr,MDFRC_2014,7
Lagurus ovatus,Tdr,MDFRC_2014,7
Lamarckia aurea,Tdr,MDFRC_2014,7
Lamprothamnium macro,S,MDFRC_2014,7
Landoltia punctata,ARf,MDFRC_2014,7
Leiocarpa brevicompta,Tda,MDFRC_2014,7
Leiocarpa leptolepis,Tdr,MDFRC_2014,7
Lemna disperma,ARf,MDFRC_2014,7
Lemna sp.,ARf,MDFRC_2014,7
Leontodon saxatilis,Tdr,MDFRC_2014,7
Lepidium africanum,Tdr,MDFRC_2014,7
Lepidium bonariense,Tdr,MDFRC_2014,7
Lepidium fasciculatum,Tdr,MDFRC_2014,7
Lepidium hyssopifolium,Tdr,MDFRC_2014,7
Lepidium papillosum,Tdr,MDFRC_2014,7
Lepidium pseudohyssopifolium,Tdr,MDFRC_2014,7
Lepidium sagittulatum,Tdr,MDFRC_2014,7
Lepidium sp.,Tdr,MDFRC_2014,7
Limonium sinuatum,Tdr,MDFRC_2014,7
Limosella australis,ATl,MDFRC_2014,7
Limosella curdieana,ATl,MDFRC_2014,7
Linum marginale,Tdr,MDFRC_2014,7
Lobelia anceps,ATl,MDFRC_2014,7
Lobelia concolor,ATl,MDFRC_2014,7
Lobelia pratioides,ATl,MDFRC_2014,7
Lolium perenne,Tdr,MDFRC_2014,7
Lolium rigidum,Tdr,MDFRC_2014,7
Lolium sp.,Tdr,MDFRC_2014,7
Lotus corniculatus,Tda,MDFRC_2014,7
Lotus cruentus,Tdr,MDFRC_2014,7
Ludwigia peploides subsp. montevidensis,ARp,MDFRC_2014,7
Lupinus cosentinii,Tdr,MDFRC_2014,7
Lycium ferocissimum,Tdr,MDFRC_2014,7
Lycium sp.,Tdr,MDFRC_2014,7
Lycopus australis,ATe,MDFRC_2014,7
Lythrum hyssopifolia,Tda,MDFRC_2014,7
Lythrum salicaria,Tda,MDFRC_2014,7
Maireana aphylla,Tdr,MDFRC_2014,7
Maireana appressa,Tdr,MDFRC_2014,7
Maireana brevifolia,Tdr,MDFRC_2014,7
Maireana decalvans,Tdr,MDFRC_2014,7
Maireana enchylaenoides,Tdr,MDFRC_2014,7
Maireana erioclada,Tdr,MDFRC_2014,7
Maireana humillima,Tdr,MDFRC_2014,7
Maireana pentagona,Tdr,MDFRC_2014,7
Maireana pentatropis,Tdr,MDFRC_2014,7
Maireana pyramidata,Tdr,MDFRC_2014,7
Maireana sclerolaenoides,Tdr,MDFRC_2014,7
Maireana sedifolia,Tdr,MDFRC_2014,7
Maireana sp.,Tdr,MDFRC_2014,7
Maireana triptera,Tdr,MDFRC_2014,7
Maireana turbinata,Tdr,MDFRC_2014,7
Malacocera tricornis,Tdr,MDFRC_2014,7
Malva nicaeensis,Tdr,MDFRC_2014,7
Malva parviflora,Tdr,MDFRC_2014,7
Malva preissiana,Tdr,MDFRC_2014,7
Malva sp.,Tdr,MDFRC_2014,7
Marrubium vulgare,Tdr,MDFRC_2014,7
Marsilea costulifera,ARp,MDFRC_2014,7
Marsilea drummondii,ARp,MDFRC_2014,7
Marsilea hirsuta,ARp,MDFRC_2014,7
Marsilea sp.,ARp,MDFRC_2014,7
Medicago minima,Tdr,MDFRC_2014,7
Medicago polymorpha,Tdr,MDFRC_2014,7
Medicago praecox,Tdr,MDFRC_2014,7
Medicago sp.,Tdr,MDFRC_2014,7
Medicago truncatula,Tdr,MDFRC_2014,7
Melaleuca halmaturorum,ATw,MDFRC_2014,7
Melilotus albus,Tdr,MDFRC_2014,7
Melilotus indicus,Tdr,MDFRC_2014,7
Mentha australis,Tda,MDFRC_2014,7
Mesembryanthemum crystallinum,Tdr,MDFRC_2014,7
Mesembryanthemum nodiflorum,Tdr,MDFRC_2014,7
Mimulus gracilis,Tda,MDFRC_2014,7
Mimulus prostratus,Tda,MDFRC_2014,7
Mimulus repens,ATl,MDFRC_2014,7
Minuria denticulata,Tda,MDFRC_2014,7
Minuria integerrima,Tda,MDFRC_2014,7
Modiola caroliniana,Tdr,MDFRC_2014,7
Mollugo cerviana,Tdr,MDFRC_2014,7
Monoculus monstrosus,Tdr,MDFRC_2014,7
Muehlenbeckia florulenta,ATw,MDFRC_2014,7
Muehlenbeckia horrida,ATw,MDFRC_2014,7
Myoporum parvifolium,Tdr,MDFRC_2014,7
Myosurus australis,Tda,MDFRC_2014,7
Myriophyllum aquaticum,ARp,MDFRC_2014,7
Myriophyllum caput-medusae,ARp,MDFRC_2014,7
Myriophyllum crispatum,ARp,MDFRC_2014,7
Myriophyllum papillosum,ARp,MDFRC_2014,7
Myriophyllum salsugineum,ARp,MDFRC_2014,7
Myriophyllum simulans,ARp,MDFRC_2014,7
Myriophyllum sp.,ARp,MDFRC_2014,7
Myriophyllum variifolium,ARp,MDFRC_2014,7
Myriophyllum verrucosum,ARp,MDFRC_2014,7
Najas tenuifolia,S,MDFRC_2014,7
Neobassia proceriflora,Tdr,MDFRC_2014,7
Neogunnia seplifraga,Tdr,MDFRC_2014,7
Nicotiana glauca,Tdr,MDFRC_2014,7
Nicotiana occidentalis subsp. obliqua,Tdr,MDFRC_2014,7
Nicotiana velutina,Tdr,MDFRC_2014,7
Nitella sp.,S,MDFRC_2014,7
Nothoscordum gracile,Tdr,MDFRC_2014,7
Nymphoides crenata,ARf,MDFRC_2014,7
Olearia pimeleoides,Tdr,MDFRC_2014,7
Omphalolappula concava,Tdr,MDFRC_2014,7
Onopordum acanthium,Tdr,MDFRC_2014,7
Onopordum acaulon,Tdr,MDFRC_2014,7
Ophioglossum lusitanicum,Tda,MDFRC_2014,7
Osteocarpum acropterum,Tdr,MDFRC_2014,7
Osteocarpum salsuginosum,Tdr,MDFRC_2014,7
Osteocarpum sp.,Tdr,MDFRC_2014,7
Ottelia ovalifolia subsp. ovalifolia,ARf,MDFRC_2014,7
Oxalis perennans,Tdr,MDFRC_2014,7
Oxalis pes-caprae,Tdr,MDFRC_2014,7
Oxalis radicosa,Tdr,MDFRC_2014,7
Oxalis sp.,Tdr,MDFRC_2014,7
Parapholis incurva,Tdr,MDFRC_2014,7
Parietaria debilis,Tdr,MDFRC_2014,7
Paspalidium jubiflorum,Tda,MDFRC_2014,7
Paspalum dilatatum,Tdr,MDFRC_2014,7
Paspalum distichum,ATe,MDFRC_2014,7
Pennisetum clandestinum,Tda,MDFRC_2014,7
Pentameris airoides,Tdr,MDFRC_2014,7
Persicaria decipiens,ATe,MDFRC_2014,7
Persicaria hydropiper,ATe,MDFRC_2014,7
Persicaria lapathifolia,ATe,MDFRC_2014,7
Persicaria prostrata,ATl,MDFRC_2014,7
Petrorhagia dubia,Tdr,MDFRC_2014,7
Phalaris aquatica,Tda,MDFRC_2014,7
Phalaris arundinacea,Tda,MDFRC_2014,7
Phalaris minor,Tda,MDFRC_2014,7
Phalaris paradoxa,Tda,MDFRC_2014,7
Phragmites australis,ATe,MDFRC_2014,7
Phyla canescens,ATl,MDFRC_2014,7
Phyllanthus lacunarius,Tda,MDFRC_2014,7
Physalis viscosa,Tdr,MDFRC_2014,7
Picris angustifolia,Tdr,MDFRC_2014,7
Picris sp.,Tdr,MDFRC_2014,7
Picris squarrosa,Tdr,MDFRC_2014,7
Pilularia novae-hollandiae,ATl,MDFRC_2014,7
Pimelea trichostachya,Tdr,MDFRC_2014,7
Pittosporum angustifolium,Tdr,MDFRC_2014,7
Plagiobothrys plurisepaleus,Tda,MDFRC_2014,7
Plantago coronopus,Tdr,MDFRC_2014,7
Plantago cunninghamii,Tda,MDFRC_2014,7
Plantago drummondii,Tda,MDFRC_2014,7
Plantago gaudichaudii,Tdr,MDFRC_2014,7
Plantago lanceolata,Tdr,MDFRC_2014,7
Plantago major,Tdr,MDFRC_2014,7
Plantago turrifera,Tdr,MDFRC_2014,7
Plantago varia,Tdr,MDFRC_2014,7
Poa annua,Tdr,MDFRC_2014,7
Poa labillardierei var. labillardierei  ,Tda,MDFRC_2014,7
Podolepis capillaris,Tdr,MDFRC_2014,7
Pogonolepis muelleriana,Tdr,MDFRC_2014,7
Polycalymma stuartii,Tdr,MDFRC_2014,7
Polycarpon tetraphyllum,Tda,MDFRC_2014,7
Polygonum arenastrum,Tda,MDFRC_2014,7
Polygonum aviculare,Tdr,MDFRC_2014,7
Polygonum plebeium,Tda,MDFRC_2014,7
Polypogon monspeliensis,ATe,MDFRC_2014,7
Portulaca oleracea,Tdr,MDFRC_2014,7
Potamogeton cheesemanii,ARp,MDFRC_2014,7
Potamogeton crispus,S,MDFRC_2014,7
Potamogeton ochreatus,S,MDFRC_2014,7
Potamogeton pectinatus,S,MDFRC_2014,7
Potamogeton sulcatus,ARp,MDFRC_2014,7
Pseudoraphis spinescens,ARp,MDFRC_2014,7
Psilocaulon granulicaule,Tdr,MDFRC_2014,7
Psilocaulon tenue,Tdr,MDFRC_2014,7
Ptilotus obovatus,Tdr,MDFRC_2014,7
Ptilotus sp.,Tdr,MDFRC_2014,7
Ptilotus spathulatus f. spathulatus,Tdr,MDFRC_2014,7
Puccinellia sp.,Tda,MDFRC_2014,7
Pycnosorus globosus,Tdr,MDFRC_2014,7
Pycnosorus pleiocephalus,Tdr,MDFRC_2014,7
Ranunculus inundatus,ATl,MDFRC_2014,7
Ranunculus lappaceus,Tda,MDFRC_2014,7
Ranunculus pentandrus var. platycarpus,Tda,MDFRC_2014,7
Ranunculus pumilio,Tda,MDFRC_2014,7
Ranunculus sceleratus,ATe,MDFRC_2014,7
Ranunculus sessiliflorus,Tda,MDFRC_2014,7
Ranunculus trichophyllus,S,MDFRC_2014,7
Ranunculus trilobus,Tda,MDFRC_2014,7
Raphanus raphanistrum,Tda,MDFRC_2014,7
Rapistrum rugosum,Tdr,MDFRC_2014,7
Reichardia tingitana,Tdr,MDFRC_2014,7
Reseda luteola,Tdr,MDFRC_2014,7
Rhagodia sp.,Tdr,MDFRC_2014,7
Rhagodia spinescens,Tdr,MDFRC_2014,7
Rhodanthe corymbiflora,Tdr,MDFRC_2014,7
Rhodanthe floribunda,Tdr,MDFRC_2014,7
Rhodanthe moschata,Tdr,MDFRC_2014,7
Rhodanthe pygmaea,Tdr,MDFRC_2014,7
Rhodanthe stuartiana,Tdr,MDFRC_2014,7
Romulea rosea,Tdr,MDFRC_2014,7
Rorippa eustylis,Tda,MDFRC_2014,7
Rorippa laciniata,Tda,MDFRC_2014,7
Rorippa nasturtium-aquaticum,ATe,MDFRC_2014,7
Rorippa palustris,Tda,MDFRC_2014,7
Rosa rubiginosa,Tdr,MDFRC_2014,7
Rosa sp.,Tdr,MDFRC_2014,7
Rostraria cristata,Tdr,MDFRC_2014,7
Rostraria pumila,Tdr,MDFRC_2014,7
Rubus anglocandicans,Tda,MDFRC_2014,7
Rubus ulmifolius,Tda,MDFRC_2014,7
Rumex bidens,ATe,MDFRC_2014,7
Rumex brownii,Tda,MDFRC_2014,7
Rumex conglomeratus,Tda,MDFRC_2014,7
Rumex crystallinus,Tda,MDFRC_2014,7
Rumex dumosus,Tda,MDFRC_2014,7
Rumex pulcher,Tda,MDFRC_2014,7
Rumex tenax,Tda,MDFRC_2014,7
Ruppia megacarpa,S,MDFRC_2014,7
Ruppia polycarpa,S,MDFRC_2014,7
Ruppia tuberosa,S,MDFRC_2014,7
Rytidosperma caespitosum,Tdr,MDFRC_2014,7
Rytidosperma duttonianum,Tdr,MDFRC_2014,7
Rytidosperma erianthum,Tdr,MDFRC_2014,7
Rytidosperma fulvum  ,Tdr,MDFRC_2014,7
Rytidosperma racemosum var. racemosum,Tdr,MDFRC_2014,7
Rytidosperma setaceum,Tdr,MDFRC_2014,7
Rytidosperma sp.,Tdr,MDFRC_2014,7
Salix babylonica,ATw,MDFRC_2014,7
Salsola australis,Tdr,MDFRC_2014,7
Salvia verbenaca,Tdr,MDFRC_2014,7
Samolus repens,Tda,MDFRC_2014,7
Santalum sp.,Tdr,MDFRC_2014,7
Sarcocornia quinqueflora,ATe,MDFRC_2014,7
Sarcozona praecox,Tdr,MDFRC_2014,7
Sauropus trachyspermus,Tdr,MDFRC_2014,7
Scabiosa atropurpurea,Tdr,MDFRC_2014,7
Schenkia australis,Tdr,MDFRC_2014,7
Schismus barbatus,Tdr,MDFRC_2014,7
Schoenoplectus pungens,ATe,MDFRC_2014,7
Schoenoplectus tabernaemontani,ATe,MDFRC_2014,7
Schoenus sp.,ATe,MDFRC_2014,7
Scleranthus minusculus,Tdr,MDFRC_2014,7
Scleroblitum atriplicinum,Tdr,MDFRC_2014,7
Sclerolaena bicornis,Tdr,MDFRC_2014,7
Sclerolaena blackiana,Tdr,MDFRC_2014,7
Sclerolaena brachyptera,Tdr,MDFRC_2014,7
Sclerolaena calcarata,Tdr,MDFRC_2014,7
Sclerolaena cuneata,Tdr,MDFRC_2014,7
Sclerolaena decurrens,Tdr,MDFRC_2014,7
Sclerolaena diacantha,Tdr,MDFRC_2014,7
Sclerolaena divaricata,Tdr,MDFRC_2014,7
Sclerolaena intricata,Tdr,MDFRC_2014,7
Sclerolaena muricata,Tdr,MDFRC_2014,7
Sclerolaena obliquicuspis,Tdr,MDFRC_2014,7
Sclerolaena parviflora,Tdr,MDFRC_2014,7
Sclerolaena patenticuspis,Tdr,MDFRC_2014,7
Sclerolaena sp.,Tdr,MDFRC_2014,7
Sclerolaena stelligera,Tdr,MDFRC_2014,7
Sclerolaena tricuspis,Tdr,MDFRC_2014,7
Sclerolaena ventricosa,Tdr,MDFRC_2014,7
Scorzonera laciniata,Tdr,MDFRC_2014,7
Senecio campylocarpus,Tda,MDFRC_2014,7
Senecio cunninghamii var. cunninghamii,Tdr,MDFRC_2014,7
Senecio glossanthus,Tda,MDFRC_2014,7
Senecio minimus,Tda,MDFRC_2014,7
Senecio pterophorus,Tdr,MDFRC_2014,7
Senecio quadridentatus,Tdr,MDFRC_2014,7
Senecio runcinifolius,Tda,MDFRC_2014,7
Sherardia arvensis,Tdr,MDFRC_2014,7
Sida ammophila,Tdr,MDFRC_2014,7
Sida corrugata,Tdr,MDFRC_2014,7
Sida intricata,Tdr,MDFRC_2014,7
Sida petrophila,Tdr,MDFRC_2014,7
Sida sp.,Tdr,MDFRC_2014,7
Sida species A,Tdr,MDFRC_2014,7
Sida trichopoda,Tdr,MDFRC_2014,7
Sigesbeckia orientalis,Tda,MDFRC_2014,7
Silene apetala,Tdr,MDFRC_2014,7
Silene gallica,Tdr,MDFRC_2014,7
Silene sp.,Tdr,MDFRC_2014,7
Silybum marianum,Tdr,MDFRC_2014,7
Sisymbrium erysimoides,Tdr,MDFRC_2014,7
Sisymbrium orientale,Tdr,MDFRC_2014,7
Sisymbrium sp.,Tdr,MDFRC_2014,7
Solanum esuriale,Tdr,MDFRC_2014,7
Solanum lacunarium,Tda,MDFRC_2014,7
Solanum nigrum,Tdr,MDFRC_2014,7
Solanum oligacanthum,Tda,MDFRC_2014,7
Solanum simile,Tda,MDFRC_2014,7
Solenogyne dominii,Tdr,MDFRC_2014,7
Soliva anthemifolia,Tdr,MDFRC_2014,7
Sonchus asper,Tdr,MDFRC_2014,7
Sonchus oleraceus,Tdr,MDFRC_2014,7
Spergularia brevifolia,Tda,MDFRC_2014,7
Spergularia diandra,Tdr,MDFRC_2014,7
Spergularia marina,Tdr,MDFRC_2014,7
Spergularia media,Tdr,MDFRC_2014,7
Spergularia rubra,Tdr,MDFRC_2014,7
Spirodela sp.,ARf,MDFRC_2014,7
Sporobolus mitchellii,Tda,MDFRC_2014,7
Stackhousia sp.,Tdr,MDFRC_2014,7
Stackhousia subterranea,Tdr,MDFRC_2014,7
Stellaria angustifolia,Tda,MDFRC_2014,7
Stellaria caespitosa,ATl,MDFRC_2014,7
Stellaria media,Tdr,MDFRC_2014,7
Stemodia florulenta,Tda,MDFRC_2014,7
Stemodia glabella,Tda,MDFRC_2014,7
Stenopetalum lineare,Tdr,MDFRC_2014,7
Suaeda australis,ATe,MDFRC_2014,7
Swainsona procumbens,Tda,MDFRC_2014,7
Taraxacum bracteatum,Tdr,MDFRC_2014,7
Taraxacum Sect. Hamata,Tdr,MDFRC_2014,7
Tecticornia pergranulata,ATe,MDFRC_2014,7
Tecticornia triandra,Tdr,MDFRC_2014,7
Tetragonia moorei,Tdr,MDFRC_2014,7
Tetragonia tetragonioides,Tdr,MDFRC_2014,7
Teucrium racemosum,Tdr,MDFRC_2014,7
Trachymene cyanopetala,Tdr,MDFRC_2014,7
Tribulus terrestris,Tdr,MDFRC_2014,7
Trifolium angustifolium var. angustifolium,Tdr,MDFRC_2014,7
Trifolium arvense var. arvense,Tdr,MDFRC_2014,7
Trifolium campestre var. campestre,Tdr,MDFRC_2014,7
Trifolium cernuum,Tdr,MDFRC_2014,7
Trifolium dubium,Tdr,MDFRC_2014,7
Trifolium fragiferum var. fragiferum,Tdr,MDFRC_2014,7
Trifolium glomeratum,Tdr,MDFRC_2014,7
Trifolium repens var. repens,Tdr,MDFRC_2014,7
Trifolium sp.,Tdr,MDFRC_2014,7
Trifolium striatum,Tdr,MDFRC_2014,7
Trifolium subterraneum,Tdr,MDFRC_2014,7
Trifolium suffocatum,Tdr,MDFRC_2014,7
Trifolium tomentosum var. tomentosum,Tdr,MDFRC_2014,7
Triglochin multifructa,ATe,MDFRC_2014,7
Triglochin procera,ATe,MDFRC_2014,7
Triglochin sp.,ATe,MDFRC_2014,7
Triglochin striata,ATe,MDFRC_2014,7
Trigonella suavissima,Tda,MDFRC_2014,7
Triticum sp.,Tdr,MDFRC_2014,7
Typha domingensis,ATe,MDFRC_2014,7
Typha orientalis,ATe,MDFRC_2014,7
Typha sp.,ATe,MDFRC_2014,7
Urtica incisa,Tdr,MDFRC_2014,7
Urtica sp.,Tdr,MDFRC_2014,7
Urtica urens,Tdr,MDFRC_2014,7
Utricularia australis,ARp,MDFRC_2014,7
Vallisneria australis,S,MDFRC_2014,7
Verbascum virgatum,Tdr,MDFRC_2014,7
Verbena bonariensis,Tdr,MDFRC_2014,7
Verbena officinalis,Tdr,MDFRC_2014,7
Verbena sp.,Tdr,MDFRC_2014,7
Verbena supina,Tdr,MDFRC_2014,7
Veronica catenata,ATe,MDFRC_2014,7
Veronica peregrina,Tda,MDFRC_2014,7
Vicia monantha subsp. triflora,Tdr,MDFRC_2014,7
Vicia sativa,Tdr,MDFRC_2014,7
Vicia sp.,Tdr,MDFRC_2014,7
Viola betonicifolia,Tda,MDFRC_2014,7
Viola hederacea,Tda,MDFRC_2014,7
Vittadinia cervicularis,Tdr,MDFRC_2014,7
Vittadinia cuneata,Tdr,MDFRC_2014,7
Vittadinia dissecta,Tdr,MDFRC_2014,7
Vittadinia eremaea,Tdr,MDFRC_2014,7
Vittadinia gracilis,Tdr,MDFRC_2014,7
Vittadinia pterochaeta,Tdr,MDFRC_2014,7
Vittadinia sp.,Tdr,MDFRC_2014,7
Vittadinia sulcata,Tdr,MDFRC_2014,7
Vulpia bromoides,Tdr,MDFRC_2014,7
Vulpia muralis,Tdr,MDFRC_2014,7
Vulpia sp.,Tdr,MDFRC_2014,7
Wahlenbergia fluminalis,Tda,MDFRC_2014,7
Wahlenbergia gracilenta,Tdr,MDFRC_2014,7
Wahlenbergia gracilis,Tdr,MDFRC_2014,7
Wahlenbergia littoricola,Tdr,MDFRC_2014,7
Wilsonia rotundifolia,Tda,MDFRC_2014,7
Xanthium spinosum,Tdr,MDFRC_2014,7
Xanthium strumarium,Tda,MDFRC_2014,7
Xerochrysum bracteatum,Tdr,MDFRC_2014,7
Xerochrysum viscosum,Tdr,MDFRC_2014,7
Zygophyllum ammophilum,Tdr,MDFRC_2014,7
Zygophyllum glaucum,Tdr,MDFRC_2014,7
Zygophyllum iodocarpum,Tdr,MDFRC_2014,7
Zygophyllum sp.,Tdr,MDFRC_2014,7
Acacia dorothea,Tdr,Johns_2015,8
Acacia melanoxylon,Tdr,Johns_2015,8
Agrostis bettyae,ATe,Johns_2015,8
Allocasuarina nana,Tdr,Johns_2015,8
Arthropodium milleflorum,Tda,Johns_2015,8
Baeckea linifolia,ATw,Johns_2015,8
Baeckea utilis,ATw,Johns_2015,8
Baloskion australe,ATe,Johns_2015,8
Baloskion gracile,ATe,Johns_2015,8
Baloskion sp.,ATe,Johns_2015,8
Banksia cunninghamii,Tdr,Johns_2015,8
Banksia ericifolia,ATw,Johns_2015,8
Banksia marginata,Tdr,Johns_2015,8
Banksia sp.,Tdr,Johns_2015,8
Baumea rubiginosa,ATe,Johns_2015,8
Baumea sp.,ATe,Johns_2015,8
Billardiera scandens,Tdr,Johns_2015,8
Blechnum ambiguum,Tda,Johns_2015,8
Blechnum nudum,ATe,Johns_2015,8
Blechnum sp.,ATe,Johns_2015,8
Boronia deanei,Tda,Johns_2015,8
Boronia microphylla,Tdr,Johns_2015,8
Bossiaea lenticularis,Tda,Johns_2015,8
Callistemon pityoides,ATw,Johns_2015,8
Carex sp.,ATe,Johns_2015,8
Celmisia longifolia,ATe,Johns_2015,8
Centaurium erythraea,Tda,Johns_2015,8
Centella asiatica,Tda,Johns_2015,8
Centipeda minima,ATl,Johns_2015,8
Cirsium vulgare,Tda,Johns_2015,8
Conospermum taxifolium,Tda,Johns_2015,8
Conyza sp.,Tda,Johns_2015,8
Coronidium scorpioides,Tda,Johns_2015,8
Cyperaceae indeterminate,ATe,Johns_2015,8
Dampiera stricta,Tdr,Johns_2015,8
Daviesia latifolia,Tdr,Johns_2015,8
Derwentia blakelyi,Tdr,Johns_2015,8
Deyeuxia gunniana,Tda,Johns_2015,8
Dianella tasmanica,Tdr,Johns_2015,8
Dichelachne inaequiglumis,Tda,Johns_2015,8
Dichondra repens,Tda,Johns_2015,8
Dichondra sp. (Glabrous leaves),Tda,Johns_2015,8
Drosera spatulata,Tda,Johns_2015,8
Eleocharis gracilis,ATe,Johns_2015,8
Eleocharis sp.,ATe,Johns_2015,8
Empodisma minus,ATe,Johns_2015,8
Epacris microphylla,ATw,Johns_2015,8
Epacris obtusifolia,ATw,Johns_2015,8
Epacris paludosa,ATw,Johns_2015,8
Eriochilus cucullatus,Tdr,Johns_2015,8
Eucalyptus blaxlandii,Tdr,Johns_2015,8
Eucalyptus dalrympleana,Tdr,Johns_2015,8
Eucalyptus dives,Tdr,Johns_2015,8
Eucalyptus mannifera,Tdr,Johns_2015,8
Eucalyptus oreades,Tdr,Johns_2015,8
Eucalyptus pauciflora,Tdr,Johns_2015,8
Eucalyptus radiata,Tdr,Johns_2015,8
Eucalyptus sieberi,Tdr,Johns_2015,8
Eucalyptus sp.,Tdr,Johns_2015,8
Eucalyptus sp. (seedling),Tdr,Johns_2015,8
Euchiton involucratus,Tda,Johns_2015,8
Gahnia filifolia,Tdr,Johns_2015,8
Gahnia sieberiana,ATe,Johns_2015,8
Galium gaudichaudii,Tdr,Johns_2015,8
Galium sp.,Tdr,Johns_2015,8
Geranium homeanum,Tda,Johns_2015,8
Gleichenia dicarpa,ATe,Johns_2015,8
Gonocarpus micranthus,ATl,Johns_2015,8
Gonocarpus tetragynus,Tda,Johns_2015,8
Goodenia sp.,Tdr,Johns_2015,8
Grevillea acanthifolia,ATw,Johns_2015,8
Grevillea laurifolia,Tdr,Johns_2015,8
Gymnoschoenus sphaerocephalus,ATe,Johns_2015,8
Hakea dactyloides,Tdr,Johns_2015,8
Hakea microcarpa,ATe,Johns_2015,8
Hemarthria uncinata,ATe,Johns_2015,8
Hibbertia acicularis,Tdr,Johns_2015,8
Hibbertia rufa,Tda,Johns_2015,8
Holcus lanatus,ATe,Johns_2015,8
Hydrocotyle laxiflora,Tda,Johns_2015,8
Hydrocotyle peduncularis,ATl,Johns_2015,8
Hypericum gramineum,Tdr,Johns_2015,8
Hypericum japonicum,ATl,Johns_2015,8
Hypochaeris glabra,Tdr,Johns_2015,8
Hypochaeris radicata,Tdr,Johns_2015,8
Isolepis inundata,ATe,Johns_2015,8
Isolepis sp.,ATe,Johns_2015,8
Isolepis sp./Schoenus sp.,ATe,Johns_2015,8
Isopogon anemonifolius,Tdr,Johns_2015,8
Joycea pallida,Tdr,Johns_2015,8
Juncus continuus,ATe,Johns_2015,8
Juncus planifolius,ATe,Johns_2015,8
Juncus sp.,ATe,Johns_2015,8
Leontodon taraxacoides,Tda,Johns_2015,8
Lepidosperma limicola,ATe,Johns_2015,8
Lepidosperma tortuosum,ATe,Johns_2015,8
Leptospermum continentale,ATw,Johns_2015,8
Leptospermum grandifolium,ATw,Johns_2015,8
Leptospermum obovatum,ATw,Johns_2015,8
Leptospermum polygalifolium,ATw,Johns_2015,8
Lepyrodia anarthria,ATe,Johns_2015,8
Lepyrodia scariosa,ATe,Johns_2015,8
Lepyrodia sp.,ATe,Johns_2015,8
Lindsaea linearis,Tda,Johns_2015,8
Lomandra filiformis,Tdr,Johns_2015,8
Lomandra filiformis subsp. coriacea,Tdr,Johns_2015,8
Lomandra filiformis subsp. filiformis,Tdr,Johns_2015,8
Lomandra longifolia,Tdr,Johns_2015,8
Lomatia myricoides,Tda,Johns_2015,8
Lomatia silaifolia,Tdr,Johns_2015,8
Luzula flaccida,Tda,Johns_2015,8
Microlaena stipoides,Tda,Johns_2015,8
Mirbelia platylobioides,Tdr,Johns_2015,8
Mitrasacme polymorpha,Tdr,Johns_2015,8
Mitrasacme serpyllifolia,Tda,Johns_2015,8
Monotoca scoparia,Tdr,Johns_2015,8
Myriophyllum pedunculatum,ARp,Johns_2015,8
Nertera granadensis,ATl,Johns_2015,8
Olearia erubescens,Tdr,Johns_2015,8
Olearia quercifolia,ATw,Johns_2015,8
Patersonia fragilis,ATe,Johns_2015,8
Patersonia sericea,Tdr,Johns_2015,8
Persoonia mollis,Tda,Johns_2015,8
Persoonia recedens,Tdr,Johns_2015,8
Persoonia sp.,Tdr,Johns_2015,8
Petrophile pulchella,Tdr,Johns_2015,8
Pimelea linifolia,Tdr,Johns_2015,8
Pinus radiata,Tdr,Johns_2015,8
Platysace linearifolia,Tdr,Johns_2015,8
Poa sieberiana var. cyanophylla,Tdr,Johns_2015,8
Poa sieberiana var. sieberiana,Tda,Johns_2015,8
Polygonum plebeium,Tda,Johns_2015,8
Poranthera microphylla,Tdr,Johns_2015,8
Pratia surrepens,ATl,Johns_2015,8
Prunella vulgaris,Tda,Johns_2015,8
Pultenaea divaricata,ATw,Johns_2015,8
Restionaceae indeterminate,ATe,Johns_2015,8
Schoenus apogon,ATe,Johns_2015,8
Senecio diaschides,Tda,Johns_2015,8
Senecio linearifolius,Tda,Johns_2015,8
Senecio minimus,Tdr,Johns_2015,8
Sonchus asper,Tdr,Johns_2015,8
Sprengelia incarnata,ATw,Johns_2015,8
Stellaria pungens,Tda,Johns_2015,8
Utricularia sp.,ARp,Johns_2015,8
Velleia montana,Tda,Johns_2015,8
Viola hederacea,Tda,Johns_2015,8
Viola sieberiana,Tda,Johns_2015,8
Viola sp.,Tda,Johns_2015,8
Xyris gracilis,Tda,Johns_2015,8
Xyris ustulata,ATe,Johns_2015,8
Acaena novae-zelandiae,Tdr,Deane_2017,9
Aira cupaniana,Tdr,Deane_2017,9
Alisma lanceolatum,Se,Deane_2017,9
Anagallis arvensis,Tda,Deane_2017,9
Angianthus preissianus,Tda,Deane_2017,9
Apium sp.,Tdr,Deane_2017,9
Apodasmia brownii,ATe,Deane_2017,9
Aster subulatus,ATe,Deane_2017,9
Azolla sp.,ARf,Deane_2017,9
Batrachium trichophyllum,Sr,Deane_2017,9
Baumea arthrophylla,ATe,Deane_2017,9
Baumea articulata,ATe,Deane_2017,9
Baumea juncea,ATe,Deane_2017,9
Blackstonia perfoliata,Tdr,Deane_2017,9
Bolboschoenus caldwellii,Se,Deane_2017,9
Bromus diandrus,Tdr,Deane_2017,9
Bromus hordeaceus subsp. hordeaceus,Tdr,Deane_2017,9
Carduus tenuiflorus,Tdr,Deane_2017,9
Carex fascicularis,ATe,Deane_2017,9
Carex tereticaulis,Tda,Deane_2017,9
Ceratophyllum demersum,Sk,Deane_2017,9
Chara sp.,Sr,Deane_2017,9
Chara sp.,Sr,Deane_2017,9
Chara sp.,Sr,Deane_2017,9
Chenopodium album,Tdr,Deane_2017,9
Chenopodium glaucum,Tda,Deane_2017,9
Chenopodium glaucum,Tda,Deane_2017,9
Cirsium sp.,Tdr,Deane_2017,9
Cirsium vulgare,Tdr,Deane_2017,9
Cotula coronopifolia,ARp,Deane_2017,9
Cotula vulgaris var. australasica,Tda,Deane_2017,9
Crassula helmsii,ATl,Deane_2017,9
Crassula natans var. minus,ATl,Deane_2017,9
Cynodon dactylon,Tdr,Deane_2017,9
Cyperaceae sp.,ATe,Deane_2017,9
Cyperus fascicularis,ATe,Deane_2017,9
Cyperus gymnocaulos,ATe,Deane_2017,9
Cyperus tenellus,ATe,Deane_2017,9
Distichlis distichophylla,Tda,Deane_2017,9
Distichlis distichophylla,Tda,Deane_2017,9
Eleocharis acuta,ATe,Deane_2017,9
Epilobium pallidiflorum,Tda,Deane_2017,9
Eryngium vesiculosum,Se,Deane_2017,9
Eucalyptus camaldulensis var. camaldulensis,ATw,Deane_2017,9
Ficinia nodosa,ATe,Deane_2017,9
Ficinia nodosa,ATe,Deane_2017,9
Filamentous algae,Sr,Deane_2017,9
Gahnia filum,ATe,Deane_2017,9
Gahnia trifida,ATe,Deane_2017,9
Gramineae sp.,Tdr,Deane_2017,9
Gramineae sp.,Tdr,Deane_2017,9
Gramineae sp.,Tdr,Deane_2017,9
Heliotropium curassavicum,Tdr,Deane_2017,9
Hemichroa pentandra,Tda,Deane_2017,9
Hordeum leporinum,Tdr,Deane_2017,9
Hordeum leporinum,Tdr,Deane_2017,9
Hydrocotyle capillaris,Tda,Deane_2017,9
Hydrocotyle plebeya,ARp,Deane_2017,9
Hydrocotyle verticillata,ARp,Deane_2017,9
Hypochaeris glabra,Tdr,Deane_2017,9
Isoetes drummondii subsp. drummondii,ATl,Deane_2017,9
Isolepis cernua,ATl,Deane_2017,9
Isolepis fluitans,Sr,Deane_2017,9
Isolepis inundata,Se,Deane_2017,9
Isolepis platycarpa,ATl,Deane_2017,9
Juncus holoschoenus,ATe,Deane_2017,9
Juncus kraussii,ATe,Deane_2017,9
Juncus pallidus,ATe,Deane_2017,9
Lachnagrostis filiformis,ATe,Deane_2017,9
Lachnagrostis filiformis,ATe,Deane_2017,9
Lagurus ovatus,Tdr,Deane_2017,9
Lemna disperma,ARf,Deane_2017,9
Lemna sp.,ARf,Deane_2017,9
Lepidosperma laterale,ATe,Deane_2017,9
Lepilaena australis,Sr,Deane_2017,9
Lepilaena cylindrocarpa,Sr,Deane_2017,9
Lepilaena cylindrocarpa,Sr,Deane_2017,9
Lepilaena preissii,Sr,Deane_2017,9
Lilaeopsis polyantha,ATe,Deane_2017,9
Lilaeopsis polyantha,ATe,Deane_2017,9
Lobelia sp.,ATe,Deane_2017,9
Lolium rigidum,Tdr,Deane_2017,9
Marrubium vulgare,Tdr,Deane_2017,9
Medicago polymorpha,Tdr,Deane_2017,9
Melaleuca halmaturorum,ATw,Deane_2017,9
Mimulus repens,ATl,Deane_2017,9
Myriophyllum muelleri,ARp,Deane_2017,9
Myriophyllum muelleri,ARp,Deane_2017,9
Myriophyllum papillosum,ARp,Deane_2017,9
Myriophyllum salsugineum,ARp,Deane_2017,9
Myriophyllum salsugineum,ARp,Deane_2017,9
Myriophyllum simulans,ARp,Deane_2017,9
Myriophyllum sp.,ARp,Deane_2017,9
Myriophyllum triphyllum,ARp,Deane_2017,9
Myriophyllum verrucosum,ARp,Deane_2017,9
Parapholis incurva,Tda,Deane_2017,9
Persicaria decipiens,ARp,Deane_2017,9
Persicaria prostrata,Tda,Deane_2017,9
Phragmites australis,Se,Deane_2017,9
Phyla canescens,Tda,Deane_2017,9
Plantago coronopus subsp.,Tdr,Deane_2017,9
Plantago coronopus subsp.,Tdr,Deane_2017,9
Polypogon monspeliensis,Tda,Deane_2017,9
Polypogon monspeliensis,Tda,Deane_2017,9
Potamogeton ochreatus,Sk,Deane_2017,9
Potamogeton pectinatus,Sk,Deane_2017,9
Potamogeton tricarinatus,ARp,Deane_2017,9
Pratia irrigua,ATl,Deane_2017,9
Ranunculus amphitrichus,ARp,Deane_2017,9
Ranunculus inundatus,ARp,Deane_2017,9
Ranunculus papulentus,ATl,Deane_2017,9
Ranunculus pentandrus,ARp,Deane_2017,9
Ranunculus sessiliflorus var.,Tda,Deane_2017,9
Ranunculus sp.,ARp,Deane_2017,9
Ricciocarpus natans,ARf,Deane_2017,9
Romulea sp.,Tdr,Deane_2017,9
Rorippa eustylis,ATl,Deane_2017,9
Rorippa nasturtium-aquaticum,ATl,Deane_2017,9
Ruppia megacarpa,Sk,Deane_2017,9
Ruppia polycarpa,Sr,Deane_2017,9
Ruppia sp.,Sr,Deane_2017,9
Ruppia tuberosa,Sr,Deane_2017,9
Samolus repens,Tda,Deane_2017,9
Samolus repens,Tda,Deane_2017,9
Sarcocornia quinqueflora,Tda,Deane_2017,9
Schoenoplectus pungens,ATe,Deane_2017,9
Schoenoplectus validus,Se,Deane_2017,9
Schoenus nitens,ATl,Deane_2017,9
Sebaea ovata,Tda,Deane_2017,9
Selliera radicans,ARp,Deane_2017,9
Senecio glomeratus,Tda,Deane_2017,9
Sonchus asper subsp. asper,Tdr,Deane_2017,9
Sonchus sp.,Tda,Deane_2017,9
Spergularia media,Tda,Deane_2017,9
Spirodela punctata,ARf,Deane_2017,9
Sporobolus virginicus,Tda,Deane_2017,9
Suaeda australis,ATe,Deane_2017,9
Trifolium campestre,Tdr,Deane_2017,9
Trifolium sp.,Tdr,Deane_2017,9
Trifolium sp.,Tdr,Deane_2017,9
Triglochin alcockiae,Se,Deane_2017,9
Triglochin mucronatum,Tda,Deane_2017,9
Triglochin mulleri,Tda,Deane_2017,9
Triglochin procera,Se,Deane_2017,9
Triglochin striata,Tda,Deane_2017,9
Triglochin striata,Tda,Deane_2017,9
Typha domingensis,Se,Deane_2017,9
Urtica urens,Tda,Deane_2017,9
Villarsia reniformis,ARp,Deane_2017,9
Wilsonia backhousei,Tda,Deane_2017,9
Wilsonia humilis,Tda,Deane_2017,9
Wilsonia rotundifolia,Tda,Deane_2017,9
Wolffia australiana,Tda,Deane_2017,9
Acacia stenophylla,ATw,Ling_2019,10
Adriana tomentosa,Tda,Ling_2019,10
Alisma plantago-aquatica,ARf,Ling_2019,10
Allocasuarina paludosa,ATw,Ling_2019,10
Ammannia multiflora,Tda,Ling_2019,10
Amphibromus macrorhinus,ATe,Ling_2019,10
Amphibromus neesii,ATe,Ling_2019,10
Amphibromus nervosus,ATe,Ling_2019,10
Amphibromus pithogastrus,ARp,Ling_2019,10
Arundo donax,ARp,Ling_2019,10
Astrebla elymoides,Tda,Ling_2019,10
Azolla filiculoides,ARf,Ling_2019,10
Azolla pinnata,ARf,Ling_2019,10
Azolla sp.,ARf,Ling_2019,10
Baloskion australe,Se,Ling_2019,10
Baloskion longipes,ATe,Ling_2019,10
Baumea rubiginosa,ATe,Ling_2019,10
Blechnum minus,Tda,Ling_2019,10
Blechnum nudum,ATe,Ling_2019,10
Blechnum patersonii,Tda,Ling_2019,10
Bolboschoenus caldwellii,Se,Ling_2019,10
Bolboschoenus fluviatilis,Se,Ling_2019,10
Bolboschoenus sp.,Se,Ling_2019,10
Bossiaea bracteosa,Tda,Ling_2019,10
Bossiaea foliosa,Tda,Ling_2019,10
Bulbine bulbosa,Tdr,Ling_2019,10
Burchardia umbellata,Tdr,Ling_2019,10
Caleana major,Tdr,Ling_2019,10
Callistemon linearis,Tdr,Ling_2019,10
Callistemon sieberi,ATw,Ling_2019,10
Callitriche sonderi,ATl,Ling_2019,10
Callitriche umbonata,ATl,Ling_2019,10
Calostemma purpureum,Tdr,Ling_2019,10
Calotis anthemoides,Tda,Ling_2019,10
Calotis plumulifera,Tdr,Ling_2019,10
Calotis scapigera,Tdr,Ling_2019,10
Carex appressa,ATe,Ling_2019,10
Carex bichenoviana,ATe,Ling_2019,10
Carex fascicularis,ATe,Ling_2019,10
Carex gaudichaudiana,ATe,Ling_2019,10
Carex iynx,Tda,Ling_2019,10
Carex klaphakei,ATe,Ling_2019,10
Carex lobolepis,ATe,Ling_2019,10
Carex tereticaulis,ATe,Ling_2019,10
Casuarina cunninghamiana,ATw,Ling_2019,10
Cenchrus purpurascens,Tda,Ling_2019,10
Centella asiatica,ARp,Ling_2019,10
Centipeda crateriformis,Tda,Ling_2019,10
Centipeda cunninghamii,ATl,Ling_2019,10
Centipeda minima,ATl,Ling_2019,10
Centipeda sp.,Tda,Ling_2019,10
Centipeda thespidioides,Tda,Ling_2019,10
Chamaesyce dallachyana,Tda,Ling_2019,10
Chenopodium auricomum,Tda,Ling_2019,10
Chenopodium nitrariaceum,Tda,Ling_2019,10
Comesperma defoliatum,ATe,Ling_2019,10
Coprosma quadrifida,Tdr,Ling_2019,10
Cotula alpina,Tda,Ling_2019,10
Cotula coronopifolia,ARp,Ling_2019,10
Craspedia canens,Tdr,Ling_2019,10
Craspedia paludicola,Tda,Ling_2019,10
Crassula colorata,Tdr,Ling_2019,10
Crassula decumbens,ATl,Ling_2019,10
Crassula helmsii,ARp,Ling_2019,10
Crassula peduncularis,ARp,Ling_2019,10
Cressa australis,ATe,Ling_2019,10
Crinum flaccidum,Tdr,Ling_2019,10
Cullen cinereum,Tda,Ling_2019,10
Cycnogeton dubium,ATl,Ling_2019,10
Cycnogeton multifructum,ATl,Ling_2019,10
Cycnogeton procerum,Se,Ling_2019,10
Cymbopogon ambiguus,Tdr,Ling_2019,10
Cymbopogon obtectus,Tdr,Ling_2019,10
Cyperus alterniflorus,Tda,Ling_2019,10
Cyperus concinnus,ATe,Ling_2019,10
Cyperus difformis,ATl,Ling_2019,10
Cyperus eragrostis,ATe,Ling_2019,10
Cyperus exaltatus,ATe,Ling_2019,10
Cyperus flavidus,ATe,Ling_2019,10
Cyperus gunnii,ATe,Ling_2019,10
Cyperus gymnocaulos,ATe,Ling_2019,10
Cyperus iria,ATe,Ling_2019,10
Cyperus lhotskyanus,ATe,Ling_2019,10
Cyperus lucidus,ATe,Ling_2019,10
Cyperus pygmaeus,ATl,Ling_2019,10
Cyperus rigidellus,ATe,Ling_2019,10
Cyperus sanguinolentus,ATe,Ling_2019,10
Cyperus squarrosus,Tda,Ling_2019,10
Cyperus victoriensis,ATe,Ling_2019,10
Damasonium minus,ARp,Ling_2019,10
Deyeuxia quadriseta,ATe,Ling_2019,10
Dichelachne parva,Tda,Ling_2019,10
Diplachne fusca,ATe,Ling_2019,10
Diplachne muelleri,ATe,Ling_2019,10
Diplachne parviflora,ATe,Ling_2019,10
Drosera auriculata,Tdr,Ling_2019,10
Drosera glanduligera,Tda,Ling_2019,10
Drosera peltata,Tda,Ling_2019,10
Duma florulenta,ATw,Ling_2019,10
Echinochloa colona,Tda,Ling_2019,10
Echinopogon ovatus,Tdr,Ling_2019,10
Eclipta platyglossa,Tda,Ling_2019,10
Elatine gratioloides,ATl,Ling_2019,10
Eleocharis acuta,ATe,Ling_2019,10
Eleocharis atricha,ATe,Ling_2019,10
Eleocharis obicis,ATe,Ling_2019,10
Eleocharis pallens,ATe,Ling_2019,10
Eleocharis plana,ATe,Ling_2019,10
Eleocharis pusilla,ATe,Ling_2019,10
Eleocharis sphacelata,ATe,Ling_2019,10
Epacris breviflora,ATw,Ling_2019,10
Epacris gunnii,ATw,Ling_2019,10
Epacris microphylla,Tdr,Ling_2019,10
Epilobium billardierianum,Tda,Ling_2019,10
Epilobium billardierianum,Tda,Ling_2019,10
Epilobium billardierianum,Tda,Ling_2019,10
Epilobium gunnianum,Tda,Ling_2019,10
Epilobium hirtigerum,Tda,Ling_2019,10
Eragrostis australasica,ATe,Ling_2019,10
Eragrostis brownii,Tdr,Ling_2019,10
Eragrostis falcata,Tda,Ling_2019,10
Eragrostis lacunaria,Tda,Ling_2019,10
Eragrostis leptocarpa,Tda,Ling_2019,10
Eragrostis parviflora,Tda,Ling_2019,10
Eragrostis setifolia,Tda,Ling_2019,10
Eremophila bignoniiflora,ATw,Ling_2019,10
Eriochloa procera,Tda,Ling_2019,10
Eryngium paludosum,ATe,Ling_2019,10
Ethuliopsis cunninghamii,Tda,Ling_2019,10
Eucalyptus aggregata,Tda,Ling_2019,10
Eucalyptus camaldulensis,ATw,Ling_2019,10
Eucalyptus elata,Tdr,Ling_2019,10
Eucalyptus largiflorens,ATw,Ling_2019,10
Eulalia aurea,Tdr,Ling_2019,10
Euphrasia collina,ATe,Ling_2019,10
Gahnia sieberiana,ATe,Ling_2019,10
Gahnia subaequiglumis,ATe,Ling_2019,10
Geranium neglectum,ATe,Ling_2019,10
Glinus oppositifolius,ATl,Ling_2019,10
Glossostigma diandrum,ATl,Ling_2019,10
Glossostigma elatinoides,ATl,Ling_2019,10
Glyceria australis,ATe,Ling_2019,10
Glycyrrhiza acanthocarpa,Tda,Ling_2019,10
Gonocarpus micranthus,ATl,Ling_2019,10
Gonocarpus micranthus,Tda,Ling_2019,10
Gonocarpus micranthus,Tda,Ling_2019,10
Goodenia gracilis,Tda,Ling_2019,10
Goodenia macbarronii,Tda,Ling_2019,10
Goodenia paniculata,Tda,Ling_2019,10
Goodenia stelligera,Tda,Ling_2019,10
Gratiola pedunculata,ARp,Ling_2019,10
Gratiola peruviana,ATe,Ling_2019,10
Gratiola pumilo,Tda,Ling_2019,10
Haloragis aspera,Tda,Ling_2019,10
Haloragis glauca,Tda,Ling_2019,10
Haloragis heterophylla,Tda,Ling_2019,10
Hemarthria uncinata,Tda,Ling_2019,10
Hemarthria uncinata,Tda,Ling_2019,10
Hibiscus brachysiphonius,Tda,Ling_2019,10
Hookerochloa eriopoda,Tda,Ling_2019,10
Hookerochloa hookeriana,Tda,Ling_2019,10
Hookerochloa sp.,Tda,Ling_2019,10
Hydrocotyle acutiloba,Tda,Ling_2019,10
Hydrocotyle algida,ATl,Ling_2019,10
Hydrocotyle callicarpa,Tdr,Ling_2019,10
Hydrocotyle sibthorpioides,Tda,Ling_2019,10
Hypericum japonicum,Tda,Ling_2019,10
Hypoxis vaginata,Tda,Ling_2019,10
Iseilema membranaceum,Tda,Ling_2019,10
Isoetes drummondii,Sk,Ling_2019,10
Isoetes muelleri,Sk,Ling_2019,10
Isolepis cernua,ATl,Ling_2019,10
Isolepis congrua,ATe,Ling_2019,10
Isolepis habra,Tda,Ling_2019,10
Isolepis inundata,ATl,Ling_2019,10
Isolepis victoriensis,ATl,Ling_2019,10
Isotoma fluviatilis,ATl,Ling_2019,10
Isotoma fluviatilis,ATl,Ling_2019,10
Isotoma fluviatilis,ATl,Ling_2019,10
Juncus acutus,ATe,Ling_2019,10
Juncus articulatus,ATe,Ling_2019,10
Juncus australis,Tda,Ling_2019,10
Juncus bufonius,Tda,Ling_2019,10
Juncus continuus,ATe,Ling_2019,10
Juncus flavidus,ATe,Ling_2019,10
Juncus fockei,Tda,Ling_2019,10
Juncus gregiflorus,Tda,Ling_2019,10
Juncus holoschoenus,ATe,Ling_2019,10
Juncus ochrocoleus,ATe,Ling_2019,10
Juncus planifolius,ATe,Ling_2019,10
Juncus procerus,Tda,Ling_2019,10
Juncus psammophilus,Tda,Ling_2019,10
Juncus radula,ATe,Ling_2019,10
Juncus remotiflorus,ATe,Ling_2019,10
Juncus sarophorus,ATe,Ling_2019,10
Juncus subglaucus,ATe,Ling_2019,10
Juncus usitatus,ATe,Ling_2019,10
Juncus vaginatus,ATe,Ling_2019,10
Kippistia suaedifolia,Tdr,Ling_2019,10
Lachnagrostis filiformis,ATe,Ling_2019,10
Lagenophora gracilis,Tda,Ling_2019,10
Leiocarpa brevicompta,Tda,Ling_2019,10
Lemna disperma,ARf,Ling_2019,10
Lepidosperma gunnii,Tda,Ling_2019,10
Lepidosperma urophorum,Tda,Ling_2019,10
Leptochloa digitata,ATe,Ling_2019,10
Leptorhynchos tetrachaetus,Tdr,Ling_2019,10
Leptospermum continentale,ATw,Ling_2019,10
Leptospermum grandifolium,ATw,Ling_2019,10
Leptospermum juniperinum,ATw,Ling_2019,10
Leptospermum lanigerum,ATw,Ling_2019,10
Leptospermum myrtifolium,Tda,Ling_2019,10
Leptospermum polygalifolium,Tda,Ling_2019,10
Leptospermum polygalifolium,Tda,Ling_2019,10
Levenhookia dubia,Tda,Ling_2019,10
Lilaeopsis polyantha,ATl,Ling_2019,10
Limosella australis,ATl,Ling_2019,10
Limosella curdieana,ATl,Ling_2019,10
Lindsaea linearis,Tda,Ling_2019,10
Lindsaea microphylla,Tda,Ling_2019,10
Lipocarpha microcephala,ATe,Ling_2019,10
Lobelia darlingensis,ATl,Ling_2019,10
Lomandra fluviatilis,ATe,Ling_2019,10
Lomandra montana,Tda,Ling_2019,10
Lomatia myricoides,Tda,Ling_2019,10
Ludwigia peploides,ARp,Ling_2019,10
Luzula densiflora,Tda,Ling_2019,10
Luzula modesta,ATe,Ling_2019,10
Luzula ovata,Tda,Ling_2019,10
Lycium australe,Tdr,Ling_2019,10
Lycopus australis,ATe,Ling_2019,10
Lythrum hyssopifolia,Tda,Ling_2019,10
Lythrum salicaria,ATe,Ling_2019,10
Maireana aphylla,Tda,Ling_2019,10
Marsilea costulifera,ARp,Ling_2019,10
Marsilea drummondii,ARp,Ling_2019,10
Marsilea hirsuta,ARp,Ling_2019,10
Marsilea sp.,ARp,Ling_2019,10
Melaleuca erubescens,Tda,Ling_2019,10
Melaleuca hypericifolia,ATw,Ling_2019,10
Melaleuca styphelioides,Tda,Ling_2019,10
Melicytus dentatus,Tda,Ling_2019,10
Mentha australis,ATe,Ling_2019,10
Microlaena stipoides,Tdr,Ling_2019,10
Microtis parviflora,ATl,Ling_2019,10
Mimulus gracilis,Tda,Ling_2019,10
Minuria denticulata,Tdr,Ling_2019,10
Minuria integerrima,Tdr,Ling_2019,10
Montia fontana,Tda,Ling_2019,10
Montia fontana,Tda,Ling_2019,10
Myosurus australis,Tda,Ling_2019,10
Myriocephalus pluriflorus,Tdr,Ling_2019,10
Myriophyllum aquaticum,ARp,Ling_2019,10
Myriophyllum caput-medusae,ARp,Ling_2019,10
Myriophyllum crispatum,ARp,Ling_2019,10
Myriophyllum papillosum,ARp,Ling_2019,10
Myriophyllum sp.,ARp,Ling_2019,10
Myriophyllum variifolium,ARp,Ling_2019,10
Myriophyllum verrucosum,ARp,Ling_2019,10
Neopaxia australasica,ARp,Ling_2019,10
Nymphoides crenata,ARf,Ling_2019,10
Opercularia hispida,Tdr,Ling_2019,10
Ophioglossum lusitanicum,Tdr,Ling_2019,10
Ottelia ovalifolia,ARf,Ling_2019,10
Panicum queenslandicum,Tda,Ling_2019,10
Paspalidium jubiflorum,ATe,Ling_2019,10
Paspalum distichum,ATe,Ling_2019,10
Persicaria attenuata,ARp,Ling_2019,10
Persicaria decipiens,ATe,Ling_2019,10
Persicaria hydropiper,ATe,Ling_2019,10
Persicaria lapathifolia,ATe,Ling_2019,10
Persicaria orientalis,ATe,Ling_2019,10
Persicaria praetermissa,ATe,Ling_2019,10
Persicaria prostrata,Tda,Ling_2019,10
Phragmites australis,ATe,Ling_2019,10
Phyllanthus lacunarius,Tda,Ling_2019,10
Picris squarrosa,Tdr,Ling_2019,10
Pilularia novae-hollandiae,ATl,Ling_2019,10
Pimelea bracteata,ATw,Ling_2019,10
Plagiobothrys elachanthus,Tda,Ling_2019,10
Plantago debilis,Tdr,Ling_2019,10
Plantago drummondii,Tda,Ling_2019,10
Plantago turrifera,Tdr,Ling_2019,10
Plectranthus parviflorus,Tdr,Ling_2019,10
Poa costiniana,Tda,Ling_2019,10
Poa fordeana,Tda,Ling_2019,10
Poa labillardierei,Tda,Ling_2019,10
Pomaderris aspera,Tdr,Ling_2019,10
Potamogeton crispus,Sk,Ling_2019,10
Potamogeton ochreatus,Sk,Ling_2019,10
Potamogeton perfoliatus,Sk,Ling_2019,10
Potamogeton sulcatus,ARp,Ling_2019,10
Potamogeton tricarinatus,ARf,Ling_2019,10
Prasophyllum campestre,Tda,Ling_2019,10
Pratia concolor,ATl,Ling_2019,10
Pratia pedunculata,Tdr,Ling_2019,10
Pratia purpurascens,Tdr,Ling_2019,10
Pseudoraphis spinescens,ARp,Ling_2019,10
Puccinellia stricta,Tda,Ling_2019,10
Pultenaea dentata,Tda,Ling_2019,10
Pultenaea myrtoides,Tda,Ling_2019,10
Pycnosorus chrysanthes,Tda,Ling_2019,10
Pycnosorus globosus,Tda,Ling_2019,10
Radyera farragei,Tdr,Ling_2019,10
Ranunculus inundatus,ATl,Ling_2019,10
Ranunculus papulentus,ARf,Ling_2019,10
Ranunculus pentandrus,ARf,Ling_2019,10
Ranunculus pentandrus,ARf,Ling_2019,10
Ranunculus pumilio,Tda,Ling_2019,10
Ranunculus pumilio,Tda,Ling_2019,10
Ranunculus sceleratus,ATe,Ling_2019,10
Ranunculus sessiliflorus,Tda,Ling_2019,10
Ranunculus undosus,ATe,Ling_2019,10
Rorippa nasturtium-aquaticum,ATe,Ling_2019,10
Rorippa palustris,Tda,Ling_2019,10
Rostellularia adscendens,Tdr,Ling_2019,10
Rumex bidens,ARp,Ling_2019,10
Rumex crystallinus,Tda,Ling_2019,10
Rutidosis helichrysoides,Tdr,Ling_2019,10
Salix babylonica,ATw,Ling_2019,10
Salix x reichardtii,ATw,Ling_2019,10
Schoenia ramosissima,Tda,Ling_2019,10
Schoenoplectiella dissachantha,ATe,Ling_2019,10
Schoenoplectus validus,Se,Ling_2019,10
Schoenus apogon,ATe,Ling_2019,10
Schoenus latelaminatus,ATe,Ling_2019,10
Scirpus polystachyus,ATe,Ling_2019,10
Scutellaria humilis,Tdr,Ling_2019,10
Selaginella uliginosa,Tda,Ling_2019,10
Senecio anethifolius,Tda,Ling_2019,10
Senecio campylocarpus,Tda,Ling_2019,10
Senecio glomeratus,Tda,Ling_2019,10
Senecio gregorii,Tda,Ling_2019,10
Sigesbeckia orientalis,Tda,Ling_2019,10
Solanum esuriale,Tda,Ling_2019,10
Solanum karsense,Tda,Ling_2019,10
Solanum lacunarium,Tda,Ling_2019,10
Solanum opacum,Tda,Ling_2019,10
Spergularia brevifolia,Tda,Ling_2019,10
Spergularia diandroides,Tda,Ling_2019,10
Spergularia marina,Tda,Ling_2019,10
Sphaeromorphaea australis,Tda,Ling_2019,10
Spiranthes australis,Tda,Ling_2019,10
Spirodela polyrhizaA,ARf,Ling_2019,10
Sporobolus mitchellii,Tda,Ling_2019,10
Sprengelia incarnata,ATw,Ling_2019,10
Stackhousia muricata,Tdr,Ling_2019,10
Stellaria angustifolia,ATe,Ling_2019,10
Stemodia florulenta,Tda,Ling_2019,10
Stemodia glabella,ATl,Ling_2019,10
Stylidium despectum,Tda,Ling_2019,10
Symphionema paludosum,ATw,Ling_2019,10
Tecticornia pergranulata,ATe,Ling_2019,10
Tecticornia pergranulata,ATe,Ling_2019,10
Teucrium racemosum,Tdr,Ling_2019,10
Themeda avenacea,Tda,Ling_2019,10
Thyridia repens,ATl,Ling_2019,10
Trachymene composita,Tda,Ling_2019,10
Trachymene cyanopetala,Tdr,Ling_2019,10
Tricostularia pauciflora,ATe,Ling_2019,10
Triglochin sp.,ATe,Ling_2019,10
Trigonella suavissima,Tda,Ling_2019,10
Typha domingensis,Se,Ling_2019,10
Typha orientalis,Se,Ling_2019,10
Utricularia dichotoma,ATe,Ling_2019,10
Vallisneria australis,Sk,Ling_2019,10
Veronica gracilis,Tda,Ling_2019,10
Viola caleyana,Tda,Ling_2019,10
Viola hederacea,Tda,Ling_2019,10
Walwhalleya subxerophila,Tda,Ling_2019,10
Abutilon fraseri,Tdr,Bowen_2019,11
Abutilon halophilum,Tdr,Bowen_2019,11
Abutilon otocarpum,Tdr,Bowen_2019,11
Abutilon oxycarpum,Tdr,Bowen_2019,11
Abutilon sp.,Tdr,Bowen_2019,11
Abutilon theophrasti,Tdr,Bowen_2019,11
Acacia melvillei,Tdr,Bowen_2019,11
Acacia oswaldii,Tdr,Bowen_2019,11
Acacia pendula,Tdr,Bowen_2019,11
Acacia salicina,Tdr,Bowen_2019,11
Acacia sp.,Tda,Bowen_2019,11
Acacia stenophylla,ATw,Bowen_2019,11
Acacia victoriae,Tdr,Bowen_2019,11
Acacia victoriae subsp. arida,Tdr,Bowen_2019,11
Actinobole uliginosum,Tdr,Bowen_2019,11
Aeschynomene indica,Tda,Bowen_2019,11
Alectryon oleifolius,Tdr,Bowen_2019,11
Alectryon oleifolius subsp. canescens,Tdr,Bowen_2019,11
Alopecurus geniculatus,Tda,Bowen_2019,11
Alternanthera denticulata,Tda,Bowen_2019,11
Alternanthera nana,Tda,Bowen_2019,11
Alternanthera nodiflora,Tda,Bowen_2019,11
Alternanthera pungens,Tda,Bowen_2019,11
Alternanthera sp.,Tda,Bowen_2019,11
Amaranthus macrocarpus,Tdr,Bowen_2019,11
Amaranthus mitchellii,Tdr,Bowen_2019,11
Amaranthus sp.,Tdr,Bowen_2019,11
Ammannia multiflora,Tda,Bowen_2019,11
Amphibromus neesii,ATe,Bowen_2019,11
Amphibromus nervosus,Tda,Bowen_2019,11
Amyema lucasii,Tdr,Bowen_2019,11
Amyema miquelii,Tdr,Bowen_2019,11
Amyema miraculosum,Tdr,Bowen_2019,11
Amyema preissii,Tdr,Bowen_2019,11
Amyema quandang,Tdr,Bowen_2019,11
Amyema quandang var. quandang,Tdr,Bowen_2019,11
Anagallis arvensis,Tda,Bowen_2019,11
Apophyllum anomalum,Tdr,Bowen_2019,11
Argemone ochroleuca subsp. ochroleuca,Tdr,Bowen_2019,11
Aristida calycina,Tdr,Bowen_2019,11
Aristida leptopoda,Tdr,Bowen_2019,11
Asperula conferta,Tdr,Bowen_2019,11
Asperula gemella,Tda,Bowen_2019,11
Aster subulatus,Tda,Bowen_2019,11
Asteraceae indeterminate,Tdr,Bowen_2019,11
Astrebla elymoides,Tda,Bowen_2019,11
Astrebla lappacea,Tdr,Bowen_2019,11
Astrebla pectinata,Tda,Bowen_2019,11
Atalaya hemiglauca,Tdr,Bowen_2019,11
Atriplex eardleyae,Tdr,Bowen_2019,11
Atriplex leptocarpa,Tdr,Bowen_2019,11
Atriplex lindleyi,Tdr,Bowen_2019,11
Atriplex muelleri,Tdr,Bowen_2019,11
Atriplex nummularia,Tdr,Bowen_2019,11
Atriplex pseudocampanulata,Tdr,Bowen_2019,11
Atriplex semibaccata,Tdr,Bowen_2019,11
Atriplex sp.,Tdr,Bowen_2019,11
Atriplex spinibractea,Tdr,Bowen_2019,11
Atriplex suberecta,Tdr,Bowen_2019,11
Atriplex vesicaria,Tdr,Bowen_2019,11
Auranticarpa rhombifolia,Tda,Bowen_2019,11
Austrodanthonia caespitosa,Tdr,Bowen_2019,11
Austrodanthonia richardsonii,Tdr,Bowen_2019,11
Austrodanthonia setacea,Tdr,Bowen_2019,11
Austrodanthonia sp.,Tdr,Bowen_2019,11
Austrostipa aristiglumis,Tdr,Bowen_2019,11
Austrostipa bigeniculata,Tdr,Bowen_2019,11
Austrostipa nitida,Tdr,Bowen_2019,11
Austrostipa ramosissima,Tda,Bowen_2019,11
Austrostipa scabra,Tdr,Bowen_2019,11
Austrostipa scabra subsp. scabra,Tdr,Bowen_2019,11
Austrostipa setacea,Tdr,Bowen_2019,11
Austrostipa sp.,Tdr,Bowen_2019,11
Austrostipa verticillata,Tdr,Bowen_2019,11
Avena fatua,Tdr,Bowen_2019,11
Azolla filiculoides,ARf,Bowen_2019,11
Azolla sp.,ARf,Bowen_2019,11
Bergia trimera,Tdr,Bowen_2019,11
Bidens pilosa,Tdr,Bowen_2019,11
Boerhavia dominii,Tdr,Bowen_2019,11
Bolboschoenus caldwellii,Se,Bowen_2019,11
Bolboschoenus fluviatilis,Se,Bowen_2019,11
Bolboschoenus sp.,Se,Bowen_2019,11
Brachyachne ciliaris,Tda,Bowen_2019,11
Brachyscome basaltica var. gracilis,Tda,Bowen_2019,11
Brachyscome dentata,Tda,Bowen_2019,11
Brachyscome goniocarpa,Tda,Bowen_2019,11
Brachyscome gracilis,Tdr,Bowen_2019,11
Brachyscome melanocarpa,Tda,Bowen_2019,11
Brachyscome sp.,Tda,Bowen_2019,11
Brassica sp.,Tdr,Bowen_2019,11
Brassica tournefortii,Tdr,Bowen_2019,11
Bromus catharticus,Tdr,Bowen_2019,11
Brunonia australis,Tdr,Bowen_2019,11
Brunoniella australis,Tdr,Bowen_2019,11
Brunoniella sp.,Tdr,Bowen_2019,11
Buglossoides arvensis,Tdr,Bowen_2019,11
Bulbine bulbosa,Tdr,Bowen_2019,11
Bulbine semibarbata,Tdr,Bowen_2019,11
Burnettia cuneata,Tda,Bowen_2019,11
Bursaria sp.,Tdr,Bowen_2019,11
Bursaria spinosa,Tdr,Bowen_2019,11
Callitris endlicheri,Tdr,Bowen_2019,11
Callitris glaucophylla,Tdr,Bowen_2019,11
Calocephalus sonderi,Tda,Bowen_2019,11
Calostemma purpureum,Tdr,Bowen_2019,11
Calotis hispidula,Tda,Bowen_2019,11
Calotis lappulacea,Tdr,Bowen_2019,11
Calotis scabiosifolia,Tdr,Bowen_2019,11
Calotis scabiosifolia var. scabiosifolia,Tdr,Bowen_2019,11
Calotis scapigera,Tdr,Bowen_2019,11
Calotis sp.,Tdr,Bowen_2019,11
Capparis lasiantha,Tdr,Bowen_2019,11
Capparis mitchellii,ATe,Bowen_2019,11
Capsella bursa-pastoris,Tdr,Bowen_2019,11
Carex appressa,ATe,Bowen_2019,11
Carex inversa,Tda,Bowen_2019,11
Carex sp.,ATe,Bowen_2019,11
Carthamus lanatus,Tdr,Bowen_2019,11
Cassytha melantha,Tdr,Bowen_2019,11
Cassytha sp.,Tdr,Bowen_2019,11
Casuarina cristata,Tdr,Bowen_2019,11
Casuarina pauper,Tdr,Bowen_2019,11
Cenchrus ciliaris,Tda,Bowen_2019,11
Centaurea melitensis,Tdr,Bowen_2019,11
Centaurea solstitialis,Tdr,Bowen_2019,11
Centaurium tenuiflorum,Tdr,Bowen_2019,11
Centipeda cunninghamii,Tda,Bowen_2019,11
Centipeda minima subsp. minima,Tda,Bowen_2019,11
Centipeda pleiocephala,Tda,Bowen_2019,11
Centipeda sp.,Tda,Bowen_2019,11
Centipeda thespidioides,Tda,Bowen_2019,11
Chamaesyce dallachyana,Tda,Bowen_2019,11
Chamaesyce drummondii,Tdr,Bowen_2019,11
Chamaesyce sp.,Tdr,Bowen_2019,11
Chara sp.,Sr,Bowen_2019,11
Chenopodium album,Tdr,Bowen_2019,11
Chenopodium ambrosioides,Tdr,Bowen_2019,11
Chenopodium auricomiforme,Tdr,Bowen_2019,11
Chenopodium desertorum,Tdr,Bowen_2019,11
Chenopodium melanocarpum,Tdr,Bowen_2019,11
Chenopodium murale,Tdr,Bowen_2019,11
Chenopodium nitrariaceum,Tdr,Bowen_2019,11
Chenopodium pumilio,Tdr,Bowen_2019,11
Chenopodium sp.,Tdr,Bowen_2019,11
Chloris divaricata var. divaricata,Tda,Bowen_2019,11
Chloris gayana,Tdr,Bowen_2019,11
Chloris truncata,Tdr,Bowen_2019,11
Chloris ventricosa,Tdr,Bowen_2019,11
Chrysocephalum apiculatum,Tdr,Bowen_2019,11
Chrysocephalum pterochaetum,Tdr,Bowen_2019,11
Cichorium intybus,Tdr,Bowen_2019,11
Cirsium vulgare,Tdr,Bowen_2019,11
Citrullus lanatus,Tdr,Bowen_2019,11
Citrullus lanatus var. lanatus,ATe,Bowen_2019,11
Citrus glauca,Tdr,Bowen_2019,11
Commelina cyanea,Tda,Bowen_2019,11
Convolvulus erubescens,Tda,Bowen_2019,11
Convolvulus graminetinus,Tda,Bowen_2019,11
Convolvulus sp.,Tda,Bowen_2019,11
Conyza albida,Tda,Bowen_2019,11
Conyza bonariensis,Tdr,Bowen_2019,11
Conyza sp.,Tdr,Bowen_2019,11
Conyza sumatrensis,Tda,Bowen_2019,11
Corymbia tessellaris,Tda,Bowen_2019,11
Cotula australis,Tdr,Bowen_2019,11
Cotula coronopifolia,ARp,Bowen_2019,11
Craspedia haplorrhiza,Tda,Bowen_2019,11
Crassula colorata,Tdr,Bowen_2019,11
Cressa australis,ATe,Bowen_2019,11
Crinum flaccidum,Tdr,Bowen_2019,11
Cucumis melo subsp. agrestis,Tdr,Bowen_2019,11
Cucumis myriocarpus subsp. leptodermis,Tdr,Bowen_2019,11
Cullen cinereum,Tdr,Bowen_2019,11
Cullen tenax,Tda,Bowen_2019,11
Cuscuta campestris,Tdr,Bowen_2019,11
Cyclospermum leptophyllum,Tdr,Bowen_2019,11
Cymbidium canaliculatum,Tdr,Bowen_2019,11
Cymbidium sp.,Tdr,Bowen_2019,11
Cynodon dactylon,Tda,Bowen_2019,11
Cyperus bifax,ATe,Bowen_2019,11
Cyperus concinnus,ATe,Bowen_2019,11
Cyperus difformis,ATl,Bowen_2019,11
Cyperus exaltatus,ATe,Bowen_2019,11
Cyperus gracilis,ATe,Bowen_2019,11
Cyperus gunnii subsp. gunnii,ATe,Bowen_2019,11
Cyperus sp.,ATe,Bowen_2019,11
Dactyloctenium radulans,Tdr,Bowen_2019,11
Damasonium minus,ARp,Bowen_2019,11
Daucus glochidiatus,Tdr,Bowen_2019,11
Daucus sp.,Tdr,Bowen_2019,11
Desmodium campylocaulon,Tdr,Bowen_2019,11
Desmodium varians,Tdr,Bowen_2019,11
Dianella sp.,Tdr,Bowen_2019,11
Dichanthium sericeum,Tda,Bowen_2019,11
Dichondra sp.,Tdr,Bowen_2019,11
Digitaria ammophila,Tdr,Bowen_2019,11
Digitaria divaricatissima,Tdr,Bowen_2019,11
Digitaria hubbardii,Tdr,Bowen_2019,11
Digitaria sp.,Tdr,Bowen_2019,11
Diplachne fusca,ATe,Bowen_2019,11
Dissocarpus biflorus,Tdr,Bowen_2019,11
Dissocarpus paradoxus,Tdr,Bowen_2019,11
Duma florulenta,ATw,Bowen_2019,11
Dysphania pumilio,Tdr,Bowen_2019,11
Echinochloa colona,Tda,Bowen_2019,11
Echinochloa crus-galli,Tda,Bowen_2019,11
Echinochloa inundata,ATe,Bowen_2019,11
Echinochloa sp.,Tda,Bowen_2019,11
Echinochloa turneriana,ATe,Bowen_2019,11
Echium plantagineum,Tdr,Bowen_2019,11
Eclipta platyglossa,Tda,Bowen_2019,11
Eichhornia crassipes,ARf,Bowen_2019,11
Einadia hastata,Tda,Bowen_2019,11
Einadia nutans,Tdr,Bowen_2019,11
Einadia nutans subsp. linifolia,Tdr,Bowen_2019,11
Einadia nutans subsp. nutans,Tdr,Bowen_2019,11
Einadia polygonoides,Tda,Bowen_2019,11
Elatine gratioloides,ATl,Bowen_2019,11
Eleocharis acuta,ATe,Bowen_2019,11
Eleocharis gracilis,ATe,Bowen_2019,11
Eleocharis pallens,ATe,Bowen_2019,11
Eleocharis plana,ATe,Bowen_2019,11
Eleocharis pusilla,ATe,Bowen_2019,11
Eleocharis sp.,ATe,Bowen_2019,11
Eleocharis sphacelata,ATe,Bowen_2019,11
Emex australis,Tdr,Bowen_2019,11
Enchylaena sp.,Tdr,Bowen_2019,11
Enchylaena tomentosa,Tdr,Bowen_2019,11
Enneapogon avenaceus,Tda,Bowen_2019,11
Enneapogon nigricans,Tdr,Bowen_2019,11
Enteropogon acicularis,Tdr,Bowen_2019,11
Enteropogon sp.,Tdr,Bowen_2019,11
Epilobium hirtigerum,Tda,Bowen_2019,11
Eragrostis australasica,ATe,Bowen_2019,11
Eragrostis cilianensis,Tdr,Bowen_2019,11
Eragrostis elongata,Tda,Bowen_2019,11
Eragrostis lacunaria,Tda,Bowen_2019,11
Eragrostis leptocarpa,Tda,Bowen_2019,11
Eragrostis parviflora,Tdr,Bowen_2019,11
Eragrostis setifolia,Tdr,Bowen_2019,11
Eragrostis sp.,Tdr,Bowen_2019,11
Eragrostis sp. 'Pilliga Scrub',Tdr,Bowen_2019,11
Eremophila bignoniiflora,ATw,Bowen_2019,11
Eremophila debilis,Tdr,Bowen_2019,11
Eremophila maculata,Tda,Bowen_2019,11
Eremophila mitchellii,Tdr,Bowen_2019,11
Eremophila sp.,Tdr,Bowen_2019,11
Eriochloa australiensis,ATe,Bowen_2019,11
Eriochloa crebra,Tdr,Bowen_2019,11
Eriochloa procera,Tda,Bowen_2019,11
Eriochloa pseudoacrotricha,Tda,Bowen_2019,11
Eriostemon australasius,Tdr,Bowen_2019,11
Erodium crinitum,Tda,Bowen_2019,11
Erodium sp.,Tda,Bowen_2019,11
Eucalyptus camaldulensis,ATw,Bowen_2019,11
Eucalyptus chloroclada,Tdr,Bowen_2019,11
Eucalyptus coolabah,Tda,Bowen_2019,11
Eucalyptus largiflorens,ATw,Bowen_2019,11
Eucalyptus oleosa subsp. oleosa,Tdr,Bowen_2019,11
Eucalyptus populnea subsp. bimbil,Tdr,Bowen_2019,11
Euchiton involucratus,Tda,Bowen_2019,11
Euchiton sphaericus,Tdr,Bowen_2019,11
Euphorbia planiticola,Tdr,Bowen_2019,11
Euphorbia sp.,Tdr,Bowen_2019,11
Fimbristylis dichotoma,Tda,Bowen_2019,11
Flindersia maculosa,Tdr,Bowen_2019,11
Gahnia sp.,ATe,Bowen_2019,11
Galium aparine,Tdr,Bowen_2019,11
Galium gaudichaudii,Tdr,Bowen_2019,11
Geijera parviflora,Tdr,Bowen_2019,11
Glandularia aristigera,Tdr,Bowen_2019,11
Glinus lotoides,Tda,Bowen_2019,11
Glossocardia bidens,Tdr,Bowen_2019,11
Glyceria sp.,ATe,Bowen_2019,11
Glycine tabacina,Tdr,Bowen_2019,11
Glycyrrhiza acanthocarpa,Tda,Bowen_2019,11
Gnaphalium sp.,Tdr,Bowen_2019,11
Goodenia fascicularis,Tda,Bowen_2019,11
Goodenia glauca,Tda,Bowen_2019,11
Goodenia hederacea,Tdr,Bowen_2019,11
Goodenia heteromera,Tda,Bowen_2019,11
Goodenia pinnatifida,Tdr,Bowen_2019,11
Goodenia sp.,Tdr,Bowen_2019,11
Haloragis aspera,Tda,Bowen_2019,11
Haloragis glauca f. glauca,Tda,Bowen_2019,11
Haloragis sp.,Tda,Bowen_2019,11
Heliotropium curassavicum,Tda,Bowen_2019,11
Heliotropium europaeum,Tdr,Bowen_2019,11
Heliotropium sp.,Tda,Bowen_2019,11
Heliotropium supinum,Tda,Bowen_2019,11
Herniaria cinerea,Tda,Bowen_2019,11
Hibiscus brachysiphonius,Tda,Bowen_2019,11
Hibiscus sp.,Tda,Bowen_2019,11
Hibiscus trionum,Tda,Bowen_2019,11
Hordeum leporinum,Tdr,Bowen_2019,11
Hordeum sp.,Tdr,Bowen_2019,11
Hordeum vulgare,Tdr,Bowen_2019,11
Hydrocotyle sp.,Tdr,Bowen_2019,11
Hypochaeris glabra,Tdr,Bowen_2019,11
Hypochaeris microcephala var. albiflora,Tdr,Bowen_2019,11
Hypochaeris radicata,Tdr,Bowen_2019,11
Ipomoea lonchophylla,Tdr,Bowen_2019,11
Ipomoea sp.,Tdr,Bowen_2019,11
Isoetopsis graminifolia,Tda,Bowen_2019,11
Jasminum lineare,Tdr,Bowen_2019,11
Juncus aridicola,ATe,Bowen_2019,11
Juncus bufonius,Tda,Bowen_2019,11
Juncus flavidus,ATe,Bowen_2019,11
Juncus holoschoenus,ATe,Bowen_2019,11
Juncus laeviusculus subsp. laeviusculus,ATe,Bowen_2019,11
Juncus sp.,ATe,Bowen_2019,11
Juncus usitatus,ATe,Bowen_2019,11
Lachnagrostis filiformis,ATe,Bowen_2019,11
Lachnagrostis sp.,ATe,Bowen_2019,11
Lactuca saligna,Tdr,Bowen_2019,11
Lactuca serriola,Tdr,Bowen_2019,11
Lemna disperma,ARf,Bowen_2019,11
Lepidium bonariense,Tdr,Bowen_2019,11
Lepidium fasciculatum,Tda,Bowen_2019,11
Lepidium hypenantion,Tdr,Bowen_2019,11
Lepidium hyssopifolium,Tda,Bowen_2019,11
Lepidium pseudohyssopifolium,Tdr,Bowen_2019,11
Lepidium sp.,Tdr,Bowen_2019,11
Lepidium sp. B,Tdr,Bowen_2019,11
Leptochloa digitata,ATe,Bowen_2019,11
Leptomeria acida,Tdr,Bowen_2019,11
Limosella australis,ATl,Bowen_2019,11
Limosella curdieana,ATl,Bowen_2019,11
Lolium perenne,Tdr,Bowen_2019,11
Lolium sp.,Tdr,Bowen_2019,11
Ludwigia octovalvis,Tda,Bowen_2019,11
Ludwigia peploides subsp. montevidensis,ARp,Bowen_2019,11
Ludwigia sp.,ARp,Bowen_2019,11
Lycium ferocissimum,Tdr,Bowen_2019,11
Lysiana exocarpi subsp. exocarpi,Tdr,Bowen_2019,11
Lysiana subfalcata,Tdr,Bowen_2019,11
Lythrum hyssopifolia,Tda,Bowen_2019,11
Lythrum salicaria,Tda,Bowen_2019,11
Maireana aphylla,Tda,Bowen_2019,11
Maireana appressa,Tdr,Bowen_2019,11
Maireana brevifolia,Tdr,Bowen_2019,11
Maireana coronata,Tdr,Bowen_2019,11
Maireana decalvans,Tdr,Bowen_2019,11
Maireana enchylaenoides,Tdr,Bowen_2019,11
Maireana microcarpa,ATe,Bowen_2019,11
Maireana microphylla,Tdr,Bowen_2019,11
Maireana pentagona,Tdr,Bowen_2019,11
Maireana pyramidata,Tdr,Bowen_2019,11
Maireana sp.,Tdr,Bowen_2019,11
Malacocera tricornis,Tdr,Bowen_2019,11
Malva parviflora,Tdr,Bowen_2019,11
Myriophyllum verrucosum,ARp,Bowen_2019,11
Najas marina,Sk,Bowen_2019,11
Najas tenuifolia,Sr,Bowen_2019,11
Nasturtium officinale,Tdr,Bowen_2019,11
Neptunia gracilis f. gracilis,Tdr,Bowen_2019,11
Nicotiana megalosiphon subsp. megalosiphon,Tdr,Bowen_2019,11
Nitraria billardierei,Tdr,Bowen_2019,11
Nymphoides crenata,ARf,Bowen_2019,11
Oenothera speciosa,Tdr,Bowen_2019,11
Onopordum acanthium subsp. acanthium,Tda,Bowen_2019,11
Opuntia sp.,Tdr,Bowen_2019,11
Opuntia stricta,Tdr,Bowen_2019,11
Osteocarpum acropterum,Tdr,Bowen_2019,11
Osteocarpum acropterum var. deminuta,Tdr,Bowen_2019,11
Osteocarpum sp.,Tdr,Bowen_2019,11
Ottelia ovalifolia subsp. ovalifolia,ARf,Bowen_2019,11
Ottelia sp.,ARf,Bowen_2019,11
Oxalis chnoodes,Tdr,Bowen_2019,11
Oxalis corniculata,Tdr,Bowen_2019,11
Oxalis perennans,Tda,Bowen_2019,11
Oxalis pes-caprae,Tdr,Bowen_2019,11
Oxalis sp.,Tda,Bowen_2019,11
Oxalis thompsoniae,Tda,Bowen_2019,11
Panicum antidotale,Tdr,Bowen_2019,11
Panicum coloratum var. makarikariense,Tdr,Bowen_2019,11
Panicum decompositum,Tdr,Bowen_2019,11
Panicum decompositum var. tenuius,Tdr,Bowen_2019,11
Panicum effusum,Tdr,Bowen_2019,11
Panicum queenslandicum,Tda,Bowen_2019,11
Panicum sp.,Tdr,Bowen_2019,11
Panicum sp. A,Tdr,Bowen_2019,11
Parietaria debilis,Tdr,Bowen_2019,11
Parsonsia eucalyptophylla,Tdr,Bowen_2019,11
Parsonsia sp.,Tdr,Bowen_2019,11
Paspalidium constrictum,Tdr,Bowen_2019,11
Paspalidium distans,Tdr,Bowen_2019,11
Paspalidium globoideum,Tdr,Bowen_2019,11
Paspalidium gracile,Tdr,Bowen_2019,11
Paspalidium jubiflorum,Tda,Bowen_2019,11
Paspalidium sp.,Tda,Bowen_2019,11
Paspalum dilatatum,Tda,Bowen_2019,11
Paspalum distichum,ATe,Bowen_2019,11
Pelargonium sp.,Tdr,Bowen_2019,11
Persicaria attenuata,ARp,Bowen_2019,11
Persicaria decipiens,ATe,Bowen_2019,11
Persicaria hydropiper,ATe,Bowen_2019,11
Persicaria lapathifolia,ATe,Bowen_2019,11
Persicaria orientalis,ATe,Bowen_2019,11
Persicaria prostrata,ATl,Bowen_2019,11
Persicaria sp.,ATe,Bowen_2019,11
Phalaris aquatica,Tdr,Bowen_2019,11
Phalaris paradoxa,Tda,Bowen_2019,11
Philydrum lanuginosum,ATe,Bowen_2019,11
Phragmites australis,Se,Bowen_2019,11
Phyla canescens,ATl,Bowen_2019,11
Phyla nodiflora,ATl,Bowen_2019,11
Phyllanthus fuernrohrii,Tdr,Bowen_2019,11
Phyllanthus sp.,Tdr,Bowen_2019,11
Phyllanthus virgatus,Tdr,Bowen_2019,11
Physalis ixocarpa,Tdr,Bowen_2019,11
Physalis lanceifolia,Tda,Bowen_2019,11
Physalis minima,Tda,Bowen_2019,11
Pimelea microcephala subsp. microcephala,Tdr,Bowen_2019,11
Pimelea sp.,Tdr,Bowen_2019,11
Pittosporum angustifolium,Tdr,Bowen_2019,11
Plantago cunninghamii,Tdr,Bowen_2019,11
Plantago gaudichaudii,Tdr,Bowen_2019,11
Plantago lanceolata,Tdr,Bowen_2019,11
Plantago sp.,Tdr,Bowen_2019,11
Poa fordeana,Tda,Bowen_2019,11
Poa sp.,Tdr,Bowen_2019,11
Poaceae indeterminate,Tdr,Bowen_2019,11
Polycarpon tetraphyllum,Tda,Bowen_2019,11
Polygonum arenastrum,Tda,Bowen_2019,11
Polygonum aviculare,Tdr,Bowen_2019,11
Polygonum plebeium,Tda,Bowen_2019,11
Polygonum sp.,Tda,Bowen_2019,11
Polymeria pusilla,Tdr,Bowen_2019,11
Polypogon monspeliensis,ATe,Bowen_2019,11
Portulaca oleracea,Tdr,Bowen_2019,11
Potamogeton sp.,Sk,Bowen_2019,11
Potamogeton tricarinatus,ARf,Bowen_2019,11
Pratia concolor,ATe,Bowen_2019,11
Pseudognaphalium luteoalbum,Tdr,Bowen_2019,11
Pseudoraphis spinescens,ARp,Bowen_2019,11
Psilocaulon tenue,Tdr,Bowen_2019,11
Ptilotus nobilis,Tdr,Bowen_2019,11
Ptilotus semilanatus,Tdr,Bowen_2019,11
Ptilotus sp.,Tdr,Bowen_2019,11
Ranunculus inundatus,ATl,Bowen_2019,11
Ranunculus pentandrus var. platycarpus,Tda,Bowen_2019,11
Ranunculus pumilio,ATe,Bowen_2019,11
Ranunculus sceleratus,ATe,Bowen_2019,11
Ranunculus sessiliflorus,Tda,Bowen_2019,11
Ranunculus sessiliflorus var. pilulifer,Tda,Bowen_2019,11
Ranunculus sp.,ATe,Bowen_2019,11
Ranunculus undosus,ATe,Bowen_2019,11
Rapistrum rugosum,Tdr,Bowen_2019,11
Rhagodia spinescens,Tdr,Bowen_2019,11
Rhodanthe corymbiflora,Tdr,Bowen_2019,11
Rhodanthe sp.,Tdr,Bowen_2019,11
Rhodanthe uniflora,Tda,Bowen_2019,11
Rhynchosia minima,Tdr,Bowen_2019,11
Romulea minutiflora,Tdr,Bowen_2019,11
Rorippa eustylis,Tda,Bowen_2019,11
Rorippa laciniata,Tda,Bowen_2019,11
Rorippa palustris,Tda,Bowen_2019,11
Rorippa sp.,Tda,Bowen_2019,11
Rostellularia adscendens,Tda,Bowen_2019,11
Rostraria pumila,Tdr,Bowen_2019,11
Rumex brownii,Tda,Bowen_2019,11
Rumex crispus,Tda,Bowen_2019,11
Rumex crystallinus,ATe,Bowen_2019,11
Rumex sp.,Tda,Bowen_2019,11
Rumex tenax,Tda,Bowen_2019,11
Rytidosperma caespitosum,Tdr,Bowen_2019,11
Rytidosperma erianthum,Tdr,Bowen_2019,11
Sagittaria montevidensis,ARp,Bowen_2019,11
Salsola australis,Tdr,Bowen_2019,11
Salsola kali var. kali,Tdr,Bowen_2019,11
Salsola tragus,Tdr,Bowen_2019,11
Salsola tragus subsp. Tragus,Tdr,Bowen_2019,11
Salvia reflexa,Tda,Bowen_2019,11
Santalum acuminatum,Tdr,Bowen_2019,11
Schenkia australis,Tdr,Bowen_2019,11
Schoenus apogon,ATe,Bowen_2019,11
Scleroblitum atriplicinum,Tdr,Bowen_2019,11
Sclerolaena anisacanthoides,Tdr,Bowen_2019,11
Sclerolaena bicornis,Tdr,Bowen_2019,11
Sclerolaena bicornis var. horrida,Tdr,Bowen_2019,11
Sclerolaena birchii,Tdr,Bowen_2019,11
Sclerolaena brachyptera,Tdr,Bowen_2019,11
Sclerolaena calcarata,Tdr,Bowen_2019,11
Sclerolaena decurrens,Tdr,Bowen_2019,11
Sclerolaena diacantha,Tdr,Bowen_2019,11
Sclerolaena divaricata,Tdr,Bowen_2019,11
Sclerolaena lanicuspis,Tdr,Bowen_2019,11
Sclerolaena muricata,Tdr,Bowen_2019,11
Sclerolaena muricata var. muricata,Tdr,Bowen_2019,11
Sclerolaena muricata var. villosa,Tdr,Bowen_2019,11
Sclerolaena patenticuspis,Tdr,Bowen_2019,11
Sclerolaena sp.,Tdr,Bowen_2019,11
Sclerolaena stelligera,Tdr,Bowen_2019,11
Sclerolaena tricuspis,Tdr,Bowen_2019,11
Seedlings,Tda,Bowen_2019,11
Senecio cunninghamii var. cunninghamii,Tda,Bowen_2019,11
Senecio glossanthus,Tdr,Bowen_2019,11
Senecio hispidulus,Tdr,Bowen_2019,11
Senecio madagascariensis,Tdr,Bowen_2019,11
Senecio pinnatifolius var. pinnatifolius,Tdr,Bowen_2019,11
Senecio quadridentatus,Tdr,Bowen_2019,11
Senecio runcinifolius,Tdr,Bowen_2019,11
Senecio sp.,Tdr,Bowen_2019,11
Senna artemisioides subsp. zygophylla,Tdr,Bowen_2019,11
Senna circinnata,Tdr,Bowen_2019,11
Sesbania cannabina,Tda,Bowen_2019,11
Sesbania cannabina var. cannabina,Tda,Bowen_2019,11
Sida ammophila,Tdr,Bowen_2019,11
Sida corrugata,Tdr,Bowen_2019,11
Sida cunninghamii,Tdr,Bowen_2019,11
Sida fibulifera,Tda,Bowen_2019,11
Sida filiformis,Tdr,Bowen_2019,11
Sida rhombifolia,Tdr,Bowen_2019,11
Sida sp.,Tdr,Bowen_2019,11
Sida sp. A,Tdr,Bowen_2019,11
Sida trichopoda,Tda,Bowen_2019,11
Sigesbeckia orientalis subsp. orientalis,Tda,Bowen_2019,11
Silene nocturna,Tdr,Bowen_2019,11
Silybum marianum,Tdr,Bowen_2019,11
Sisymbrium irio,Tda,Bowen_2019,11
Solanum aviculare,Tdr,Bowen_2019,11
Solanum ellipticum,Tda,Bowen_2019,11
Solanum esuriale,Tda,Bowen_2019,11
Solanum ferocissimum,Tdr,Bowen_2019,11
Solanum nigrum,Tdr,Bowen_2019,11
Soliva anthemifolia,Tdr,Bowen_2019,11
Sonchus asper subsp.asper,Tdr,Bowen_2019,11
Sonchus oleraceus,Tdr,Bowen_2019,11
Sorghum halepense,ATe,Bowen_2019,11
Spergularia diandra,Tda,Bowen_2019,11
Spergularia rubra,Tdr,Bowen_2019,11
Sporobolus actinocladus,Tdr,Bowen_2019,11
Sporobolus caroli,Tdr,Bowen_2019,11
Sporobolus creber,Tdr,Bowen_2019,11
Sporobolus mitchellii,Tda,Bowen_2019,11
Stellaria angustifolia,ATe,Bowen_2019,11
Stellaria angustifolia subsp. angusifolia,ATe,Bowen_2019,11
Stellaria sp.,ATe,Bowen_2019,11
Swainsona sp.,Tda,Bowen_2019,11
Taraxacum officinale,Tdr,Bowen_2019,11
Tetragonia tetragonioides,Tdr,Bowen_2019,11
Teucrium racemosum,Tdr,Bowen_2019,11
Thellungia advena,Tdr,Bowen_2019,11
Tragus australianus,Tdr,Bowen_2019,11
Trianthema triquetra,Tdr,Bowen_2019,11
Tribulus terrestris,Tdr,Bowen_2019,11
Trifolium arvense,Tdr,Bowen_2019,11
Trifolium sp.,Tdr,Bowen_2019,11
Triglochin dubia,ATl,Bowen_2019,11
Triglochin procera,Se,Bowen_2019,11
Triglochin sp.,ATl,Bowen_2019,11
Tripogon loliiformis,Tdr,Bowen_2019,11
Typha domingensis,Se,Bowen_2019,11
Typha orientalis,Se,Bowen_2019,11
Typha sp.,Se,Bowen_2019,11
Urochloa panicoides,Tdr,Bowen_2019,11
Vachellia farnesiana,Tdr,Bowen_2019,11
Vallisneria australis,Sk,Bowen_2019,11
Ventilago viminalis,Tdr,Bowen_2019,11
Verbascum virgatum,Tdr,Bowen_2019,11
Verbena bonariensis,Tda,Bowen_2019,11
Verbena gaudichaudii,Tdr,Bowen_2019,11
Verbena officinalis,Tdr,Bowen_2019,11
Verbena supina,Tda,Bowen_2019,11
Verbesina encelioides subsp. encelioides,Tdr,Bowen_2019,11
Veronica catenata,ATl,Bowen_2019,11
Veronica peregrina,Tdr,Bowen_2019,11
Veronica persica,Tda,Bowen_2019,11
Veronica sp.,Tda,Bowen_2019,11
Vittadinia cervicularis,Tdr,Bowen_2019,11
Vittadinia cuneata,Tdr,Bowen_2019,11
Vittadinia cuneata var. cuneata,Tdr,Bowen_2019,11
Vittadinia cuneata var. hirsuta,Tdr,Bowen_2019,11
Vittadinia pterochaeta,Tdr,Bowen_2019,11
Vittadinia sp.,Tdr,Bowen_2019,11
Vittadinia sulcata,Tdr,Bowen_2019,11
Vulpia muralis,Tdr,Bowen_2019,11
Wahlenbergia fluminalis,Tda,Bowen_2019,11
Wahlenbergia sp.,Tda,Bowen_2019,11
Xanthium occidentale,Tda,Bowen_2019,11
Xanthium spinosum,Tdr,Bowen_2019,11
Xerochrysum bracteatum,Tdr,Bowen_2019,11
Zaleya galericulata,Tdr,Bowen_2019,11
Zaleya galericulata subsp. australis,Tdr,Bowen_2019,11
Zygophyllum apiculatum,Tdr,Bowen_2019,11
Zygophyllum glaucum,Tdr,Bowen_2019,11
Zygophyllum iodocarpum,Tdr,Bowen_2019,11
Zygophyllum sp.,Tdr,Bowen_2019,11
Abutilon oxycarpum,Tdr,Mason_2022,12
Acacia salicina,Tdr,Mason_2022,12
Aeschynomene indica,ATe,Mason_2022,12
Alternanthera denticulata,Tda,Mason_2022,12
Aster subulatus,Tda,Mason_2022,12
Atriplex letocarpa,Tdr,Mason_2022,12
Atriplex lindleyi,Tdr,Mason_2022,12
Atriplex semibaccata,Tdr,Mason_2022,12
Azolla filiculoides,ARf,Mason_2022,12
Boerhavia dominii,Tdr,Mason_2022,12
Bolboschoenus fluviatilis,S,Mason_2022,12
Calotis scapigera,Tdr,Mason_2022,12
Centaurea melitensis,Tda,Mason_2022,12
Centipeda minima,ATl,Mason_2022,12
Cirsium vulgare,Tdr,Mason_2022,12
Convolvulus erubescens,Tdr,Mason_2022,12
Conyza sumatrensis,Tda,Mason_2022,12
Cucumis myriocarpus,Tdr,Mason_2022,12
Cyperus difformis,ATl,Mason_2022,12
Dysphania pumilio,Tdr,Mason_2022,12
Eclipta platyglossa,Tda,Mason_2022,12
Einadia nutans,Tdr,Mason_2022,12
Eleocharis plana,ATe,Mason_2022,12
Enchylaena tomentosa,Tdr,Mason_2022,12
Eremophila debilis,Tdr,Mason_2022,12
Euphorbia drummondii,Tdr,Mason_2022,12
Glinus lotoides,Tda,Mason_2022,12
Hordeum leporinum,Tdr,Mason_2022,12
Juncus aridicola,ATe,Mason_2022,12
Lachnagrostis filiformis,ATe,Mason_2022,12
Lobelia concolor,ATl,Mason_2022,12
Ludwigia octovalvis,Tda,Mason_2022,12
Ludwigia peploides,ARp,Mason_2022,12
Lycium ferocissimum,Tdr,Mason_2022,12
Maireana decalvans,Tdr,Mason_2022,12
Malvastrum americanum,Tda,Mason_2022,12
Marrubium vulgare,Tdr,Mason_2022,12
Medicago polymorpha,Tdr,Mason_2022,12
Myoporum montanum,Tdr,Mason_2022,12
Myriophyllum papillosum,ARp,Mason_2022,12
Nicotiana megalosiphon,Tdr,Mason_2022,12
Oxalis perennans,Tdr,Mason_2022,12
Paspalidium constrictum,Tdr,Mason_2022,12
Paspalum dilatatum,Tda,Mason_2022,12
Paspalum distichum,ATe,Mason_2022,12
Persicaria decipiens,ATe,Mason_2022,12
Persicaria lapathifolia,ATe,Mason_2022,12
Phragmites australis,ATe,Mason_2022,12
Phyla canescens,ATl,Mason_2022,12
Pittosporum angustifolium,Tdr,Mason_2022,12
Polygonum aviculare,Tdr,Mason_2022,12
Portulaca oleracea,Tdr,Mason_2022,12
Ranunculus undosus,ATe,Mason_2022,12
Rhagodia spinescens,Tdr,Mason_2022,12
Salsola australis,Tdr,Mason_2022,12
Sclerolaena birchii,Tdr,Mason_2022,12
Sclerolaena muricata,Tdr,Mason_2022,12
Sclerolaena tricuspis,Tdr,Mason_2022,12
Sesbania cannabina,Tda,Mason_2022,12
Sida fibulifera,Tda,Mason_2022,12
Sida trichopoda,Tda,Mason_2022,12
Sigesbeckia orientalis,Tdr,Mason_2022,12
Solanum esuriale,Tda,Mason_2022,12
Sonchus oleraceus,Tdr,Mason_2022,12
Stellaria angustifolia,ATe,Mason_2022,12
Tetragonia tetragonioides,Tdr,Mason_2022,12
Trianthema triquetrum,Tdr,Mason_2022,12
Typha domingensis,S,Mason_2022,12
Verbena gaudichaudii,Tdr,Mason_2022,12
Verbesina encelioides,Tdr,Mason_2022,12
Xanthium occidentalis,Tda,Mason_2022,12
Xanthium spinosum,Tdr,Mason_2022,12
Zaleya galericulata,Tdr,Mason_2022,12
Aeschynomene indica,Tda,Lyons_2024,13
Alternanthera angustifolia,Tda,Lyons_2024,13
Althenia hearnii,S,Lyons_2024,13
Ammannia baccifera,Tda,Lyons_2024,13
Ammannia multiflora,Tda,Lyons_2024,13
Aponogeton queenslandicus,ARf,Lyons_2024,13
Bergia perennis,Tda,Lyons_2024,13
Bergia perennis subsp. obtusifolia,Tda,Lyons_2024,13
Ceratopteris thalictroides,ARp,Lyons_2024,13
Chloris pectinata,Tda,Lyons_2024,13
Cladium procerum,Tda,Lyons_2024,13
Cressa australis,Tda,Lyons_2024,13
Cyperus bulbosus,Tda,Lyons_2024,13
Cyperus difformis,Tda,Lyons_2024,13
Cyperus iria,Tda,Lyons_2024,13
Cyperus vaginatus,ATe,Lyons_2024,13
Eleocharis ?sphacelata,ATe,Lyons_2024,13
Eleocharis geniculata,ATe,Lyons_2024,13
Eleocharis pallens,ATe,Lyons_2024,13
Eleocharis papillosa,ATe,Lyons_2024,13
Eragrostis elongata,Tda,Lyons_2024,13
Eragrostis leptocarpa,Tda,Lyons_2024,13
Eragrostis tenellula,ATe,Lyons_2024,13
Eriachne benthamii,ATe,Lyons_2024,13
Eriocaulon cinereum,ATl,Lyons_2024,13
Eucalyptus camaldulensis var. obtusa,ATe,Lyons_2024,13
Eucalyptus victrix,ATe,Lyons_2024,13
Eulalia aurea,Tda,Lyons_2024,13
Fimbristylis cephalophora,ATe,Lyons_2024,13
Fimbristylis ferruginea,ATe,Lyons_2024,13
Fimbristylis sieberiana,ATe,Lyons_2024,13
Frankenia ambita,Tdr,Lyons_2024,13
Goodenia lamprosperma,ATe,Lyons_2024,13
Ipomoea aquatica,ATl,Lyons_2024,13
Leptochloa fusca subsp. fusca,ATe,Lyons_2024,13
Leptochloa fusca subsp. muelleri,ATe,Lyons_2024,13
Livistona alfredii,Tdr,Lyons_2024,13
Lobelia quadrangularis,ATl,Lyons_2024,13
Marsilea exarata,ARp,Lyons_2024,13
Marsilea hirsuta,ARp,Lyons_2024,13
Melaleuca argentea,ATe,Lyons_2024,13
Melaleuca bracteata,ATe,Lyons_2024,13
Melaleuca glomerata,ATe,Lyons_2024,13
Melaleuca linophylla,ATe,Lyons_2024,13
Muellerolimon salicorniaceum,ATe,Lyons_2024,13
Myriophyllum decussatum,ARp,Lyons_2024,13
Myriophyllum verrucosum,ARp,Lyons_2024,13
Najas graminea,S,Lyons_2024,13
Najas marina,S,Lyons_2024,13
Najas pseudograminea,S,Lyons_2024,13
Najas tenuifolia,S,Lyons_2024,13
Nymphoides indica,ARf,Lyons_2024,13
Peplidium aithocheilum,Tda,Lyons_2024,13
Peplidium muelleri,ARf,Lyons_2024,13
Peplidium sp.,Tda,Lyons_2024,13
Persicaria attenuata x glabra,ATe,Lyons_2024,13
Phragmites karka,ATe,Lyons_2024,13
Pluchea rubelliflora,Tda,Lyons_2024,13
Potamogeton crispus,S,Lyons_2024,13
Potamogeton tepperi,S,Lyons_2024,13
Pseudoraphis spinescens,ATe,Lyons_2024,13
Rotala diandra,ARp,Lyons_2024,13
Rotala mexicana,ARp,Lyons_2024,13
Ruppia polycarpa,S,Lyons_2024,13
Schoenoplectus dissachanthus,ATe,Lyons_2024,13
Schoenoplectus laevis,ATe,Lyons_2024,13
Schoenoplectus subulatus,ATe,Lyons_2024,13
Schoenus falcatus,Tda,Lyons_2024,13
Sporobolus australasicus,ATe,Lyons_2024,13
Sporobolus ramigerus,ATe,Lyons_2024,13
Stemodia viscosa,Tda,Lyons_2024,13
Stuckenia pectinatas,S,Lyons_2024,13
Tecticornia pergranulata subsp. pergranulata,ATe,Lyons_2024,13
Tecticornia verrucosa,ATe,Lyons_2024,13
Thyridia sp.,ARp,Lyons_2024,13
Typha domingensis,ATe,Lyons_2024,13
Utricularia gibba,ARp,Lyons_2024,13
Vallisneria annua,S,Lyons_2024,13
Vallisneria nana,S,Lyons_2024,13
Vallisneria sp.,S,Lyons_2024,13
Abildgaardia vaginata,ATe,Casanova_2024,14
Abutilon leucopetalum,Tdr,Casanova_2024,14
Abutilon otocarpum,Tdr,Casanova_2024,14
Abutilon sp.,Tdr,Casanova_2024,14
Abutilon theophrasti,Tdr,Casanova_2024,14
Acacia acinacea,Tdr,Casanova_2024,14
Acacia anuera,Tdr,Casanova_2024,14
Acacia barringtonensis,Tda,Casanova_2024,14
Acacia cambagei,Tda,Casanova_2024,14
Acacia colei,Tdr,Casanova_2024,14
Acacia concurrens,Tdr,Casanova_2024,14
Acacia cowleana,Tdr,Casanova_2024,14
Acacia cyclops,Tdr,Casanova_2024,14
Acacia cyperophylla,Tda,Casanova_2024,14
Acacia dealbata,Tdr,Casanova_2024,14
Acacia dolichophylla,Tdr,Casanova_2024,14
Acacia elachantha,Tdr,Casanova_2024,14
Acacia excelsa,Tdr,Casanova_2024,14
Acacia filicifolia,Tda,Casanova_2024,14
Acacia floydii,Tda,Casanova_2024,14
Acacia holosericea,Tda,Casanova_2024,14
Acacia huegelii,Tdr,Casanova_2024,14
Acacia leiophylla,Tdr,Casanova_2024,14
Acacia ligulata,Tdr,Casanova_2024,14
Acacia longifolia,Tdr,Casanova_2024,14
Acacia longifolia subsp. longifolia,Tdr,Casanova_2024,14
Acacia longifolia var. sophorae,Tdr,Casanova_2024,14
Acacia melanoxylon,Tda,Casanova_2024,14
Acacia melvillei ,Tdr,Casanova_2024,14
Acacia microcarpa,Tdr,Casanova_2024,14
Acacia myrtifolia,Tdr,Casanova_2024,14
Acacia neurocarpa,Tda,Casanova_2024,14
Acacia oswaldii,Tdr,Casanova_2024,14
Acacia paradoxa,Tdr,Casanova_2024,14
Acacia pendula ,Tdr,Casanova_2024,14
Acacia provincialis,Tdr,Casanova_2024,14
Acacia pulchella,ATw,Casanova_2024,14
Acacia pycnantha,Tdr,Casanova_2024,14
Acacia retinodes var. retinodes,Tdr,Casanova_2024,14
Acacia salicina,Tdr,Casanova_2024,14
Acacia saligna,Tdr,Casanova_2024,14
Acacia sp.,Tdr,Casanova_2024,14
Acacia spinescens,Tdr,Casanova_2024,14
Acacia stenophylla,ATw,Casanova_2024,14
Acacia tetragonophylla,Tdr,Casanova_2024,14
Acacia ulicifolia,Tdr,Casanova_2024,14
Acacia verticillata,Tda,Casanova_2024,14
Acacia victoriae,Tdr,Casanova_2024,14
Acacia victoriae subsp. victoriae,Tdr,Casanova_2024,14
Acaena echinata,Tdr,Casanova_2024,14
Acaena novae-zelandiae,Tdr,Casanova_2024,14
Acaena ovina,Tdr,Casanova_2024,14
Acanthocarpus preissii,Tdr,Casanova_2024,14
Acetosa sagittata,Tdr,Casanova_2024,14
Acetosa vesicaria,Tdr,Casanova_2024,14
Acetosella vulgaris,Tdr,Casanova_2024,14
Acianthus caudatus var. caudatus,Tdr,Casanova_2024,14
Acianthus fornicatus,Tdr,Casanova_2024,14
Acianthus pusillus,Tdr,Casanova_2024,14
Aciphylla simplicifolia,Tdr,Casanova_2024,14
Acronychia imperforata,Tdr,Casanova_2024,14
Acroptilon repens,Tdr,Casanova_2024,14
Acrotriche cordata,Tdr,Casanova_2024,14
Acrotriche serrulata,ATw,Casanova_2024,14
Acrotriche sp.,ATw,Casanova_2024,14
Actinobole uliginosum,Tdr,Casanova_2024,14
Adenanthos cygnorum,ATw,Casanova_2024,14
Adenanthos obovatus,ATw,Casanova_2024,14
Adenanthos terminalis,Tdr,Casanova_2024,14
Adiantum atroviride,Tda,Casanova_2024,14
Adiantum sp.,ATl,Casanova_2024,14
Aeschynomene indica,ATe,Casanova_2024,14
Agapanthus praecox,Tdr,Casanova_2024,14
Agave sp.,Tdr,Casanova_2024,14
Ageratina adenophora,Tdr,Casanova_2024,14
Ageratina riparia,Tda,Casanova_2024,14
Ageratum conyzoides,Tdr,Casanova_2024,14
Agrostis capillaris,Tdr,Casanova_2024,14
Agrostis hiemalis,Tda,Casanova_2024,14
Agrostis parviflora,Tda,Casanova_2024,14
Agrostis sp.,Tdr,Casanova_2024,14
Agrostis sp. (aff. hiemalis),Tda,Casanova_2024,14
Agrostis sp. (aff. parviflora),Tda,Casanova_2024,14
Agrostis venusta,Tda,Casanova_2024,14
Aira caryophyllea,Tdr,Casanova_2024,14
Aira cupaniana,Tdr,Casanova_2024,14
Aira elegantissima,Tdr,Casanova_2024,14
Aira sp.,Tdr,Casanova_2024,14
Ajuga australis,Tdr,Casanova_2024,14
Alectryon oleifolius,Tdr,Casanova_2024,14
Alexgeorgea nitens,Tdr,Casanova_2024,14
Alisma lanceolatum,ARp,Casanova_2024,14
Alisma plantago-aquatica,ARf,Casanova_2024,14
Allittia cardiocarpa ,ATe,Casanova_2024,14
Allium triquetrum,Tdr,Casanova_2024,14
Allocasuarina littoralis,Tdr,Casanova_2024,14
Allocasuarina luehmannii,Tdr,Casanova_2024,14
Allocasuarina mackliniana subsp. mackliniana,Tda,Casanova_2024,14
Allocasuarina muelleriana subsp. muelleriana,Tdr,Casanova_2024,14
Allocasuarina paludosa,ATw,Casanova_2024,14
Allocasuarina pusilla,Tda,Casanova_2024,14
Allocasuarina rigida subsp. rigida,Tdr,Casanova_2024,14
Allocasuarina striata,Tda,Casanova_2024,14
Allocasuarina verticillata,Tdr,Casanova_2024,14
Alopecurus geniculatus,Tdr,Casanova_2024,14
Alphitonia excelsa,Tdr,Casanova_2024,14
Alternanthera angustifolia,Tda,Casanova_2024,14
Alternanthera denticulata,Tda,Casanova_2024,14
Alternanthera nana,Tda,Casanova_2024,14
Alternanthera nodiflora,Tda,Casanova_2024,14
Alternanthera philoxeroides,ARp,Casanova_2024,14
Alternanthera pungens,Tda,Casanova_2024,14
Alternanthera sp.,Tda,Casanova_2024,14
Alternanthera sp. 1 (Plains),Tda,Casanova_2024,14
Alyssum linifolium,Tdr,Casanova_2024,14
Amaranthus albus,Tdr,Casanova_2024,14
Amaranthus macrocarpus var. macrocarpus ,Tdr,Casanova_2024,14
Ammannia multiflora,Tda,Casanova_2024,14
Ammophila arenaria,Tdr,Casanova_2024,14
Amphibromus archeri,Tda,Casanova_2024,14
Amphibromus fluitans,ARp,Casanova_2024,14
Amphibromus macrorhinus,ATe,Casanova_2024,14
Amphibromus neesii,ATe,Casanova_2024,14
Amphibromus nervosus,Tda,Casanova_2024,14
Amphibromus recurvatus ,ATe,Casanova_2024,14
Amphibromus sinuatus,ATe,Casanova_2024,14
Amphibromus sp. ,ATe,Casanova_2024,14
Amphipogon amphipogonoides,Tda,Casanova_2024,14
Amphipogon caricinus var. caricinus,Tdr,Casanova_2024,14
Amphipogon strictus,Tda,Casanova_2024,14
Amphipogon turbinatus,Tda,Casanova_2024,14
Amsinckia calycina ,Tdr,Casanova_2024,14
Amyema maidenii subsp. maidenii,Tdr,Casanova_2024,14
Amyema melaleucae,Tdr,Casanova_2024,14
Amyema miquelii,Tdr,Casanova_2024,14
Amyema miraculosa subsp. boormanii ,Tdr,Casanova_2024,14
Amyema preissii ,Tdr,Casanova_2024,14
Amyema quandang var. quandang,Tdr,Casanova_2024,14
Amyema sp.,Tdr,Casanova_2024,14
Andropogon virginicus,Tdr,Casanova_2024,14
Angianthus brachypappus ,Tdr,Casanova_2024,14
Angianthus preissianus,Tda,Casanova_2024,14
Angianthus tomentosus,Tda,Casanova_2024,14
Anogramma leptophylla,ARp,Casanova_2024,14
Anthocercis anisantha,Tdr,Casanova_2024,14
Anthocercis ilicifolia,Tdr,Casanova_2024,14
Anthoxanthum odoratum,Tda,Casanova_2024,14
Aotus subglauca var. subglauca,Tdr,Casanova_2024,14
Aphanes australiana ,Tdr,Casanova_2024,14
Aphanes inexpectata,Tdr,Casanova_2024,14
Aphelia gracilis,Tda,Casanova_2024,14
Aphelia pumilio,Tdr,Casanova_2024,14
Apium annuum,Tdr,Casanova_2024,14
Apium graveolens,Tdr,Casanova_2024,14
Apium prostratum subsp. prostratum,Tda,Casanova_2024,14
Apodasmia brownii,ATe,Casanova_2024,14
Aponogeton distachyos,Sk,Casanova_2024,14
Aponogeton queenslandicus,Sk,Casanova_2024,14
Arabidella eremigena,Tdr,Casanova_2024,14
Arctotheca calendula,Tdr,Casanova_2024,14
Argemone ochroleuca,Tdr,Casanova_2024,14
Argemone ochroleuca subsp. ochroleuca,Tdr,Casanova_2024,14
Argentipallium dealbatum,Tda,Casanova_2024,14
Aristida anthoxanthioides,Tdr,Casanova_2024,14
Aristida contorta,Tdr,Casanova_2024,14
Aristida holathera var. holathera,Tdr,Casanova_2024,14
Aristida jerichoensis var. subspinulifera,Tdr,Casanova_2024,14
Aristida personata,Tdr,Casanova_2024,14
Aristida sp.,Tdr,Casanova_2024,14
Arthropodium fimbriatum,Tdr,Casanova_2024,14
Arthropodium milleflorum ,Tda,Casanova_2024,14
Arthropodium minus,Tdr,Casanova_2024,14
Arthropodium strictum,Tdr,Casanova_2024,14
Arum italicum,ARp,Casanova_2024,14
Arundo donax,ARp,Casanova_2024,14
Asparagus asparagoides,Tdr,Casanova_2024,14
Asparagus officinalis,Tdr,Casanova_2024,14
Asperula conferta,Tdr,Casanova_2024,14
Asperula gemella,Tda,Casanova_2024,14
Asperula gunnii,Tda,Casanova_2024,14
Asperula minima,Tda,Casanova_2024,14
Asperula pusilla ,Tda,Casanova_2024,14
Asperula subsimplex,Tda,Casanova_2024,14
Asphodelus fistulosus,Tdr,Casanova_2024,14
Asplenium flabellifolium,ARp,Casanova_2024,14
Aspodasmia brownii,ATe,Casanova_2024,14
Astartea scoparia,ATw,Casanova_2024,14
Astelia alpina,Se,Casanova_2024,14
Aster squamatus,Tda,Casanova_2024,14
Aster subulatus,Tda,Casanova_2024,14
Asterella sp.,Tda,Casanova_2024,14
Astragalus hamosus,Tdr,Casanova_2024,14
Astrebla pectinata,Tda,Casanova_2024,14
Astroloma conostephioides,Tdr,Casanova_2024,14
Astroloma humifusum,Tdr,Casanova_2024,14
Atalaya hemiglauca,Tdr,Casanova_2024,14
Atriplex cinerea,Tdr,Casanova_2024,14
Atriplex eardleyae,Tdr,Casanova_2024,14
Atriplex holocarpa,Tda,Casanova_2024,14
Atriplex leptocarpa,Tdr,Casanova_2024,14
Atriplex limbata,Tdr,Casanova_2024,14
Atriplex lindleyi,Tdr,Casanova_2024,14
Atriplex lindleyi subsp. conduplicata,Tdr,Casanova_2024,14
Atriplex lindleyi subsp. Inflata,Tdr,Casanova_2024,14
Atriplex lindleyi subsp. lindleyi,Tdr,Casanova_2024,14
Atriplex nummularia subsp. nummularia,Tdr,Casanova_2024,14
Atriplex paludosa subsp. cordata,ATe,Casanova_2024,14
Atriplex paludosa subsp. paludosa,ATe,Casanova_2024,14
Atriplex prostrata,Tda,Casanova_2024,14
Atriplex pseudocampanulata,Tdr,Casanova_2024,14
Atriplex pumilio,Tdr,Casanova_2024,14
Atriplex semibaccata,Tdr,Casanova_2024,14
Atriplex sp.,Tdr,Casanova_2024,14
Atriplex species B,Tdr,Casanova_2024,14
Atriplex stipitata,Tdr,Casanova_2024,14
Atriplex suberecta,Tdr,Casanova_2024,14
Atriplex velutinella,Tdr,Casanova_2024,14
Atriplex vesicaria,Tdr,Casanova_2024,14
Atriplex vesicaria subsp. macrocystidia,Tdr,Casanova_2024,14
Atriplex vesicaria subsp. minor,Tdr,Casanova_2024,14
Atriplex vesicaria subsp. variabilis,Tdr,Casanova_2024,14
Austromyrtus dulcis,Tdr,Casanova_2024,14
Austrostipa campylachne,Tdr,Casanova_2024,14
Austrostipa drummondii,Tdr,Casanova_2024,14
Austrostipa echinata,Tdr,Casanova_2024,14
Austrostipa elegantissima,Tdr,Casanova_2024,14
Austrostipa mollis,Tdr,Casanova_2024,14
Austrostipa muelleri,Tdr,Casanova_2024,14
Austrostipa nitida ,Tdr,Casanova_2024,14
Austrostipa nodosa,Tdr,Casanova_2024,14
Austrostipa puberula,Tdr,Casanova_2024,14
Austrostipa pubescens,Tdr,Casanova_2024,14
Austrostipa rudis subsp. nervosa,Tdr,Casanova_2024,14
Austrostipa rudis subsp. rudis,Tdr,Casanova_2024,14
Austrostipa scabra subsp. falcata,Tdr,Casanova_2024,14
Austrostipa scabra subsp. scabra,Tdr,Casanova_2024,14
Austrostipa semibarbata,Tdr,Casanova_2024,14
Austrostipa sp.,Tdr,Casanova_2024,14
Austrostipa stipoides,Tdr,Casanova_2024,14
Austrostipa trichophylla,Tdr,Casanova_2024,14
Austrostipa variabilis,Tdr,Casanova_2024,14
Austrostipa wakoolica,Tdr,Casanova_2024,14
Avena barbata,Tdr,Casanova_2024,14
Avena fatua,Tdr,Casanova_2024,14
Avena sp.,Tdr,Casanova_2024,14
Axonopus compressus,Tda,Casanova_2024,14
Axonopus fissifolius,Tdr,Casanova_2024,14
Azolla filiculoides,ARf,Casanova_2024,14
Azolla pinnata,ARf,Casanova_2024,14
Baccharis halimifolia,ATw,Casanova_2024,14
Baeckea gunniana ,Tdr,Casanova_2024,14
Baeckea omissa,Tdr,Casanova_2024,14
Baeckea utilis ,Tdr,Casanova_2024,14
Baloskion australe,Se,Casanova_2024,14
Baloskion fimbriatum,ATe,Casanova_2024,14
Baloskion pallens,ATe,Casanova_2024,14
Baloskion stenocoleum,ATe,Casanova_2024,14
Banksia grandis,Tdr,Casanova_2024,14
Banksia integrifolia,Tda,Casanova_2024,14
Banksia integrifolia subsp. integrifolia,Tda,Casanova_2024,14
Banksia littoralis,ATw,Casanova_2024,14
Banksia marginata,Tdr,Casanova_2024,14
Banksia ornata,Tdr,Casanova_2024,14
Banksia prionotes,Tdr,Casanova_2024,14
Banksia serrata,Tdr,Casanova_2024,14
Banksia spinulosa var. collina,Tdr,Casanova_2024,14
Banksia spinulosa var. neoanglica,Tdr,Casanova_2024,14
Bartsia trixago,Sr,Casanova_2024,14
Basilicum polystachyon,ATe,Casanova_2024,14
Batrachium trichophyllum,Sr,Casanova_2024,14
Bauera rubioides,ATe,Casanova_2024,14
Bauhinia gilva,ATe,Casanova_2024,14
Baumea acuta,ATe,Casanova_2024,14
Baumea arthrophylla,ATe,Casanova_2024,14
Baumea articulata,ATe,Casanova_2024,14
Baumea gunnii,ATe,Casanova_2024,14
Baumea juncea,ATe,Casanova_2024,14
Baumea laxa,ATe,Casanova_2024,14
Baumea rubiginosa,ATe,Casanova_2024,14
Baumea sp.,ATe,Casanova_2024,14
Baumea tetragona,ATe,Casanova_2024,14
Baumea vaginalis,Tdr,Casanova_2024,14
Beaufortia elegans,ATw,Casanova_2024,14
Bergia sp.,Se,Casanova_2024,14
Bergia trimera,Tdr,Casanova_2024,14
Bertya rotundifolia,Tdr,Casanova_2024,14
Berula erecta,Se,Casanova_2024,14
Bidens pilosa,Tdr,Casanova_2024,14
Billardiera cymosa,Tdr,Casanova_2024,14
Billardiera scandens var. scandens,Tdr,Casanova_2024,14
Billardiera sericophora,Tdr,Casanova_2024,14
Billardiera sp.,ATe,Casanova_2024,14
Blandfordia grandiflora,ATe,Casanova_2024,14
Blechnum indicum,Tdr,Casanova_2024,14
Blechnum minus,Tda,Casanova_2024,14
Blechnum nudum,ATe,Casanova_2024,14
Blechnum pennamarina ,ATe,Casanova_2024,14
Blechnum pennamarina subsp. alpina,ATe,Casanova_2024,14
Blechnum sp.,Tdr,Casanova_2024,14
Blechnum wattsii,Se,Casanova_2024,14
Blyxa sp.,ATe,Casanova_2024,14
Boerhavia dominii,Tdr,Casanova_2024,14
Bolboschoenus caldwellii,Se,Casanova_2024,14
Bolboschoenus fluviatilis,Se,Casanova_2024,14
Bolboschoenus medianus ,ATl,Casanova_2024,14
Boronia anethifolia,Tdr,Casanova_2024,14
Boronia microphylla,Tdr,Casanova_2024,14
Boronia parviflora,Tdr,Casanova_2024,14
Boronia polygalifolia,Tdr,Casanova_2024,14
Boronia ramosa,Tdr,Casanova_2024,14
Bossiaea neoanglica,Tdr,Casanova_2024,14
Bossiaea prostrata,Tdr,Casanova_2024,14
Bossiaea scortechinii,Tdr,Casanova_2024,14
Bothriochloa erianthoides,Tdr,Casanova_2024,14
Botrychium australe,Tda,Casanova_2024,14
Brachyachne convergens,Tda,Casanova_2024,14
Brachyloma ciliatum,Tdr,Casanova_2024,14
Brachyloma daphnoides,Tdr,Casanova_2024,14
Brachyloma ericoides subsp. ericoides,Tdr,Casanova_2024,14
Brachyloma sp.,Tdr,Casanova_2024,14
Brachyscome basaltica,Tdr,Casanova_2024,14
Brachyscome basaltica var. gracilis,Tda,Casanova_2024,14
Brachyscome chrysoglossa,Tda,Casanova_2024,14
Brachyscome ciliaris,Tdr,Casanova_2024,14
Brachyscome ciliaris var. brachyglossa ,Tdr,Casanova_2024,14
Brachyscome ciliaris var. ciliaris,Tdr,Casanova_2024,14
Brachyscome ciliaris var. lanuginosa,Tdr,Casanova_2024,14
Brachyscome ciliaris var. subintegrifolia,Tdr,Casanova_2024,14
Brachyscome ciliocarpa,Tda,Casanova_2024,14
Brachyscome decipiens ,Tda,Casanova_2024,14
Brachyscome dentata,Tdr,Casanova_2024,14
Brachyscome diversifolia ,Tdr,Casanova_2024,14
Brachyscome goniocarpa,Tda,Casanova_2024,14
Brachyscome graminea,ATe,Casanova_2024,14
Brachyscome heterodonta,Tdr,Casanova_2024,14
Brachyscome linearifolia,ATe,Casanova_2024,14
Brachyscome lineariloba,Tdr,Casanova_2024,14
Brachyscome melanocarpa,Tdr,Casanova_2024,14
Brachyscome microcarpa,Tdr,Casanova_2024,14
Brachyscome muelleroides,Tda,Casanova_2024,14
Brachyscome multifida var. multifida,Tdr,Casanova_2024,14
Brachyscome nodosa,Tdr,Casanova_2024,14
Brachyscome nova-anglica,Tdr,Casanova_2024,14
Brachyscome obovata,ATe,Casanova_2024,14
Brachyscome perpusilla,Tda,Casanova_2024,14
Brachyscome radicans,ATe,Casanova_2024,14
Brachyscome readeri,Tda,Casanova_2024,14
Brachyscome scapigera ,Tda,Casanova_2024,14
Brachyscome sp.,Tdr,Casanova_2024,14
Brachyscome spathulata ,Tdr,Casanova_2024,14
Brachyscome tenuiscapa var. pubescens,Tdr,Casanova_2024,14
Bracteantha bracteata,Tdr,Casanova_2024,14
Brassica rapa,Tdr,Casanova_2024,14
Brassica sp.,Tdr,Casanova_2024,14
Brassica tourneforti,Tdr,Casanova_2024,14
Briza maxima,Tdr,Casanova_2024,14
Briza minor,Tdr,Casanova_2024,14
Bromus alopecuros,Tdr,Casanova_2024,14
Bromus arenarius,Tdr,Casanova_2024,14
Bromus catharticus,Tdr,Casanova_2024,14
Bromus diandrus,Tdr,Casanova_2024,14
Bromus hordeaceus var. hordaceous,Tdr,Casanova_2024,14
Bromus madritensis,Tdr,Casanova_2024,14
Bromus molliformis,Tdr,Casanova_2024,14
Bromus rubens,Tdr,Casanova_2024,14
Bromus sp.,Tdr,Casanova_2024,14
Bromus sterilis,Tdr,Casanova_2024,14
Bromus tectorum,Tdr,Casanova_2024,14
Brunonia australis,Tdr,Casanova_2024,14
Bryum pachytheca,Tda,Casanova_2024,14
Bulbine bulbosa ,Tdr,Casanova_2024,14
Bulbine semibarbata ,Tdr,Casanova_2024,14
Bulbine sp.,Tdr,Casanova_2024,14
Bulbostylis densa,Tdr,Casanova_2024,14
Bulbostylis sp.,Tdr,Casanova_2024,14
Bupleurum semicompositum,Tdr,Casanova_2024,14
Burchardia congesta,Tdr,Casanova_2024,14
Burchardia umbellata,Tdr,Casanova_2024,14
Bursaria spinosa,Tdr,Casanova_2024,14
Caesia calliantha,Tdr,Casanova_2024,14
Caesia parviflora,Tdr,Casanova_2024,14
Caladenia argocalla,Tdr,Casanova_2024,14
Caladenia carnea,Tda,Casanova_2024,14
Caladenia dilatata,Tda,Casanova_2024,14
Caladenia flava,Tdr,Casanova_2024,14
Caladenia latifolia,Tdr,Casanova_2024,14
Caladenia tentaculata,Tdr,Casanova_2024,14
Calandrinia balonensis,Tdr,Casanova_2024,14
Calandrinia calyptrata,Tdr,Casanova_2024,14
Calandrinia eremaea,Tdr,Casanova_2024,14
Calandrinia pumila,Tdr,Casanova_2024,14
Caleana major,Tdr,Casanova_2024,14
Callistemon brachyandrus,ATw,Casanova_2024,14
Callistemon citrinus,ATw,Casanova_2024,14
Callistemon pallidus,Tdr,Casanova_2024,14
Callistemon pauciflorus,ATw,Casanova_2024,14
Callistemon pityoides,ATw,Casanova_2024,14
Callistemon pungens,Tdr,Casanova_2024,14
Callistemon rugulosus,Tdr,Casanova_2024,14
Callistemon sieberi,ATw,Casanova_2024,14
Callistemon sp.,ATl,Casanova_2024,14
Callistemon viminalis,ATl,Casanova_2024,14
Callitriche brutia subsp. brutia ,ARp,Casanova_2024,14
Callitriche sonderi,ATl,Casanova_2024,14
Callitriche sp.,Tdr,Casanova_2024,14
Callitriche stagnalis,ATl,Casanova_2024,14
Callitriche umbonata,ATl,Casanova_2024,14
Callitris columellaris ,Tdr,Casanova_2024,14
Callitris glaucophylla,Tdr,Casanova_2024,14
Callitris preissii,Tdr,Casanova_2024,14
Calocephalus citreus,Tdr,Casanova_2024,14
Calocephalus platycephalus,Tdr,Casanova_2024,14
Calocephalus sonderi,Tda,Casanova_2024,14
Calocephalus sp.,Tda,Casanova_2024,14
Calochilus robertsonii,Tdr,Casanova_2024,14
Calostemma purpureum ,Tdr,Casanova_2024,14
Calothamnus lateralis,ATw,Casanova_2024,14
Calotis cuneifolia,Tda,Casanova_2024,14
Calotis erinacea,Tdr,Casanova_2024,14
Calotis hispidula,Tda,Casanova_2024,14
Calotis inermis,Tdr,Casanova_2024,14
Calotis plumulifera,Tdr,Casanova_2024,14
Calotis porphyroglossa,Tdr,Casanova_2024,14
Calotis scabiosifolia var. scabiosifolia,Tdr,Casanova_2024,14
Calotis scapigera,Tdr,Casanova_2024,14
Calotis sp.,Tdr,Casanova_2024,14
Calotis sp. 1,ATe,Casanova_2024,14
Calystegia sepium,Tdr,Casanova_2024,14
Calytrix fraseri,Tdr,Casanova_2024,14
Calytrix glaberrima,Tdr,Casanova_2024,14
Calytrix tetragona,Tdr,Casanova_2024,14
Campylopus introflexus,Tda,Casanova_2024,14
Canavalia rosea,Tda,Casanova_2024,14
Capparis mitchellii,ATe,Casanova_2024,14
Capsella bursa-pastoris,Tdr,Casanova_2024,14
Cardamine moirensis ,ATe,Casanova_2024,14
Cardamine paucijuga,ATe,Casanova_2024,14
Carduus tenuiflorus,Tda,Casanova_2024,14
Carex appressa,ATe,Casanova_2024,14
Carex bichenoviana ,ATe,Casanova_2024,14
Carex blakei,Tdr,Casanova_2024,14
Carex breviculmis,ATe,Casanova_2024,14
Carex capillacea ,ATe,Casanova_2024,14
Carex divisa,ATe,Casanova_2024,14
Carex echinata,ATe,Casanova_2024,14
Carex fascicularis,ATe,Casanova_2024,14
Carex gaudichaudiana,ATe,Casanova_2024,14
Carex gunniana,ATe,Casanova_2024,14
Carex incomitata,ATe,Casanova_2024,14
Carex inversa,Tda,Casanova_2024,14
Carex jackiana,Tda,Casanova_2024,14
Carex lobolepis,ATe,Casanova_2024,14
Carex longebrachiata,ATe,Casanova_2024,14
Carex polyantha,ATe,Casanova_2024,14
Carex pumila,Tdr,Casanova_2024,14
Carex sp.,ATe,Casanova_2024,14
Carex tereticaulis,ATe,Casanova_2024,14
Carpobrotus edulis,Tdr,Casanova_2024,14
Carpobrotus rossii,Tdr,Casanova_2024,14
Carrichtera annua,Tdr,Casanova_2024,14
Carthamus lanatus,Tdr,Casanova_2024,14
Carthamus sp.,Tdr,Casanova_2024,14
Cassinia arcuata,Tdr,Casanova_2024,14
Cassytha glabella,Tdr,Casanova_2024,14
Cassytha glabella f. dispar,Tdr,Casanova_2024,14
Cassytha melantha,Tdr,Casanova_2024,14
Cassytha pubescens,Tdr,Casanova_2024,14
Cassytha racemosa,Tdr,Casanova_2024,14
Cassytha sp.,Tdr,Casanova_2024,14
Casuarina cristata,Tdr,Casanova_2024,14
Casuarina equisetifolia,ATe,Casanova_2024,14
Casuarina glauca,ATw,Casanova_2024,14
Casuarina pauper,Tdr,Casanova_2024,14
Caustis flexuosa,Tdr,Casanova_2024,14
Cayratia clematidea,Tda,Casanova_2024,14
Celmisia alpina,ATe,Casanova_2024,14
Celmisia paludosa,ATe,Casanova_2024,14
Celmisia pugioniformis,ATe,Casanova_2024,14
Celmisia pulchella,Tda,Casanova_2024,14
Celmisia sp.,Tda,Casanova_2024,14
Celmisia tomentella,Tda,Casanova_2024,14
Cenchrus ciliaris,Tdr,Casanova_2024,14
Cenchrus clandestinus,Tdr,Casanova_2024,14
Cenchrus longisetus,Tdr,Casanova_2024,14
Cenchrus purpurascens,Tdr,Casanova_2024,14
Cenchrus purpureus,Tda,Casanova_2024,14
Cenchrus setaceus,Tdr,Casanova_2024,14
Cenchrus sp.,Tdr,Casanova_2024,14
Cenchrus spinifex,Tdr,Casanova_2024,14
Centaurea calcitrapa,Tda,Casanova_2024,14
Centaurea melitensis ,Tda,Casanova_2024,14
Centaurium erythraea,Tda,Casanova_2024,14
Centaurium sp.,Tda,Casanova_2024,14
Centaurium spicatum,Tda,Casanova_2024,14
Centaurium tenuiflorum,Tdr,Casanova_2024,14
Centella asiatica,ARp,Casanova_2024,14
Centella cordifolia,Tda,Casanova_2024,14
Centipeda crateriformis subsp. compacta,Tda,Casanova_2024,14
Centipeda cunninghamii,ATl,Casanova_2024,14
Centipeda minima,ATl,Casanova_2024,14
Centipeda minima subsp. minima,ATl,Casanova_2024,14
Centipeda sp.,Tda,Casanova_2024,14
Centipeda thespidioides,Tda,Casanova_2024,14
Centrolepis aristata,ATl,Casanova_2024,14
Centrolepis cephaliformis,Tda,Casanova_2024,14
Centrolepis eremica,Tda,Casanova_2024,14
Centrolepis fascicularis,Tdr,Casanova_2024,14
Centrolepis glabra,Tda,Casanova_2024,14
Centrolepis polygyna,Tdr,Casanova_2024,14
Centrolepis sp.,Tdr,Casanova_2024,14
Centrolepis strigosa,Tdr,Casanova_2024,14
Cerastium balearicum,Tdr,Casanova_2024,14
Cerastium glomeratum,Tda,Casanova_2024,14
Cerastium vulgare,Tdr,Casanova_2024,14
Ceratophyllum demersum,Sk,Casanova_2024,14
Chamaescilla corymbosa var. corymbosa,Tda,Casanova_2024,14
Chamaesyce dallachyana,Tda,Casanova_2024,14
Chamaesyce drummondii,Tdr,Casanova_2024,14
Chara australis,Sk,Casanova_2024,14
Chara braunii,Sr,Casanova_2024,14
Chara contraria var. australis,Sk,Casanova_2024,14
Chara contraria var. behriana,Sk,Casanova_2024,14
Chara contraria var. nov,Sk,Casanova_2024,14
Chara fibrosa,Sr,Casanova_2024,14
Chara globularis,Sk,Casanova_2024,14
Chara globularis var. virgata,Sk,Casanova_2024,14
Chara gymnopitys,Sr,Casanova_2024,14
Chara leptopitys,Sr,Casanova_2024,14
Chara muelleri,Sr,Casanova_2024,14
Chara preissii ,Sr,Casanova_2024,14
Chara sp.,Sr,Casanova_2024,14
Chara sp. aff. muelleri ,Sr,Casanova_2024,14
Chara tylacantha,Sk,Casanova_2024,14
Cheilanthes austrotenuifolia,Tdr,Casanova_2024,14
Cheilanthes sieberi,Tdr,Casanova_2024,14
Chenopodium album,Tdr,Casanova_2024,14
Chenopodium auricomum,Tdr,Casanova_2024,14
Chenopodium curvispicatum ,Tdr,Casanova_2024,14
Chenopodium desertorum subsp. desertorum,Tdr,Casanova_2024,14
Chenopodium desertorum var. microphyllum,Tdr,Casanova_2024,14
Chenopodium glaucum,Tdr,Casanova_2024,14
Chenopodium macrospermum,Tda,Casanova_2024,14
Chenopodium murale,Tdr,Casanova_2024,14
Chenopodium nitrariaceum,Tdr,Casanova_2024,14
Chenopodium sp.,Tdr,Casanova_2024,14
Chilodia scutellarioides,Tda,Casanova_2024,14
Chiloglottis diphylla,Tda,Casanova_2024,14
Chiloglottis pluricallata,Tdr,Casanova_2024,14
Chionogentias cunninghamii,Tdr,Casanova_2024,14
Chionogentias diemensis,Tdr,Casanova_2024,14
Chionogentias sp.,Tdr,Casanova_2024,14
Chloris divaricata,Tdr,Casanova_2024,14
Chloris gayana,Tdr,Casanova_2024,14
Chloris pectinata,Tdr,Casanova_2024,14
Chloris sp.,Tdr,Casanova_2024,14
Chloris truncata,Tdr,Casanova_2024,14
Chondrilla juncea,Tdr,Casanova_2024,14
Chordifex microcodon ,ATe,Casanova_2024,14
Chordifex sp.,ATe,Casanova_2024,14
Choretrum candollei,Tdr,Casanova_2024,14
Choretrum glomeratum var. glomeratum,Tdr,Casanova_2024,14
Choretrum pauciflorum,Tdr,Casanova_2024,14
Chorizandra australis,ATe,Casanova_2024,14
Chorizandra enodis,Tdr,Casanova_2024,14
Chrysanthemoides monilifera,Tda,Casanova_2024,14
Chrysocephalum apiculatum,Tda,Casanova_2024,14
Chrysocephalum baxteri,Tdr,Casanova_2024,14
Chrysocephalum semipapposum,Tdr,Casanova_2024,14
Chrysopogon fallax ,Tda,Casanova_2024,14
Chrysopogon filipes,Tdr,Casanova_2024,14
Chthonocephalus pseudevax,Tdr,Casanova_2024,14
Cicendia filiformis,Tdr,Casanova_2024,14
Cirsium sp.,Tdr,Casanova_2024,14
Cirsium vulgare,Tdr,Casanova_2024,14
Citrullus lanatus,ATe,Casanova_2024,14
Cladium procerum,ATe,Casanova_2024,14
Cladopus queenslandicus,Tdr,Casanova_2024,14
Clematis microphylla var. microphylla,Tdr,Casanova_2024,14
Colocasia sp.,Tdr,Casanova_2024,14
Comesperma calymega,Tdr,Casanova_2024,14
Comesperma defoliatum,ATe,Casanova_2024,14
Comesperma ericinum,Tdr,Casanova_2024,14
Comesperma retusum ,Se,Casanova_2024,14
Comesperma sphaerocarpum,ATe,Casanova_2024,14
Comesperma virgatum,Tda,Casanova_2024,14
Commelina benghalensis,Tda,Casanova_2024,14
Commelina cyanea,Tda,Casanova_2024,14
Commelina sp.,Tdr,Casanova_2024,14
Compsopogon coeruleus,Sk,Casanova_2024,14
Conospermum taxifolium,Tdr,Casanova_2024,14
Conostephium pendulum,Tdr,Casanova_2024,14
Conostylis candicans,Tdr,Casanova_2024,14
Conostylis sp.,Tdr,Casanova_2024,14
Convolvulus erubescens,Tdr,Casanova_2024,14
Convolvulus remotus,Tdr,Casanova_2024,14
Conyza bonariensis,Tdr,Casanova_2024,14
Conyza sp.,Tdr,Casanova_2024,14
Conyza sumatrensis,Tda,Casanova_2024,14
Coprosma nivalis,Tdr,Casanova_2024,14
Coprosma quadrifida,Tdr,Casanova_2024,14
Coprosma repens,Tdr,Casanova_2024,14
Coronidium boormanii,Tdr,Casanova_2024,14
Coronidium scorpioides,Tdr,Casanova_2024,14
Correa aemula,Tdr,Casanova_2024,14
Correa calycina,Tdr,Casanova_2024,14
Correa decumbens,Tdr,Casanova_2024,14
Correa eburnea,Tdr,Casanova_2024,14
Correa reflexa,Tdr,Casanova_2024,14
Corybas diemenicus,Tdr,Casanova_2024,14
Corybas dilatatus,Tdr,Casanova_2024,14
Corymbia calophylla,Tdr,Casanova_2024,14
Corymbia vespertilio,Tdr,Casanova_2024,14
Corynotheca micrantha,Tdr,Casanova_2024,14
Cotula alpina ,Tda,Casanova_2024,14
Cotula australis,Tdr,Casanova_2024,14
Cotula bipinnata,Tda,Casanova_2024,14
Cotula coronopifolia,ARp,Casanova_2024,14
Cotula sp.,ARp,Casanova_2024,14
Cotula vulgaris ,Tda,Casanova_2024,14
Cotula vulgaris var. australasica,ARp,Casanova_2024,14
Craspedia canens,Tdr,Casanova_2024,14
Craspedia glauca,ATe,Casanova_2024,14
Craspedia paludicola,Tda,Casanova_2024,14
Craspedia sp. 1 (PG 6554),Tdr,Casanova_2024,14
Craspedia uniflora,Tdr,Casanova_2024,14
Craspedia variabilis,Tda,Casanova_2024,14
Crassula closiana,Tdr,Casanova_2024,14
Crassula colorata ,Tdr,Casanova_2024,14
Crassula colorata var. acuminata ,Tdr,Casanova_2024,14
Crassula decumbens var. decumbens ,ATl,Casanova_2024,14
Crassula helmsii,ARp,Casanova_2024,14
Crassula natans,ARp,Casanova_2024,14
Crassula natans var. minus,ATl,Casanova_2024,14
Crassula peduncularis,ARp,Casanova_2024,14
Crassula sieberiana,Tdr,Casanova_2024,14
Crassula sp.,ARp,Casanova_2024,14
Crassula tetramera ,Tda,Casanova_2024,14
Crepis foetida subsp. foetida,Tda,Casanova_2024,14
Cressa australis ,ATe,Casanova_2024,14
Crinum flaccidum,Tdr,Casanova_2024,14
Crowea exalata subsp. exalata,Tdr,Casanova_2024,14
Cryptandra hispidula,Tdr,Casanova_2024,14
Cryptandra leucopogon,Tdr,Casanova_2024,14
Cryptostylis subulata,Tdr,Casanova_2024,14
Cucumis melo subsp. agrestis,Tdr,Casanova_2024,14
Cucumis myriocarpus,Tdr,Casanova_2024,14
Cullen australasicum,Tdr,Casanova_2024,14
Cullen cinereum,Tda,Casanova_2024,14
Cullen leucanthum,Tda,Casanova_2024,14
Cullen pallidum,Tdr,Casanova_2024,14
Cullen parvum,Tda,Casanova_2024,14
Cullen tenax,Tda,Casanova_2024,14
Cullen walkingtonii,Tda,Casanova_2024,14
Cupaniopsis anacardioides,ATw,Casanova_2024,14
Cuphonotus andraeanus,Tdr,Casanova_2024,14
Cuphonotus humistratus,Tda,Casanova_2024,14
Cuscuta campestris,Tdr,Casanova_2024,14
Cyclospermum leptophyllum,Tdr,Casanova_2024,14
Cymbonotus preissianus ,Tdr,Casanova_2024,14
Cymbopogon obtectus,Tdr,Casanova_2024,14
Cymbopogon sp.,Tdr,Casanova_2024,14
Cynara cardunculus subsp. cardunculus,Tdr,Casanova_2024,14
Cynara cardunculus subsp. flavescens,Tdr,Casanova_2024,14
Cynodon dactylon var. dactylon,Tdr,Casanova_2024,14
Cynodon dactylon var. pulchellus,Tdr,Casanova_2024,14
Cynoglossum australe,Tdr,Casanova_2024,14
Cynosurus echinatus,ATe,Casanova_2024,14
Cyperus albostriatus,Tda,Casanova_2024,14
Cyperus aquatilis,ATe,Casanova_2024,14
Cyperus aromaticus,ATe,Casanova_2024,14
Cyperus betchei subsp. betchei,Tda,Casanova_2024,14
Cyperus bifax,ATe,Casanova_2024,14
Cyperus congestus,ATe,Casanova_2024,14
Cyperus difformis,ATl,Casanova_2024,14
Cyperus digitatus,ATe,Casanova_2024,14
Cyperus eragrostis,ATe,Casanova_2024,14
Cyperus exalatus=involucratus?,ATe,Casanova_2024,14
Cyperus exaltatus,ATe,Casanova_2024,14
Cyperus fascicularis,ATe,Casanova_2024,14
Cyperus flaccidus,ATe,Casanova_2024,14
Cyperus gilesii,ATe,Casanova_2024,14
Cyperus gracilis,ATe,Casanova_2024,14
Cyperus gunnii subsp. gunnii,ATe,Casanova_2024,14
Cyperus gymnocaulos,ATe,Casanova_2024,14
Cyperus hamulosus,ATe,Casanova_2024,14
Cyperus involucratus,ATe,Casanova_2024,14
Cyperus iria,ATe,Casanova_2024,14
Cyperus laevigatus,ATe,Casanova_2024,14
Cyperus lhotskyanus ,ATe,Casanova_2024,14
Cyperus lucidus ,ATe,Casanova_2024,14
Cyperus pilosus,ATe,Casanova_2024,14
Cyperus polystachyos,ATe,Casanova_2024,14
Cyperus pygmaeus,ATl,Casanova_2024,14
Cyperus rigidellus,ATe,Casanova_2024,14
Cyperus rotundus,ATe,Casanova_2024,14
Cyperus sanguinolentus,ATe,Casanova_2024,14
Cyperus sp.,ATe,Casanova_2024,14
Cyperus sphacelatus,Tdr,Casanova_2024,14
Cyperus sphaeroideus,ATe,Casanova_2024,14
Cyperus squarrosus,Tda,Casanova_2024,14
Cyperus tenellus,ATe,Casanova_2024,14
Cyperus trinervis,Tda,Casanova_2024,14
Cyperus unioloides,ATe,Casanova_2024,14
Cyperus vaginatus,ATe,Casanova_2024,14
Cyperus victoriensis,ATe,Casanova_2024,14
Cyrtococcum oxyphyllum,Tdr,Casanova_2024,14
Cyrtostylis reniformis,Tdr,Casanova_2024,14
Cytisus scoparius,Tdr,Casanova_2024,14
Dactylis glomerata,Tdr,Casanova_2024,14
Dactyloctenium radulans,Tdr,Casanova_2024,14
Damasonium minus,ARp,Casanova_2024,14
Dampiera linearis,Tdr,Casanova_2024,14
Dampiera stricta,Tdr,Casanova_2024,14
Datura ferox,Tdr,Casanova_2024,14
Datura inoxia,Tdr,Casanova_2024,14
Datura stramonium,Tdr,Casanova_2024,14
Daucus glochidiatus,Tdr,Casanova_2024,14
Daviesia arenaria,Tdr,Casanova_2024,14
Daviesia brevifolia,Tdr,Casanova_2024,14
Daviesia genistifolia,Tdr,Casanova_2024,14
Daviesia latifolia,Tdr,Casanova_2024,14
Daviesia leptophylla,Tdr,Casanova_2024,14
Daviesia nova-anglica,Tdr,Casanova_2024,14
Daviesia ulicifolia,Tdr,Casanova_2024,14
Daviesia ulicifolia subsp. incarnata,Tdr,Casanova_2024,14
Dentella minutissima,ATl,Casanova_2024,14
Dentella sp.,ATl,Casanova_2024,14
Desmodium nemorosum,Tda,Casanova_2024,14
Desmodium varians,Tdr,Casanova_2024,14
Deyeuxia brachyathera,Tda,Casanova_2024,14
Deyeuxia carinata,Tda,Casanova_2024,14
Deyeuxia densa,Tdr,Casanova_2024,14
Deyeuxia gunniana,Tda,Casanova_2024,14
Deyeuxia imbricata,Tdr,Casanova_2024,14
Deyeuxia mckiei,Tdr,Casanova_2024,14
Deyeuxia minor,Tdr,Casanova_2024,14
Deyeuxia parviseta,Tda,Casanova_2024,14
Deyeuxia quadriseta,ATe,Casanova_2024,14
Deyeuxia sp.,Tdr,Casanova_2024,14
Dianella brevicaulis,Tdr,Casanova_2024,14
Dianella caerulea,Tdr,Casanova_2024,14
Dianella longifolia var. grandis,Tda,Casanova_2024,14
Dianella longifolia var. longifolia,Tda,Casanova_2024,14
Dianella porracea,Tdr,Casanova_2024,14
Dianella revoluta,Tdr,Casanova_2024,14
Dianella revoluta var. revoluta,Tdr,Casanova_2024,14
Dianella sp.,Tdr,Casanova_2024,14
Dichanthium sericeum,Tda,Casanova_2024,14
Dichelachne crinita,Tda,Casanova_2024,14
Dichelachne inaequiglumis,Tdr,Casanova_2024,14
Dichelachne micrantha,Tdr,Casanova_2024,14
Dichelachne parva,Tda,Casanova_2024,14
Dichelachne sieberiana,Tdr,Casanova_2024,14
Dichondra repens,Tdr,Casanova_2024,14
Dichopogon capillipes,Tdr,Casanova_2024,14
Dicranopteris linearis,Tda,Casanova_2024,14
Dielsia stenostachya,Tda,Casanova_2024,14
Digitaria ammophila,Tdr,Casanova_2024,14
Digitaria brownii,Tdr,Casanova_2024,14
Digitaria ciliaris,Tdr,Casanova_2024,14
Digitaria coenicola,Tdr,Casanova_2024,14
Digitaria divaricatissima ,Tdr,Casanova_2024,14
Digitaria sp.,Tdr,Casanova_2024,14
Dillwynia hispida,Tdr,Casanova_2024,14
Dillwynia phylicoides,Tdr,Casanova_2024,14
Dillwynia retorta,Tdr,Casanova_2024,14
Dillwynia sericea,Tda,Casanova_2024,14
Dillwynia sieberi,Tdr,Casanova_2024,14
Diplachne fusca,ATe,Casanova_2024,14
Diplotaxis muralis,Tdr,Casanova_2024,14
Dipodium punctatum,Tdr,Casanova_2024,14
Dipogon lignosus,Tdr,Casanova_2024,14
Dischisma arenarium,Tdr,Casanova_2024,14
Disphyma crassifolium subsp. clavellatum,Tdr,Casanova_2024,14
Dissocarpus biflorus var. biflorus,Tdr,Casanova_2024,14
Dissocarpus paradoxus,Tdr,Casanova_2024,14
Dissocarpus sp.,Tdr,Casanova_2024,14
Distichlis distichophylla,Tda,Casanova_2024,14
Dittrichia graveolens,Tdr,Casanova_2024,14
Diuris aff. corymbosa,Tdr,Casanova_2024,14
Diuris brevifolia,Tda,Casanova_2024,14
Diuris lanceolata,Tda,Casanova_2024,14
Diuris longifolia,Tdr,Casanova_2024,14
Dodonaea viscosa,Tdr,Casanova_2024,14
Dodonaea viscosa subsp. angustissima,Tdr,Casanova_2024,14
Dodonaea viscosa subsp. mucronata ,Tda,Casanova_2024,14
Dodonaea viscosa subsp. spatulata,Tdr,Casanova_2024,14
Doodia caudata,ARp,Casanova_2024,14
Drosera auriculata,Tdr,Casanova_2024,14
Drosera binata,Tda,Casanova_2024,14
Drosera burmanni,Tda,Casanova_2024,14
Drosera glanduligera,Tda,Casanova_2024,14
Drosera indica,Tda,Casanova_2024,14
Drosera macrantha,Tda,Casanova_2024,14
Drosera macrantha subsp. planchonii,Tdr,Casanova_2024,14
Drosera peltata,Tda,Casanova_2024,14
Drosera pygmaea,Tda,Casanova_2024,14
Drosera spatulata,Tda,Casanova_2024,14
Drosera whittakeri,ATl,Casanova_2024,14
Drymaria cordata,Tda,Casanova_2024,14
Duma florulenta,ATw,Casanova_2024,14
Dysphania cristata,Tdr,Casanova_2024,14
Dysphania glomulifera subsp. glomulifera,Tdr,Casanova_2024,14
Dysphania melanocarpa,Tdr,Casanova_2024,14
Dysphania platycarpa,Tda,Casanova_2024,14
Dysphania pumilio,Tdr,Casanova_2024,14
Dysphania pumilio ,Tdr,Casanova_2024,14
Dysphania sp.,Tda,Casanova_2024,14
Dysphania truncata,Tda,Casanova_2024,14
Echinochloa crus-galli,Tda,Casanova_2024,14
Echinochloa esculenta,Tdr,Casanova_2024,14
Echinopogon caespitosus var. caespitosus,Tdr,Casanova_2024,14
Echinopogon ovatus,Tda,Casanova_2024,14
Echium plantagineum,Tdr,Casanova_2024,14
Eclipta platyglossa,Tda,Casanova_2024,14
Ectrosia sp.,Tdr,Casanova_2024,14
Ehrharta calycina,Tdr,Casanova_2024,14
Ehrharta erecta,Tdr,Casanova_2024,14
Ehrharta longiflora,Tda,Casanova_2024,14
Eichhornia crassipes,ARf,Casanova_2024,14
Einadia hastata,Tda,Casanova_2024,14
Einadia nutans,Tdr,Casanova_2024,14
Einadia nutans subsp. nutans,Tdr,Casanova_2024,14
Elaeocarpus reticulatus,Tda,Casanova_2024,14
Elatine gratioloides,ATl,Casanova_2024,14
Eleocharis acuta,ATe,Casanova_2024,14
Eleocharis atricha,ATe,Casanova_2024,14
Eleocharis dietrichiana,ATe,Casanova_2024,14
Eleocharis gracilis,ATe,Casanova_2024,14
Eleocharis macbarronii,ATe,Casanova_2024,14
Eleocharis pallens,ATe,Casanova_2024,14
Eleocharis papillosa,ATe,Casanova_2024,14
Eleocharis plana,ATe,Casanova_2024,14
Eleocharis pusilla,ATe,Casanova_2024,14
Eleocharis sp.,ATe,Casanova_2024,14
Eleocharis sphacelata,ATe,Casanova_2024,14
Eleusine tristachya ,Tdr,Casanova_2024,14
Elodea canadensis,Sk,Casanova_2024,14
Elymus scaber,Tdr,Casanova_2024,14
Elytrophorus spicatus ,ATe,Casanova_2024,14
Emex australis,Tdr,Casanova_2024,14
Empodisma minus,ATe,Casanova_2024,14
Enchylaena tomentosa,Tdr,Casanova_2024,14
Enchylaena tomentosa var. tomentosa,Tdr,Casanova_2024,14
Enneapogon avenaceus ,Tda,Casanova_2024,14
Enneapogon nigricans,Tdr,Casanova_2024,14
Enteromorpha intestinalis?,Sr,Casanova_2024,14
Enteropogon acicularis,Tdr,Casanova_2024,14
Entolasia marginata,Tda,Casanova_2024,14
Entolasia sp.,Tda,Casanova_2024,14
Entolasia stricta,Tdr,Casanova_2024,14
Epacris breviflora,Tdr,Casanova_2024,14
Epacris impressa,Tdr,Casanova_2024,14
Epacris microphylla var. microphylla,Tdr,Casanova_2024,14
Epacris obtusifolia,Tdr,Casanova_2024,14
Epacris paludosa,Tdr,Casanova_2024,14
Epacris petrophila,Tdr,Casanova_2024,14
Epacris pulchella,Tdr,Casanova_2024,14
Epacris sp. (aff. petrophila),Tdr,Casanova_2024,14
Epaltes australis,Tda,Casanova_2024,14
Epaltes cunninghamii,Tda,Casanova_2024,14
Epilobium billardiereanum subsp. billardiereanum ,Tda,Casanova_2024,14
Epilobium billardiereanum subsp. cinereum,Tda,Casanova_2024,14
Epilobium billardiereanum subsp. hydrophilum,Tda,Casanova_2024,14
Epilobium billardiereanum subsp. intermedium,Tda,Casanova_2024,14
Epilobium ciliatum,Tda,Casanova_2024,14
Epilobium gunnianum,Tda,Casanova_2024,14
Epilobium hirtigerum,Tda,Casanova_2024,14
Epilobium pallidiflorum,Tda,Casanova_2024,14
Epilobium sarmentaceum,Tdr,Casanova_2024,14
Epilobium sp.,Tdr,Casanova_2024,14
Eragrostis australasica,ATe,Casanova_2024,14
Eragrostis basedowii,Tda,Casanova_2024,14
Eragrostis brownii,Tdr,Casanova_2024,14
Eragrostis cilianensis,Tdr,Casanova_2024,14
Eragrostis cumingii,Tda,Casanova_2024,14
Eragrostis curvula,Tda,Casanova_2024,14
Eragrostis dielsii,Tdr,Casanova_2024,14
Eragrostis elongata,Tda,Casanova_2024,14
Eragrostis eriopoda,Tdr,Casanova_2024,14
Eragrostis falcata ,Tda,Casanova_2024,14
Eragrostis infecunda,ATe,Casanova_2024,14
Eragrostis kennedyae,Tdr,Casanova_2024,14
Eragrostis lacunaria ,Tda,Casanova_2024,14
Eragrostis laniflora ,Tdr,Casanova_2024,14
Eragrostis leptocarpa,Tda,Casanova_2024,14
Eragrostis parviflora,Tda,Casanova_2024,14
Eragrostis setifolia,Tda,Casanova_2024,14
Eragrostis sp.,ATe,Casanova_2024,14
Eragrostis speciosa,Tda,Casanova_2024,14
Eragrostis tenellula,Tdr,Casanova_2024,14
Eragrostis trachycarpa,Tda,Casanova_2024,14
Eremaea pauciflora,Tdr,Casanova_2024,14
Eremophila bignoniiflora,ATw,Casanova_2024,14
Eremophila bowmanii subsp.latifolia,Tdr,Casanova_2024,14
Eremophila deserti ,Tdr,Casanova_2024,14
Eremophila divaricata,Tdr,Casanova_2024,14
Eremophila divaricata subsp. divaricata,Tdr,Casanova_2024,14
Eremophila duttonii,Tdr,Casanova_2024,14
Eremophila gibbifolia,Tdr,Casanova_2024,14
Eremophila gilesii,Tdr,Casanova_2024,14
Eremophila glabra,Tdr,Casanova_2024,14
Eremophila latrobei,Tdr,Casanova_2024,14
Eremophila longifolia,Tda,Casanova_2024,14
Eremophila maculata,Tda,Casanova_2024,14
Eremophila maculata subsp. maculata,Tdr,Casanova_2024,14
Eremophila polyclada,Tdr,Casanova_2024,14
Eremophila scoparia,Tdr,Casanova_2024,14
Eremophila sturtii,Tdr,Casanova_2024,14
Eriachne benthamii,ATe,Casanova_2024,14
Eriachne pubescens,Tdr,Casanova_2024,14
Erica lusitanica,Tdr,Casanova_2024,14
Erica sp.,Tdr,Casanova_2024,14
Erigeron gunnii ,Tdr,Casanova_2024,14
Eriocaulon australasicum ,ATl,Casanova_2024,14
Eriocaulon scariosum,Tda,Casanova_2024,14
Eriocaulon sp.,ATl,Casanova_2024,14
Eriochilus cucullatus,Tdr,Casanova_2024,14
Eriochlamys sp. aff. behrii,Tda,Casanova_2024,14
Eriochloa australiensis,ATe,Casanova_2024,14
Erodium botrys,Tdr,Casanova_2024,14
Erodium brachycarpum,Tdr,Casanova_2024,14
Erodium cicutarium,Tdr,Casanova_2024,14
Erodium crinitum,Tda,Casanova_2024,14
Erodium moschatum ,Tdr,Casanova_2024,14
Erodium sp.,Tdr,Casanova_2024,14
Eryngium ovinum ,Tda,Casanova_2024,14
Eryngium paludosum ,ATe,Casanova_2024,14
Eryngium plantagineum,Tdr,Casanova_2024,14
Eryngium vesiculosum,Tda,Casanova_2024,14
Eucalyptus acaciiformis,Tdr,Casanova_2024,14
Eucalyptus barklyensis,Tdr,Casanova_2024,14
Eucalyptus baxteri,ATw,Casanova_2024,14
Eucalyptus brunnea,Tdr,Casanova_2024,14
Eucalyptus caliginosa,Tdr,Casanova_2024,14
Eucalyptus camaldulensis,ATw,Casanova_2024,14
Eucalyptus cameronii,Tdr,Casanova_2024,14
Eucalyptus campanulata,Tdr,Casanova_2024,14
Eucalyptus camphora subsp. relicta,Tdr,Casanova_2024,14
Eucalyptus chloroclada,Tdr,Casanova_2024,14
Eucalyptus coolabah,Tdr,Casanova_2024,14
Eucalyptus cosmophylla,Tda,Casanova_2024,14
Eucalyptus dalrympleana subsp. heptantha,Tdr,Casanova_2024,14
Eucalyptus diversifolia,Tdr,Casanova_2024,14
Eucalyptus dorrigoensis,Tdr,Casanova_2024,14
Eucalyptus dumosa,Tdr,Casanova_2024,14
Eucalyptus fasciculosa,Tdr,Casanova_2024,14
Eucalyptus gomphocephala,Tdr,Casanova_2024,14
Eucalyptus gracilis subsp. gracilis,Tdr,Casanova_2024,14
Eucalyptus largiflorens,ATw,Casanova_2024,14
Eucalyptus largiflorens x gracilis hybrid,ATw,Casanova_2024,14
Eucalyptus leucoxylon,Tdr,Casanova_2024,14
Eucalyptus ligustrina,Tdr,Casanova_2024,14
Eucalyptus nitens,Tdr,Casanova_2024,14
Eucalyptus nobilis,Tdr,Casanova_2024,14
Eucalyptus notabilis,Tdr,Casanova_2024,14
Eucalyptus nova-anglica,Tdr,Casanova_2024,14
Eucalyptus obliqua,Tdr,Casanova_2024,14
Eucalyptus obliqua var. obliqua,Tdr,Casanova_2024,14
Eucalyptus occidentalis,ATw,Casanova_2024,14
Eucalyptus ochrophloia,ATw,Casanova_2024,14
Eucalyptus oleosa subsp. oleosa,Tdr,Casanova_2024,14
Eucalyptus opaca (terminalis),Tdr,Casanova_2024,14
Eucalyptus ovata,Tdr,Casanova_2024,14
Eucalyptus paludicola,ATw,Casanova_2024,14
Eucalyptus pauciflora,Tdr,Casanova_2024,14
Eucalyptus petiolaris ,ATw,Casanova_2024,14
Eucalyptus populnea,Tdr,Casanova_2024,14
Eucalyptus propinqua,Tdr,Casanova_2024,14
Eucalyptus radiata subsp. sejuncta,Tdr,Casanova_2024,14
Eucalyptus rubida subsp. rubida,Tdr,Casanova_2024,14
Eucalyptus rudis,ATw,Casanova_2024,14
Eucalyptus scias subsp. apoda,Tdr,Casanova_2024,14
Eucalyptus socialis,Tdr,Casanova_2024,14
Eucalyptus sp. ,ATw,Casanova_2024,14
Eucalyptus victrix,Tdr,Casanova_2024,14
Eucalyptus viminalis,Tdr,Casanova_2024,14
Eucalyptus viminalis subsp. viminalis,Tdr,Casanova_2024,14
Eucalyptus williamsiana,Tdr,Casanova_2024,14
Euchilopsis linearis,ATw,Casanova_2024,14
Euchiton involucratus,Tda,Casanova_2024,14
Euchiton japonicus,Tdr,Casanova_2024,14
Euchiton limosus,ATe,Casanova_2024,14
Euchiton sp.,Tdr,Casanova_2024,14
Euchiton sphaericus,Tdr,Casanova_2024,14
Euchiton traversii,Tdr,Casanova_2024,14
Eulalia aurea,Tdr,Casanova_2024,14
Euphorbia drummondii,Tdr,Casanova_2024,14
Euphorbia paralias,Tdr,Casanova_2024,14
Euphorbia peplus,Tda,Casanova_2024,14
Euphorbia tannensis ,Tdr,Casanova_2024,14
Euphorbia terracina,Tdr,Casanova_2024,14
Euphrasia caudata,ATe,Casanova_2024,14
Euphrasia collina subsp. osbornii,Tda,Casanova_2024,14
Euphrasia collina subsp. paludosa,ATe,Casanova_2024,14
Euphrasia sp.,ATe,Casanova_2024,14
Euryomyrtus ramosissima,Tdr,Casanova_2024,14
Eutaxia microphylla,Tdr,Casanova_2024,14
Evolvulus alsinoides,Tdr,Casanova_2024,14
Exocarpos aphyllus,Tdr,Casanova_2024,14
Exocarpos cupressiformis,Tdr,Casanova_2024,14
Exocarpos nanus,Tda,Casanova_2024,14
Exocarpos sparteus,Tdr,Casanova_2024,14
Exocarpos strictus,Tdr,Casanova_2024,14
Exocarpos syrticola,Tdr,Casanova_2024,14
Ferula communis,Tdr,Casanova_2024,14
Festuca arundinacea,Tda,Casanova_2024,14
Festuca rubra,Tdr,Casanova_2024,14
Festuca sp.,Tdr,Casanova_2024,14
Ficinia nodosa,ATe,Casanova_2024,14
Ficus carica,ATw,Casanova_2024,14
Fimbristylis aestivalis,ARp,Casanova_2024,14
Fimbristylis dichotoma,Tda,Casanova_2024,14
Fimbristylis nutans,ATe,Casanova_2024,14
Fimbristylis sp.,Tda,Casanova_2024,14
Fimbristylis velata,ATe,Casanova_2024,14
Fissidens fontanus,Sk,Casanova_2024,14
Flaveria australasica,Tdr,Casanova_2024,14
Flindersia maculosa,Tdr,Casanova_2024,14
Foeniculum vulgare,Tda,Casanova_2024,14
Frankenia gracilis,Tda,Casanova_2024,14
Frankenia pauciflora,Tda,Casanova_2024,14
Frankenia serpyllifolia,Tdr,Casanova_2024,14
Frankenia sp.,Tdr,Casanova_2024,14
Frankenia uncinata,Tdr,Casanova_2024,14
Fraxinus rotundifolia subsp. rotundifolia,Tdr,Casanova_2024,14
Fraxinus sp.,Tdr,Casanova_2024,14
Freesia hybrid,Tdr,Casanova_2024,14
Fuirena incrassata,ATe,Casanova_2024,14
Fuirena sp.,ATe,Casanova_2024,14
Fumaria bastardii,Tda,Casanova_2024,14
Fumaria capreolata subsp. capreolata,Tda,Casanova_2024,14
Fumaria muralis subsp. muralis ,Tdr,Casanova_2024,14
Fumaria sp.,Tdr,Casanova_2024,14
Gahnia ancistrophylla,Tda,Casanova_2024,14
Gahnia aspera,ATe,Casanova_2024,14
Gahnia clarkei,ATe,Casanova_2024,14
Gahnia deusta,Tdr,Casanova_2024,14
Gahnia filum,ATe,Casanova_2024,14
Gahnia sieberiana,ATe,Casanova_2024,14
Gahnia sp.,ATe,Casanova_2024,14
Gahnia subaequiglumis,ATe,Casanova_2024,14
Gahnia trifida,ATe,Casanova_2024,14
Galenia pubescens,Tdr,Casanova_2024,14
Galium aparine,Tdr,Casanova_2024,14
Galium gaudichaudii,Tdr,Casanova_2024,14
Galium migrans,ATe,Casanova_2024,14
Galium migrans,Tdr,Casanova_2024,14
Galium murale,Tda,Casanova_2024,14
Gamochaeta calviceps ,Tdr,Casanova_2024,14
Gamochaeta coarctata ,Tdr,Casanova_2024,14
Gamochaeta pupurea,Tda,Casanova_2024,14
Gastrodia sesamoides,Tdr,Casanova_2024,14
Gaudinia fragilis,Tda,Casanova_2024,14
Gazania linearis,Tdr,Casanova_2024,14
Genista monspessulana,Tdr,Casanova_2024,14
Genoplesium rufum,Tdr,Casanova_2024,14
Geococcus pusillus,Tda,Casanova_2024,14
Geranium gardneri,Tdr,Casanova_2024,14
Geranium molle,Tdr,Casanova_2024,14
Geranium neglectum ,ATe,Casanova_2024,14
Geranium potentilloides var. potentilloides,Tdr,Casanova_2024,14
Geranium retrorsum,Tda,Casanova_2024,14
Geranium solanderi var. grande,Tdr,Casanova_2024,14
Geranium solanderi var. solanderi,Tdr,Casanova_2024,14
Geranium sp. ,Tdr,Casanova_2024,14
Geranium sp. 2,Tdr,Casanova_2024,14
Geranium sp. 3,Tdr,Casanova_2024,14
Gingidia harveyana ,Tda,Casanova_2024,14
Gladiolus caryophyllaceus,Tdr,Casanova_2024,14
Gladiolus sp.,Tdr,Casanova_2024,14
Gladiolus undulatus,Tdr,Casanova_2024,14
Gleichenia dicarpa,Tda,Casanova_2024,14
Gleichenia microphylla,ATw,Casanova_2024,14
Glinus lotoides,Tda,Casanova_2024,14
Glinus oppositifolius,Tdr,Casanova_2024,14
Glinus sp.,Tdr,Casanova_2024,14
Glochidion ferdinandi,Tdr,Casanova_2024,14
Glossodia major,Tdr,Casanova_2024,14
Glossostigma cleistanthum,ARp,Casanova_2024,14
Glossostigma diandrum,ATl,Casanova_2024,14
Glossostigma drummondii,ATl,Casanova_2024,14
Glossostigma elatinoides,ATl,Casanova_2024,14
Glyceria australis,ATe,Casanova_2024,14
Glyceria declinata,ATe,Casanova_2024,14
Glyceria sp.,ATe,Casanova_2024,14
Glycine canescens,Tdr,Casanova_2024,14
Glycine clandestina,Tdr,Casanova_2024,14
Glycine pindanica,Tdr,Casanova_2024,14
Glycine sp.,Tdr,Casanova_2024,14
Glycyrrhiza acanthocarpa,Tda,Casanova_2024,14
Gnaphalium diamantinense,Tda,Casanova_2024,14
Gnaphalium indutum,Tda,Casanova_2024,14
Gnaphalium polycaulon,Tda,Casanova_2024,14
Gnaphalium sp.,Tdr,Casanova_2024,14
Gnephosis arachnoidea,Tda,Casanova_2024,14
Gnephosis eriocarpa,Tdr,Casanova_2024,14
Gnephosis tenuissima,Tda,Casanova_2024,14
Gompholobium capitatum,Tdr,Casanova_2024,14
Gompholobium ecostatum,Tdr,Casanova_2024,14
Gompholobium inconspicuum,Tdr,Casanova_2024,14
Gompholobium tomentosum,Tdr,Casanova_2024,14
Gomphrena celosioides ,Tdr,Casanova_2024,14
Gonocarpus humilis ,Tda,Casanova_2024,14
Gonocarpus mezianus,Tdr,Casanova_2024,14
Gonocarpus micranthus subsp. micranthus,ATl,Casanova_2024,14
Gonocarpus oreophilus,Tda,Casanova_2024,14
Gonocarpus tetragynus,Tdr,Casanova_2024,14
Gonocarpus teucrioides,Tdr,Casanova_2024,14
Goodenia bellidifolia subsp. bellidifolia,Tdr,Casanova_2024,14
Goodenia blackiana,Tdr,Casanova_2024,14
Goodenia fascicularis,Tda,Casanova_2024,14
Goodenia geniculata,Tdr,Casanova_2024,14
Goodenia glauca,Tda,Casanova_2024,14
Goodenia gracilis,Tda,Casanova_2024,14
Goodenia hederacea subsp. hederacea,Tdr,Casanova_2024,14
Goodenia heteromera,Tda,Casanova_2024,14
Goodenia humilis,Tda,Casanova_2024,14
Goodenia nocoleche,ARp,Casanova_2024,14
Goodenia ovata,Tda,Casanova_2024,14
Goodenia pusilliflora,Tdr,Casanova_2024,14
Goodenia sp.,Tdr,Casanova_2024,14
Goodenia varia,Tdr,Casanova_2024,14
Grammitis billardieri ,Tdr,Casanova_2024,14
Gratiola nana ,Tda,Casanova_2024,14
Gratiola pedunculata,ARp,Casanova_2024,14
Gratiola peruviana,ATe,Casanova_2024,14
Gratiola pumilo,Tda,Casanova_2024,14
Grevillea acanthifolia subsp. stenomera,Tdr,Casanova_2024,14
Grevillea acerata,Tdr,Casanova_2024,14
Grevillea australis ,Tda,Casanova_2024,14
Grevillea huegelii,Tdr,Casanova_2024,14
Grevillea juniperina,Tda,Casanova_2024,14
Grevillea lanigera ,Tda,Casanova_2024,14
Grevillea lavandulacea subsp. lavandulacea,Tdr,Casanova_2024,14
Grevillea striata,Tdr,Casanova_2024,14
Grevillea vestita,Tdr,Casanova_2024,14
Grevillia pauciflora,Tdr,Casanova_2024,14
Gunniopsis septifraga,Tda,Casanova_2024,14
Gymnoschoenus sphaerocephalus,ATe,Casanova_2024,14
Gymnostachys anceps,Tda,Casanova_2024,14
Gyrostemon ramulosus,Tdr,Casanova_2024,14
Haemodoraceae sp.,Tda,Casanova_2024,14
Haemodorum planifolium,Tdr,Casanova_2024,14
Haemodorum spicatum,Tda,Casanova_2024,14
Hainardia cylindrica,Tda,Casanova_2024,14
Hainardia/Hemarthria sp.,Tda,Casanova_2024,14
Hakea carinata,ATw,Casanova_2024,14
Hakea eriantha,Tda,Casanova_2024,14
Hakea ivoryi,Tdr,Casanova_2024,14
Hakea laevipes subsp. graniticola,Tdr,Casanova_2024,14
Hakea leucoptera,Tdr,Casanova_2024,14
Hakea leucoptera subsp. leucoptera,Tdr,Casanova_2024,14
Hakea microcarpa ,ATw,Casanova_2024,14
Hakea mitchellii,Tdr,Casanova_2024,14
Hakea rostrata,ATw,Casanova_2024,14
Hakea rugosa,Tda,Casanova_2024,14
Hakea sp.,Tdr,Casanova_2024,14
Hakea tephrosperma ,Tdr,Casanova_2024,14
Hakea trifurcata,Tdr,Casanova_2024,14
Halgania andromedifolia ,Tdr,Casanova_2024,14
Haloragis aspera,Tda,Casanova_2024,14
Haloragis glauca f. glauca,Tda,Casanova_2024,14
Haloragis heterophylla ,Tda,Casanova_2024,14
Haloragis sp.,Tdr,Casanova_2024,14
Hardenbergia comptoniana,Tdr,Casanova_2024,14
Hardenbergia violacea,Tdr,Casanova_2024,14
Harmogia densifolia,Tdr,Casanova_2024,14
Harmsiodoxa blennodioides,Tdr,Casanova_2024,14
Harmsiodoxa puberula,Tdr,Casanova_2024,14
Hedera helix,Tdr,Casanova_2024,14
Helianthus annuus,Tdr,Casanova_2024,14
Helichrysum luteoalbum,Tdr,Casanova_2024,14
Helichrysum rutidolepis,Tda,Casanova_2024,14
Heliotropium amplexicaule,Tdr,Casanova_2024,14
Heliotropium curassavicum,Tda,Casanova_2024,14
Heliotropium europaeum,Tdr,Casanova_2024,14
Heliotropium sp.,Tdr,Casanova_2024,14
Heliotropium supinum,Tda,Casanova_2024,14
Helminthotheca echioides,Tdr,Casanova_2024,14
Hemarthria uncinata,Tda,Casanova_2024,14
Hemichroa pentandra,ATe,Casanova_2024,14
Herniaria cinerea,Tda,Casanova_2024,14
Herniaria hirsuta,Tda,Casanova_2024,14
Hibbertia acerosa,Tdr,Casanova_2024,14
Hibbertia acicularis,Tdr,Casanova_2024,14
Hibbertia aspera,Tdr,Casanova_2024,14
Hibbertia exutiacies,Tdr,Casanova_2024,14
Hibbertia hypericoides,Tdr,Casanova_2024,14
Hibbertia linearis,Tdr,Casanova_2024,14
Hibbertia pedunculata,Tdr,Casanova_2024,14
Hibbertia racemosa,Tdr,Casanova_2024,14
Hibbertia riparia,Tdr,Casanova_2024,14
Hibbertia rufa,Tda,Casanova_2024,14
Hibbertia scandens,Tdr,Casanova_2024,14
Hibbertia sp.,Tdr,Casanova_2024,14
Hibbertia sp. B,Tdr,Casanova_2024,14
Hibbertia stellaris ,ATw,Casanova_2024,14
Hibbertia subvaginata,Tdr,Casanova_2024,14
Hibiscus sturtii var. sturtii,Tdr,Casanova_2024,14
Hibiscus tiliaceus,ATw,Casanova_2024,14
Hierochloe redolens ,Tda,Casanova_2024,14
Histiopteris incisa,ATe,Casanova_2024,14
Holcus lanatus,Tdr,Casanova_2024,14
Homalanthus populifolius,Tda,Casanova_2024,14
Hookerochloa eriopoda,Tda,Casanova_2024,14
Hookerochloa hookeriana ,Tda,Casanova_2024,14
Hordeum distichon,Tdr,Casanova_2024,14
Hordeum leporinum,Tdr,Casanova_2024,14
Hordeum marinum,Tdr,Casanova_2024,14
Hordeum murinum,Tdr,Casanova_2024,14
Hordeum vulgare,Tdr,Casanova_2024,14
Hovea heterophylla,Tdr,Casanova_2024,14
Hovea trisperma,Tdr,Casanova_2024,14
Hyalosperma demissum,Tdr,Casanova_2024,14
Hyalosperma semisterile,Tdr,Casanova_2024,14
Hybanthus calycinus,Tdr,Casanova_2024,14
Hybanthus floribundus subsp. floribundus,Tdr,Casanova_2024,14
Hybanthus monopetalus,Tdr,Casanova_2024,14
Hydrilla verticillata,Sk,Casanova_2024,14
Hydrocotyle callicarpa,Tdr,Casanova_2024,14
Hydrocotyle geraniifolia,Tdr,Casanova_2024,14
Hydrocotyle hirta,Tda,Casanova_2024,14
Hydrocotyle laxiflora,ATl,Casanova_2024,14
Hydrocotyle medicaginoides,Tda,Casanova_2024,14
Hydrocotyle muscosa,ARp,Casanova_2024,14
Hydrocotyle peduncularis,Tda,Casanova_2024,14
Hydrocotyle plebeya,ARp,Casanova_2024,14
Hydrocotyle pterocarpa,ATl,Casanova_2024,14
Hydrocotyle sibthorpioides ,Tda,Casanova_2024,14
Hydrocotyle sp.,ATl,Casanova_2024,14
Hydrocotyle tripartita ,ATl,Casanova_2024,14
Hydrocotyle verticillata,ARf,Casanova_2024,14
Hygrophila angustifolia,ARp,Casanova_2024,14
Hypericum gramineum,Tdr,Casanova_2024,14
Hypericum japonicum,Tda,Casanova_2024,14
Hypericum perforatum,Tdr,Casanova_2024,14
Hypocalymma angustifolium,ATw,Casanova_2024,14
Hypocalymma robustum,Tdr,Casanova_2024,14
Hypochaeris glabra,Tdr,Casanova_2024,14
Hypochaeris radicata ,Tdr,Casanova_2024,14
Hypolaena exsulca,Tdr,Casanova_2024,14
Hypolaena fastigiata,Tda,Casanova_2024,14
Hypolaena pubescens ,ATe,Casanova_2024,14
Hypolepis glandulifera,Tdr,Casanova_2024,14
Hypolepis rugosula,Tda,Casanova_2024,14
Hypoxis exilis,Tda,Casanova_2024,14
Hypoxis glabella var. glabella,Tda,Casanova_2024,14
Hypoxis hygrometrica ,Tda,Casanova_2024,14
Hypoxis hygrometrica var. splendida,Tda,Casanova_2024,14
Ilex aquifolium,Tdr,Casanova_2024,14
Imperata cylindrica,Tdr,Casanova_2024,14
Iris germanica,Tdr,Casanova_2024,14
Isachne globosa,ATe,Casanova_2024,14
Iseilema membranaceum,Tda,Casanova_2024,14
Isoetes drummondii,Sk,Casanova_2024,14
Isoetes drummondii subsp. drummondii,Sk,Casanova_2024,14
Isoetes muelleri ,Sk,Casanova_2024,14
Isoetopsis graminifolia,Tda,Casanova_2024,14
Isolepis australiensis,ATe,Casanova_2024,14
Isolepis cernua,ATl,Casanova_2024,14
Isolepis congrua,ATe,Casanova_2024,14
Isolepis crassiuscula ,ATe,Casanova_2024,14
Isolepis fluitans,Sk,Casanova_2024,14
Isolepis habra,Tda,Casanova_2024,14
Isolepis histrix,Tda,Casanova_2024,14
Isolepis hookeriana,ATl,Casanova_2024,14
Isolepis hystrix,ATe,Casanova_2024,14
Isolepis inundata,ATl,Casanova_2024,14
Isolepis marginata,ARp,Casanova_2024,14
Isolepis montivaga,Tda,Casanova_2024,14
Isolepis nodosa,Tdr,Casanova_2024,14
Isolepis platycarpa,ATl,Casanova_2024,14
Isolepis producta,ATl,Casanova_2024,14
Isolepis prolifera,ARp,Casanova_2024,14
Isolepis sp.,ARp,Casanova_2024,14
Isolepis stellata,ATl,Casanova_2024,14
Isolepis subtilissima ,Tda,Casanova_2024,14
Isolepis victoriensis,ATl,Casanova_2024,14
Isopogon ceratophyllus,Tda,Casanova_2024,14
Isopogon petiolaris,Tdr,Casanova_2024,14
Isotoma fluviatilis,ATl,Casanova_2024,14
Isotoma fluviatilis subsp. australis,ATl,Casanova_2024,14
Isotoma fluviatilis subsp. borealis,ATl,Casanova_2024,14
Isotoma luticola,ATl,Casanova_2024,14
Isotoma tridens,ATl,Casanova_2024,14
Ixiolaena brevicompta,Tda,Casanova_2024,14
Ixiolaena leptolepis,Tda,Casanova_2024,14
Ixodia achillaeoides subsp. achillaeoides,Tdr,Casanova_2024,14
Ixodia achillaeoides subsp. alata,Tdr,Casanova_2024,14
Jacksonia furcellata,ATw,Casanova_2024,14
Jacksonia sternbergiana,ATw,Casanova_2024,14
Jasminum lineare,Tdr,Casanova_2024,14
Juncus acutus subsp. acutus,ATe,Casanova_2024,14
Juncus alexandri,Tda,Casanova_2024,14
Juncus amabilis,ATe,Casanova_2024,14
Juncus aridicola,ATe,Casanova_2024,14
Juncus articulatus,ATe,Casanova_2024,14
Juncus australis,Tda,Casanova_2024,14
Juncus brevibracteus ,ATe,Casanova_2024,14
Juncus bufonius,Tda,Casanova_2024,14
Juncus bulbosus,Tdr,Casanova_2024,14
Juncus caespiticius,ATe,Casanova_2024,14
Juncus capitatus,Tda,Casanova_2024,14
Juncus continuus,ATe,Casanova_2024,14
Juncus effusus,ATe,Casanova_2024,14
Juncus falcatus,ATe,Casanova_2024,14
Juncus filicaulis ,Tda,Casanova_2024,14
Juncus firmus,ATe,Casanova_2024,14
Juncus flavidus,ATe,Casanova_2024,14
Juncus holoschoenus,ATe,Casanova_2024,14
Juncus ingens,ATe,Casanova_2024,14
Juncus kraussii,ATe,Casanova_2024,14
Juncus kraussii subsp. australiensis ,ATe,Casanova_2024,14
Juncus microcephalus,Tdr,Casanova_2024,14
Juncus ochrocoleus,ATe,Casanova_2024,14
Juncus pallidus,ATe,Casanova_2024,14
Juncus pauciflorus,ATe,Casanova_2024,14
Juncus phaeanthus ,ATe,Casanova_2024,14
Juncus pin ,Tda,Casanova_2024,14
Juncus planifolius,ATe,Casanova_2024,14
Juncus prismatocarpus,ATe,Casanova_2024,14
Juncus procerus,Tda,Casanova_2024,14
Juncus psammophilus,Tda,Casanova_2024,14
Juncus radula,ATe,Casanova_2024,14
Juncus remotiflorus,ATe,Casanova_2024,14
Juncus sandwithii ,Tda,Casanova_2024,14
Juncus sarophorus,ATe,Casanova_2024,14
Juncus semisolidus ,ATe,Casanova_2024,14
Juncus sp.,Tda,Casanova_2024,14
Juncus subnodulosus,ATe,Casanova_2024,14
Juncus subsecundus,Tda,Casanova_2024,14
Juncus usitatus,ATe,Casanova_2024,14
Juncus vaginatus,ATe,Casanova_2024,14
Kennedia prostrata,Tdr,Casanova_2024,14
Kennedia sp.,Tdr,Casanova_2024,14
Kickxia elatine,Tdr,Casanova_2024,14
Kickxia elatine subsp. crinita,Tdr,Casanova_2024,14
Kunzea bracteolata,Tdr,Casanova_2024,14
Kunzea ericifolia,ATw,Casanova_2024,14
Kunzea pomifera,Tdr,Casanova_2024,14
Lachnagrostis aemula,Tda,Casanova_2024,14
Lachnagrostis billardierei,Tdr,Casanova_2024,14
Lachnagrostis filiformis,ATe,Casanova_2024,14
Lachnagrostis meionectes,ATe,Casanova_2024,14
Lactuca saligna,Tdr,Casanova_2024,14
Lactuca serriola,Tdr,Casanova_2024,14
Lagarosiphon major,Sk,Casanova_2024,14
Lagenophora huegelii,ATl,Casanova_2024,14
Lagenophora montana,Tda,Casanova_2024,14
Lagenophora stipitata var. stipitata,Tdr,Casanova_2024,14
Lagunaria patersonia,Tdr,Casanova_2024,14
Lagurus ovatus,Tdr,Casanova_2024,14
Lamarckia aurea,Tdr,Casanova_2024,14
Lamprothamnium macropogon,Sk,Casanova_2024,14
Lamprothamnium papulosum,Sr,Casanova_2024,14
Lamprothamnium succinctum,Sr,Casanova_2024,14
Landoltia punctata,ARf,Casanova_2024,14
Lantana camara,Tdr,Casanova_2024,14
Lasiopetalum baueri,Tdr,Casanova_2024,14
Lasiopetalum discolor,Tdr,Casanova_2024,14
Lavandula sp.,Tdr,Casanova_2024,14
Lawrencia glomerata,Tda,Casanova_2024,14
Lawrencia spicata,Tda,Casanova_2024,14
Lawrencia squamata,Tda,Casanova_2024,14
Laxmannia orientalis,Tdr,Casanova_2024,14
Laxmannia sessiliflora,Tdr,Casanova_2024,14
Lechenaultia floribunda,Tdr,Casanova_2024,14
Leersia hexandra,ATe,Casanova_2024,14
Leiocarpa panaetioides ,Tda,Casanova_2024,14
Leiocarpa websteri,Tda,Casanova_2024,14
Lemna disperma,ARf,Casanova_2024,14
Lemna minor,ARf,Casanova_2024,14
Lemna trisulca,ARf,Casanova_2024,14
Lemooria burkittii,Tda,Casanova_2024,14
Leontodon saxatilis,Tdr,Casanova_2024,14
Lepidium africanum,Tdr,Casanova_2024,14
Lepidium bonariense,Tdr,Casanova_2024,14
Lepidium fasciculatum,Tda,Casanova_2024,14
Lepidium hyssopifolium,Tda,Casanova_2024,14
Lepidium monoplocoides ,Tda,Casanova_2024,14
Lepidium oxytrichum,Tdr,Casanova_2024,14
Lepidium papillosum,Tda,Casanova_2024,14
Lepidium pseudohyssopifolium,Tdr,Casanova_2024,14
Lepidium pseudotasmanicum ,Tdr,Casanova_2024,14
Lepidium sagittulatum,Tdr,Casanova_2024,14
Lepidium sp.,Tdr,Casanova_2024,14
Lepidobolus drapetocoleus,Tdr,Casanova_2024,14
Lepidosperma canescens,Tda,Casanova_2024,14
Lepidosperma carphoides,Tdr,Casanova_2024,14
Lepidosperma concavum,Tdr,Casanova_2024,14
Lepidosperma curtisiae,ATe,Casanova_2024,14
Lepidosperma elatius,Tda,Casanova_2024,14
Lepidosperma filiforme,Tda,Casanova_2024,14
Lepidosperma gladiatum,Tdr,Casanova_2024,14
Lepidosperma gunnii,Tda,Casanova_2024,14
Lepidosperma laterale,Tdr,Casanova_2024,14
Lepidosperma limicola,ATe,Casanova_2024,14
Lepidosperma longitudinale,ATe,Casanova_2024,14
Lepidosperma neesii,ATe,Casanova_2024,14
Lepidosperma semiteres,Tda,Casanova_2024,14
Lepidosperma sp.,Tdr,Casanova_2024,14
Lepidosperma squamatum,Tdr,Casanova_2024,14
Lepidosperma tenue,Tdr,Casanova_2024,14
Lepidosperma tortuosum,Tda,Casanova_2024,14
Lepidosperma viscidum,Tdr,Casanova_2024,14
Lepilaena australis,Sr,Casanova_2024,14
Lepilaena bilocularis,Sr,Casanova_2024,14
Lepilaena cylindrocarpa,Sr,Casanova_2024,14
Lepilaena patentifolia,Sr,Casanova_2024,14
Lepilaena preissii,Sr,Casanova_2024,14
Lepironia articulata,ATe,Casanova_2024,14
Leptinella longipes ,ATl,Casanova_2024,14
Leptinella reptans,ATl,Casanova_2024,14
Leptocarpus brownii,Tda,Casanova_2024,14
Leptocarpus tenax,ATe,Casanova_2024,14
Leptoceras menziesii,Tdr,Casanova_2024,14
Leptochloa digitata,ATe,Casanova_2024,14
Leptochloa fusca,ATe,Casanova_2024,14
Leptochloa sp.,Tda,Casanova_2024,14
Leptorhynchos squamatus,Tdr,Casanova_2024,14
Leptospermum arachnoides,Tda,Casanova_2024,14
Leptospermum brevipes,Tdr,Casanova_2024,14
Leptospermum continentale,Tdr,Casanova_2024,14
Leptospermum gregarium,ATw,Casanova_2024,14
Leptospermum juniperinum,ATw,Casanova_2024,14
Leptospermum laevigatum,Tdr,Casanova_2024,14
Leptospermum lanigerum,ATw,Casanova_2024,14
Leptospermum liversidgei,ATw,Casanova_2024,14
Leptospermum minutifolium,ATw,Casanova_2024,14
Leptospermum myrsinoides,ATw,Casanova_2024,14
Leptospermum myrtifolium,Tda,Casanova_2024,14
Leptospermum novae-angliae,Tda,Casanova_2024,14
Leptospermum polygalifolium subsp. montanum,Tda,Casanova_2024,14
Leptospermum polygalifolium subsp. transmontanum,Tda,Casanova_2024,14
Leptospermum scoparium,Tda,Casanova_2024,14
Leptospermum trinervium,Tdr,Casanova_2024,14
Lepyrodia anarthria,ATe,Casanova_2024,14
Lepyrodia glauca,ATe,Casanova_2024,14
Lepyrodia leptocaulis,ATe,Casanova_2024,14
Lepyrodia muelleri,Tda,Casanova_2024,14
Lepyrodia muirii,ATe,Casanova_2024,14
Lepyrodia scariosa,ATe,Casanova_2024,14
Leucochrysum albicans var. tricolor,Tda,Casanova_2024,14
Leucopogon affinis,Tdr,Casanova_2024,14
Leucopogon australis,ATw,Casanova_2024,14
Leucopogon concurvus,Tdr,Casanova_2024,14
Leucopogon hirsutus,Tda,Casanova_2024,14
Leucopogon parviflorus,Tdr,Casanova_2024,14
Leucopogon propinquus,Tdr,Casanova_2024,14
Leucopogon racemulosus,Tdr,Casanova_2024,14
Leucopogon rufus,Tdr,Casanova_2024,14
Leucopogon sp.,Tdr,Casanova_2024,14
Leucopogon virgatus,Tdr,Casanova_2024,14
Levenhookia pusilla,ATl,Casanova_2024,14
Lilaeopsis polyantha,ATl,Casanova_2024,14
Limonium binervosum,ATl,Casanova_2024,14
Limonium companyonis,ATl,Casanova_2024,14
Limonium lobatum,ATl,Casanova_2024,14
Limonium sinuatum,Tda,Casanova_2024,14
Limosella australis,ATl,Casanova_2024,14
Limosella curdieana,ATl,Casanova_2024,14
Limosella sp.,ARp,Casanova_2024,14
Lindsaea linearis,Tda,Casanova_2024,14
Linum marginale,Tdr,Casanova_2024,14
Liparophyllum capitatum,ARp,Casanova_2024,14
Lipocarpha microcephala,ATe,Casanova_2024,14
Livistona mariae,Tda,Casanova_2024,14
Lobelia alata,ATe,Casanova_2024,14
Lobelia anceps,Tda,Casanova_2024,14
Lobelia concolor,ATl,Casanova_2024,14
Lobelia darlingensis,ATl,Casanova_2024,14
Lobelia gibbosa,Tdr,Casanova_2024,14
Lobelia irrigua,Tda,Casanova_2024,14
Lobelia pedunculata,Tdr,Casanova_2024,14
Lobelia pratioides,ATl,Casanova_2024,14
Lobelia purpurascens ,Tdr,Casanova_2024,14
Lobelia tenuior,Tdr,Casanova_2024,14
Logania pusilla,Tdr,Casanova_2024,14
Logania recurva,Tdr,Casanova_2024,14
Lolium multiflorum,Tdr,Casanova_2024,14
Lolium perenne,Tdr,Casanova_2024,14
Lolium rigidum,Tdr,Casanova_2024,14
Lolium sp.,Tdr,Casanova_2024,14
Lomandra elongata,Tdr,Casanova_2024,14
Lomandra fibrata,Tdr,Casanova_2024,14
Lomandra filiformis,Tdr,Casanova_2024,14
Lomandra hermaphrodita,Tdr,Casanova_2024,14
Lomandra leucocephala subsp. robusta,Tdr,Casanova_2024,14
Lomandra longifolia,Tdr,Casanova_2024,14
Lomandra micrantha,Tdr,Casanova_2024,14
Lomandra micrantha subsp. micrantha,Tdr,Casanova_2024,14
Lomandra micrantha subsp. tuberculata,Tdr,Casanova_2024,14
Lomandra multiflora,Tda,Casanova_2024,14
Lomandra multiflora subsp. dura,Tdr,Casanova_2024,14
Lomandra multiflora subsp. multiflora,Tdr,Casanova_2024,14
Lomandra preissii,Tdr,Casanova_2024,14
Lomandra sororia,Tda,Casanova_2024,14
Lomandra sp.,Tdr,Casanova_2024,14
Lomatia fraseri,Tdr,Casanova_2024,14
Lomatia silaifolia,Tdr,Casanova_2024,14
Lophostemon confertus,Tdr,Casanova_2024,14
Lotus australis var. australis ,Tdr,Casanova_2024,14
Lotus corniculatus,Tda,Casanova_2024,14
Lotus cruentus,Tdr,Casanova_2024,14
Lotus subbiflorus,Tda,Casanova_2024,14
Lotus uliginosus,Tdr,Casanova_2024,14
Ludwigia octovalvis,Tda,Casanova_2024,14
Ludwigia peploides,ARp,Casanova_2024,14
Ludwigia peploides subsp. montevidensis,ARp,Casanova_2024,14
Ludwigia peruviana,Se,Casanova_2024,14
Lunularia cruciata,ATl,Casanova_2024,14
Lupinus cosentinii,Tda,Casanova_2024,14
Luzula atrata,ATe,Casanova_2024,14
Luzula australasica ,Tda,Casanova_2024,14
Luzula australasica x L. novae-cambriae,Tda,Casanova_2024,14
Luzula densiflora,Tda,Casanova_2024,14
Luzula flaccida,Tdr,Casanova_2024,14
Luzula meridionalis,Tdr,Casanova_2024,14
Luzula modesta,ATe,Casanova_2024,14
Luzula sp.,Tda,Casanova_2024,14
Lycium australe,Tdr,Casanova_2024,14
Lycium ferocissimum,Tdr,Casanova_2024,14
Lycopodiella cernua,Tda,Casanova_2024,14
Lycopodiella lateralis,ATl,Casanova_2024,14
Lycopodiella serpentina,ATl,Casanova_2024,14
Lycopodium deuterodensum,Tdr,Casanova_2024,14
Lycopodium fastigatum,Tdr,Casanova_2024,14
Lycopodium laterale,ATl,Casanova_2024,14
Lycopodium serpentinum,ATl,Casanova_2024,14
Lycopodium sp.,Tdr,Casanova_2024,14
Lycopus australis,ATe,Casanova_2024,14
Lyginia barbata,ATe,Casanova_2024,14
Lygodium microphyllum,Tda,Casanova_2024,14
Lysiana exocarpi ,Tdr,Casanova_2024,14
Lysiana exocarpi subsp. exocarpi,Tdr,Casanova_2024,14
Lysimachia arvensis,ATl,Casanova_2024,14
Lythrum hyssopifolia,Tda,Casanova_2024,14
Lythrum junceum,ARp,Casanova_2024,14
Lythrum salicaria,ATe,Casanova_2024,14
Macaranga tanarius,Tda,Casanova_2024,14
Macgregoria racemigera,Tda,Casanova_2024,14
Macrozamia riedlei,Tdr,Casanova_2024,14
Maireana aphylla,Tda,Casanova_2024,14
Maireana apressa,Tdr,Casanova_2024,14
Maireana astrotricha,Tdr,Casanova_2024,14
Maireana brevifolia,Tdr,Casanova_2024,14
Maireana cheelii ,Tda,Casanova_2024,14
Maireana ciliata,Tdr,Casanova_2024,14
Maireana decalvans,Tdr,Casanova_2024,14
Maireana enchylaenoides,Tdr,Casanova_2024,14
Maireana erioclada,Tdr,Casanova_2024,14
Maireana georgei,Tdr,Casanova_2024,14
Maireana microcarpa,ATe,Casanova_2024,14
Maireana oppositfolia,Tdr,Casanova_2024,14
Maireana pentagona,Tdr,Casanova_2024,14
Maireana pentatropis,Tdr,Casanova_2024,14
Maireana pyramidata,Tdr,Casanova_2024,14
Maireana sclerolaenoides,Tdr,Casanova_2024,14
Maireana sedifolia,Tdr,Casanova_2024,14
Maireana sp.,Tdr,Casanova_2024,14
Maireana sp. 2,Tdr,Casanova_2024,14
Maireana turbinata,Tdr,Casanova_2024,14
Malacocera tricornis,Tdr,Casanova_2024,14
Malephora crocea,Tdr,Casanova_2024,14
Malva nicaeensis,Tdr,Casanova_2024,14
Malva parviflora,Tdr,Casanova_2024,14
Malva preissiana,Tdr,Casanova_2024,14
Malva sp.,Tdr,Casanova_2024,14
Malvastrum americanum,Tda,Casanova_2024,14
Marianthus bignoniaceus,Tdr,Casanova_2024,14
Marrubium vulgare,Tdr,Casanova_2024,14
Marsdenia australis,Tdr,Casanova_2024,14
Marsdenia fraseri,Tdr,Casanova_2024,14
Marsilea angustifolia,ARf,Casanova_2024,14
Marsilea costulifera,ARp,Casanova_2024,14
Marsilea drummondii,ARp,Casanova_2024,14
Marsilea hirsuta,ARp,Casanova_2024,14
Marsilea latzii,ARf,Casanova_2024,14
Marsilea mutica,ARp,Casanova_2024,14
Marsilea sp.,ARp,Casanova_2024,14
Medicago arabica,Tdr,Casanova_2024,14
Medicago laciniata,Tdr,Casanova_2024,14
Medicago lupulina,Tdr,Casanova_2024,14
Medicago minima,Tdr,Casanova_2024,14
Medicago polymorpha,Tdr,Casanova_2024,14
Medicago sativa ,Tdr,Casanova_2024,14
Medicago sp.,Tdr,Casanova_2024,14
Medicago truncatula,Tdr,Casanova_2024,14
Meeboldina scariosa,ATe,Casanova_2024,14
Megathyrsus maximus,Tdr,Casanova_2024,14
Meionectes brownii ,ATl,Casanova_2024,14
Melaleuca armillaris,Tdr,Casanova_2024,14
Melaleuca bracteata,ATw,Casanova_2024,14
Melaleuca brevifolia,Tdr,Casanova_2024,14
Melaleuca decussata,Tdr,Casanova_2024,14
Melaleuca densispicata,ATw,Casanova_2024,14
Melaleuca dissitiflora,Tda,Casanova_2024,14
Melaleuca ericifolia ,ATw,Casanova_2024,14
Melaleuca gibbosa,ATw,Casanova_2024,14
Melaleuca glomerata,ATw,Casanova_2024,14
Melaleuca halmaturorum,ATw,Casanova_2024,14
Melaleuca lanceolata,Tdr,Casanova_2024,14
Melaleuca preissiana,ATw,Casanova_2024,14
Melaleuca quinquenervia,ATw,Casanova_2024,14
Melaleuca rhaphiophylla,ATw,Casanova_2024,14
Melaleuca seriata,ATw,Casanova_2024,14
Melaleuca squarrosa,Tda,Casanova_2024,14
Melaleuca teretifolia,ATw,Casanova_2024,14
Melaleuca tortifolia,Tda,Casanova_2024,14
Melaleuca trichostachya,ATw,Casanova_2024,14
Melaleuca uncinata,ATw,Casanova_2024,14
Melaleuca viminea,ATw,Casanova_2024,14
Melaleuca viridiflora,ATw,Casanova_2024,14
Melastoma affine,ATw,Casanova_2024,14
Melichrus procumbens,Tdr,Casanova_2024,14
Melichrus urceolatus,Tdr,Casanova_2024,14
Melicope elleryana,Tda,Casanova_2024,14
Melilotus albus,Tdr,Casanova_2024,14
Melilotus indicus,Tdr,Casanova_2024,14
Melinis minutiflora,Tdr,Casanova_2024,14
Mentha australis,ATe,Casanova_2024,14
Mentha diemenica ,Tda,Casanova_2024,14
Mentha laxiflora ,Tda,Casanova_2024,14
Mentha piperita,ATe,Casanova_2024,14
Mentha pulegium,ATe,Casanova_2024,14
Mentha rotundifolia,Tda,Casanova_2024,14
Mentha satureioides ,ATe,Casanova_2024,14
Mentha sp.,Tda,Casanova_2024,14
Mentha spicata,Tda,Casanova_2024,14
Mentha x piperita var. x citrata,ATe,Casanova_2024,14
Mentha x piperita var. x piperita,Tda,Casanova_2024,14
Mesembryanthemum crystallinum,Tdr,Casanova_2024,14
Mesembryanthemum nodiflorum,Tdr,Casanova_2024,14
Micrantheum demissum,Tdr,Casanova_2024,14
Microlaena stipoides,Tda,Casanova_2024,14
Microlaena stipoides var. stipoides,Tda,Casanova_2024,14
Microseris lanceolata ,Tdr,Casanova_2024,14
Microsorum scandens,Tda,Casanova_2024,14
Microtis alba,Tda,Casanova_2024,14
Microtis arenaria,Tda,Casanova_2024,14
Microtis atrata,ATe,Casanova_2024,14
Microtis media,ATl,Casanova_2024,14
Microtis parviflora,ATl,Casanova_2024,14
Microtis rara,ATe,Casanova_2024,14
Microtis sp.,Tda,Casanova_2024,14
Microtis unifolia,Tda,Casanova_2024,14
Millotia greevsii subsp.greevsii,ATe,Casanova_2024,14
Millotia major,Tda,Casanova_2024,14
Millotia sp.,Tda,Casanova_2024,14
Millotia tenuifolia var. tenuifolia,Tdr,Casanova_2024,14
Mimosa pigra,ATw,Casanova_2024,14
Mimulus gracilis,Tda,Casanova_2024,14
Mimulus moschatus,Tda,Casanova_2024,14
Mimulus prostratus,ARp,Casanova_2024,14
Mimulus repens,ATl,Casanova_2024,14
Minuria cunninghamii,ATl,Casanova_2024,14
Minuria denticulata,Tdr,Casanova_2024,14
Minuria integerrima,Tdr,Casanova_2024,14
Minuria leptophylla,Tda,Casanova_2024,14
Minuria sp.,Tdr,Casanova_2024,14
Mirbelia rubiifolia,Tdr,Casanova_2024,14
Mirbelia speciosa subsp. speciosa,Tdr,Casanova_2024,14
Mitrasacme paludosa,Tda,Casanova_2024,14
Mitrasacme serpyllifolia ,ATl,Casanova_2024,14
Modiola caroliniana,Tda,Casanova_2024,14
Moenchia erecta,Tdr,Casanova_2024,14
Mollugo cerviana,Tdr,Casanova_2024,14
Monotoca scoparia,Tdr,Casanova_2024,14
Montia australasica,ATe,Casanova_2024,14
Montia fontana subsp. chondrosperma,Tda,Casanova_2024,14
Moraea flaccida,Tda,Casanova_2024,14
Moraea sp.,Tda,Casanova_2024,14
Morus alba,Tdr,Casanova_2024,14
Moss sp.,Tdr,Casanova_2024,14
Moss/Lichen,ATl,Casanova_2024,14
Mosses,Tda,Casanova_2024,14
Muehlenbeckia gunnii ,ATw,Casanova_2024,14
Muehlenbeckia horrida,ATw,Casanova_2024,14
Mukia micrantha,Tda,Casanova_2024,14
Murdannia graminea,Tda,Casanova_2024,14
Myoporum acuminatum,Tdr,Casanova_2024,14
Myoporum caprarioides,ATl,Casanova_2024,14
Myoporum insulare,ATl,Casanova_2024,14
Myoporum montanum,Tdr,Casanova_2024,14
Myoporum parvifolium,Tdr,Casanova_2024,14
Myoporum platycarpum ,Tdr,Casanova_2024,14
Myoporum platycarpum subsp. platycarpum,Tda,Casanova_2024,14
Myoporum viscosum,Tdr,Casanova_2024,14
Myosotis australis,Tdr,Casanova_2024,14
Myosotis discolor,Tda,Casanova_2024,14
Myosotis laxa subsp. caespitosa ,Tda,Casanova_2024,14
Myosurus australis,Tda,Casanova_2024,14
Myriocephalus pluriflorus,Tdr,Casanova_2024,14
Myriocephalus rhizocephalus,Tda,Casanova_2024,14
Myriophyllum amphibium,ARp,Casanova_2024,14
Myriophyllum aquaticum,ARp,Casanova_2024,14
Myriophyllum caput-medusae,ARp,Casanova_2024,14
Myriophyllum crispatum,ARp,Casanova_2024,14
Myriophyllum elatinoides,ARp,Casanova_2024,14
Myriophyllum glomeratum ,ARp,Casanova_2024,14
Myriophyllum implicatum,ARp,Casanova_2024,14
Myriophyllum integrifolium,ARp,Casanova_2024,14
Myriophyllum muelleri,ATl,Casanova_2024,14
Myriophyllum papillosum,ARp,Casanova_2024,14
Myriophyllum pedunculatum,ARp,Casanova_2024,14
Myriophyllum pedunculatum subsp. pedunculatum,ARp,Casanova_2024,14
Myriophyllum porcatum ,ARp,Casanova_2024,14
Myriophyllum propinquum,ARp,Casanova_2024,14
Myriophyllum salsugenium,ARp,Casanova_2024,14
Myriophyllum simulans,ARp,Casanova_2024,14
Myriophyllum simulans/variifolium,ARp,Casanova_2024,14
Myriophyllum sp.,ARp,Casanova_2024,14
Myriophyllum striatum,ARp,Casanova_2024,14
Myriophyllum triphyllum,ARp,Casanova_2024,14
Myriophyllum variifolium,ARp,Casanova_2024,14
Myriophyllum verrucosum,ARp,Casanova_2024,14
Najas leichhardtii,ARp,Casanova_2024,14
Najas marina,Sk,Casanova_2024,14
Najas tenuifolia,Sr,Casanova_2024,14
Neatostema apulum,Tdr,Casanova_2024,14
Neopaxia australasica,ARp,Casanova_2024,14
Neopaxia sp.,ARp,Casanova_2024,14
Nertera granadensis,Tdr,Casanova_2024,14
Neurachne alopecuroides,Tdr,Casanova_2024,14
Nicotiana glauca,Tdr,Casanova_2024,14
Nicotiana goodspeedii ,Tdr,Casanova_2024,14
Nicotiana simulans,Tdr,Casanova_2024,14
Nicotiana velutina,Tdr,Casanova_2024,14
Nicotiania belladona,Tdr,Casanova_2024,14
Nitella ?gloeostachys,Sr,Casanova_2024,14
Nitella aemula,Sr,Casanova_2024,14
Nitella arthroglochin,Sr,Casanova_2024,14
Nitella claypan18,Sr,Casanova_2024,14
Nitella cristata,Sk,Casanova_2024,14
Nitella gelatinifera,Sr,Casanova_2024,14
Nitella gelatinifera var. cryptostachys,Sk,Casanova_2024,14
Nitella hookeri,Sr,Casanova_2024,14
Nitella hyalina,Sr,Casanova_2024,14
Nitella leptostachys,Sk,Casanova_2024,14
Nitella microcephala,Sr,Casanova_2024,14
Nitella monopodiata,Sr,Casanova_2024,14
Nitella mucosa,Sk,Casanova_2024,14
Nitella paludigena ,Sk,Casanova_2024,14
Nitella parooensis,Sk,Casanova_2024,14
Nitella partita ,Sr,Casanova_2024,14
Nitella penicillata,Sr,Casanova_2024,14
Nitella psuedoflabellata,Sr,Casanova_2024,14
Nitella sonderi,Sr,Casanova_2024,14
Nitella sp.,Sr,Casanova_2024,14
Nitella sp. 1,Sr,Casanova_2024,14
Nitella sp. aff. cristata,Sr,Casanova_2024,14
Nitella sp. aff. gelatinifera,Sr,Casanova_2024,14
Nitella sp. aff. leptostachys,Sk,Casanova_2024,14
Nitella sp. aff. sonderi,Sr,Casanova_2024,14
Nitella sp. nov (cerebellum),Sk,Casanova_2024,14
Nitella sp. nov. 16,Sr,Casanova_2024,14
Nitella subtilissima,Sk,Casanova_2024,14
Nitella tasmanica,Sr,Casanova_2024,14
Nitella womersleyi,Sk,Casanova_2024,14
Nitraria billardierei,Tdr,Casanova_2024,14
Nostoc sp.,Tdr,Casanova_2024,14
Notelaea linearis,Tda,Casanova_2024,14
Nothoscordum gracile,Tdr,Casanova_2024,14
Nuphar sp.,ARf,Casanova_2024,14
Nymphaea alba,ARf,Casanova_2024,14
Nymphaea caerulea,ARf,Casanova_2024,14
Nymphaea gigantea,ARf,Casanova_2024,14
Nymphaea immutabilis,ARf,Casanova_2024,14
Nymphaea mexicana,ARf,Casanova_2024,14
Nymphoides aurantiaca,ARf,Casanova_2024,14
Nymphoides crenata,ARf,Casanova_2024,14
Nymphoides geminata,ARf,Casanova_2024,14
Nymphoides indica ,ARf,Casanova_2024,14
Nymphoides montana ,ARf,Casanova_2024,14
Nymphoides sp.,ARf,Casanova_2024,14
Oenothera biennis,Tdr,Casanova_2024,14
Olea europaea subsp. europaea,Tdr,Casanova_2024,14
Olearia algida,Tdr,Casanova_2024,14
Olearia axillaris,Tdr,Casanova_2024,14
Olearia erubescens,Tdr,Casanova_2024,14
Olearia floribunda,Tda,Casanova_2024,14
Olearia glandulosa,Tda,Casanova_2024,14
Olearia grandiflora,ATw,Casanova_2024,14
Olearia lepidophylla,Tdr,Casanova_2024,14
Olearia phlogopappa,Tdr,Casanova_2024,14
Olearia pimeloides ,Tdr,Casanova_2024,14
Olearia ramulosa,Tdr,Casanova_2024,14
Olearia teretifolia,Tdr,Casanova_2024,14
Omphalolappula concava,Tdr,Casanova_2024,14
Onopordum acanthium,Tda,Casanova_2024,14
Onopordum acaulon ,Tda,Casanova_2024,14
Opercularia hispidula,Tdr,Casanova_2024,14
Opercularia turpis,Tdr,Casanova_2024,14
Opercularia varia,Tdr,Casanova_2024,14
Ophioglossum lusitanicum,Tdr,Casanova_2024,14
Ophioglossum polyphyllum,Tda,Casanova_2024,14
Oplismenus imbecillis,Tdr,Casanova_2024,14
Oplismenus undulatifolius,Tdr,Casanova_2024,14
Opuntia dellieni ,Tdr,Casanova_2024,14
Opuntia stricta,Tdr,Casanova_2024,14
Oreobolus distichus ,Tda,Casanova_2024,14
Oreobolus oxycarpus ,ATe,Casanova_2024,14
Oreomyrrhis ciliata ,ATe,Casanova_2024,14
Oreomyrrhis eriopoda ,Tda,Casanova_2024,14
Ornduffia reniformis,ARf,Casanova_2024,14
Ornduffia umbricola,ARf,Casanova_2024,14
Ornithopus compressus,Tda,Casanova_2024,14
Orobanche minor,Tdr,Casanova_2024,14
Orthoceras strictum,Tdr,Casanova_2024,14
Orthrosanthus laxus,Tdr,Casanova_2024,14
Osteocarpum acropterum,Tdr,Casanova_2024,14
Osteocarpum acropterum var. acropterum,Tdr,Casanova_2024,14
Osteocarpum acropterum var. deminutum,Tdr,Casanova_2024,14
Osteocarpum sp.,Tdr,Casanova_2024,14
Ottelia ovalifolia,ARf,Casanova_2024,14
Ottelia ovalifolia subsp. ovalifolia,ARf,Casanova_2024,14
Oxalis corniculata,Tda,Casanova_2024,14
Oxalis perennans,Tdr,Casanova_2024,14
Oxalis pes-caprae,Tdr,Casanova_2024,14
Oxalis purpurea,Tdr,Casanova_2024,14
Oxalis radicosa ,Tdr,Casanova_2024,14
Oxalis sp.,Tdr,Casanova_2024,14
Oxylobium alpestre ,Tdr,Casanova_2024,14
Oxylobium ellipticum,Tda,Casanova_2024,14
Ozothamnus diosmifolius,Tdr,Casanova_2024,14
Ozothamnus hookeri,Tdr,Casanova_2024,14
Ozothamnus rosmarinifolius,Tda,Casanova_2024,14
Ozothamnus sp.,Tdr,Casanova_2024,14
Panicum buncei,Tdr,Casanova_2024,14
Panicum capillare var. brevifolium,Tdr,Casanova_2024,14
Panicum decompositum,Tdr,Casanova_2024,14
Panicum effusum ,Tdr,Casanova_2024,14
Panicum gilvum,Tdr,Casanova_2024,14
Panicum laevinode,Tda,Casanova_2024,14
Panicum paludosum,Tdr,Casanova_2024,14
Panicum simile,Tdr,Casanova_2024,14
Panicum sp.,Tdr,Casanova_2024,14
Paracaleana minor,Tdr,Casanova_2024,14
Parapholis incurva,Tdr,Casanova_2024,14
Parentucellia latifolia,Tda,Casanova_2024,14
Parentucellia viscosa,Tdr,Casanova_2024,14
Parietaria debilis,Tdr,Casanova_2024,14
Paronychia brasiliana ,Tda,Casanova_2024,14
Parsonsia straminea,Tdr,Casanova_2024,14
Paspalidium basicladum,Tdr,Casanova_2024,14
Paspalidium jubiflorum,Tda,Casanova_2024,14
Paspalidium sp.,ATe,Casanova_2024,14
Paspalum dilatatum,Tda,Casanova_2024,14
Paspalum distichum,ATe,Casanova_2024,14
Paspalum vaginatum,ATe,Casanova_2024,14
Patersonia fragilis,Tdr,Casanova_2024,14
Patersonia glabrata,Tda,Casanova_2024,14
Patersonia occidentalis,Tdr,Casanova_2024,14
Patersonia sericea,Tdr,Casanova_2024,14
Pelargonium australe,Tdr,Casanova_2024,14
Pelargonium littorale,Tda,Casanova_2024,14
Pelargonium sp.,Tdr,Casanova_2024,14
Pentameris airoides,Tdr,Casanova_2024,14
Peplidium foecundum,Tdr,Casanova_2024,14
Peplidiumn sp.,Tdr,Casanova_2024,14
Pericalymma ellipticum,ATw,Casanova_2024,14
Persicaria attenuata,ARp,Casanova_2024,14
Persicaria barbata,ATe,Casanova_2024,14
Persicaria decipens,ATe,Casanova_2024,14
Persicaria hydropiper,ATe,Casanova_2024,14
Persicaria lapathifolia,ATe,Casanova_2024,14
Persicaria orientalis,ATe,Casanova_2024,14
Persicaria prostrata,ATl,Casanova_2024,14
Persicaria sp.,ATe,Casanova_2024,14
Persicaria strigosa,ATe,Casanova_2024,14
Persoonia cornifolia,ARp,Casanova_2024,14
Persoonia daphnoides,Tdr,Casanova_2024,14
Persoonia juniperina,Tdr,Casanova_2024,14
Persoonia oleoides,Tdr,Casanova_2024,14
Persoonia procumbens,Tdr,Casanova_2024,14
Persoonia tenuifolia,Tdr,Casanova_2024,14
Persoonia virgata,Tdr,Casanova_2024,14
Petrophile canescens,Tdr,Casanova_2024,14
Petrophile linearis,Tdr,Casanova_2024,14
Petrorhagia dubia,Tdr,Casanova_2024,14
Phalaris aquatica,Tdr,Casanova_2024,14
Phalaris arundinacea,ATe,Casanova_2024,14
Phalaris canariensis,Tdr,Casanova_2024,14
Phalaris minor,Tda,Casanova_2024,14
Phalaris paradoxa,Tda,Casanova_2024,14
Phalaris sp.,Tda,Casanova_2024,14
Philonotus tenuis,ATl,Casanova_2024,14
Philydrum lanuginosum,ATe,Casanova_2024,14
Phlegmatospermum cochlearinum ,Tda,Casanova_2024,14
Phleum pratense,Tdr,Casanova_2024,14
Phragmites australis,ATe,Casanova_2024,14
Phyla canescens,ATl,Casanova_2024,14
Phyla nodiflora,ATl,Casanova_2024,14
Phyllanthus calycinus,Tdr,Casanova_2024,14
Phyllanthus lacunaris,Tda,Casanova_2024,14
Phyllanthus sp.,Tdr,Casanova_2024,14
Phyllanthus virgatus,Tdr,Casanova_2024,14
Phylloglossum drummondii,Tda,Casanova_2024,14
Phyllota phylicoides,Tdr,Casanova_2024,14
Physalis peruviana,Tdr,Casanova_2024,14
Phytolacca octandra,Tdr,Casanova_2024,14
Picris angustifolia,Tda,Casanova_2024,14
Picris angustifolia subsp. merxmuelleri,Tdr,Casanova_2024,14
Picris echioides,Tdr,Casanova_2024,14
Picris sp.,Tdr,Casanova_2024,14
Picris squarrosa ,Tdr,Casanova_2024,14
Pilularia novae-hollandiae,ATl,Casanova_2024,14
Pimelea argentea,Tdr,Casanova_2024,14
Pimelea flava,Tdr,Casanova_2024,14
Pimelea glauca,Tdr,Casanova_2024,14
Pimelea humilis,Tdr,Casanova_2024,14
Pimelea linifolia,Tdr,Casanova_2024,14
Pimelea linifolia subsp. linifolia,Tdr,Casanova_2024,14
Pimelea microcephala subsp. microcephala,Tdr,Casanova_2024,14
Pimelea octophylla,Tdr,Casanova_2024,14
Pimelea penicillaris,Tdr,Casanova_2024,14
Pimelea phylicoides,Tdr,Casanova_2024,14
Pimelea stricta,Tdr,Casanova_2024,14
Pimelea strigosa,Tda,Casanova_2024,14
Pimelea trichostachya,Tdr,Casanova_2024,14
Pimelia microcephala subsp. microcephala,Tdr,Casanova_2024,14
Pinus halepensis,Tdr,Casanova_2024,14
Pinus pinaster,Tdr,Casanova_2024,14
Pinus radiata,Tdr,Casanova_2024,14
Pittosporum angustifolium,Tdr,Casanova_2024,14
Pittosporum phillyreoides,Tdr,Casanova_2024,14
Plagiobothrys plurisepaleus,Tda,Casanova_2024,14
Plantago antarctica ,Tdr,Casanova_2024,14
Plantago coronopus,Tda,Casanova_2024,14
Plantago coronopus subsp. coronopus,Tdr,Casanova_2024,14
Plantago cunninghamii,Tdr,Casanova_2024,14
Plantago debilis,Tdr,Casanova_2024,14
Plantago drummondii,Tda,Casanova_2024,14
Plantago gaudichaudii,Tdr,Casanova_2024,14
Plantago lanceolata ,Tdr,Casanova_2024,14
Plantago lanceolata var. lanceolata,Tdr,Casanova_2024,14
Plantago major,Tdr,Casanova_2024,14
Plantago sp.,Tdr,Casanova_2024,14
Plantago turrifera,Tdr,Casanova_2024,14
Plantago varia,Tdr,Casanova_2024,14
Platylobium obtusangulum,Tdr,Casanova_2024,14
Platysace compressa,Tdr,Casanova_2024,14
Platysace ericoides,Tdr,Casanova_2024,14
Platysace heterophylla var. heterophylla,Tdr,Casanova_2024,14
Platytheca galioides,Tdr,Casanova_2024,14
Poa annua,Tda,Casanova_2024,14
Poa billardierei ,Tda,Casanova_2024,14
Poa clelandii,Tdr,Casanova_2024,14
Poa clivicola ,Tda,Casanova_2024,14
Poa costiniana ,Tda,Casanova_2024,14
Poa crassicaudex,Tdr,Casanova_2024,14
Poa fawcettiae,Tdr,Casanova_2024,14
Poa fax,Tdr,Casanova_2024,14
Poa fordeana,Tda,Casanova_2024,14
Poa helmsii,Tda,Casanova_2024,14
Poa labillardierei,Tda,Casanova_2024,14
Poa labillardierei var. labillardierei,Tda,Casanova_2024,14
Poa poiformis,Tda,Casanova_2024,14
Poa pratensis,Tdr,Casanova_2024,14
Poa sieberiana,Tdr,Casanova_2024,14
Poa sieberiana var. cyanophylla,Tdr,Casanova_2024,14
Poa sp. ,Tdr,Casanova_2024,14
Poa tenera,Tdr,Casanova_2024,14
Poa umbricola,Tdr,Casanova_2024,14
Podolepis capillaris,Tdr,Casanova_2024,14
Podolepis jaceoides,Tda,Casanova_2024,14
Podolepis lessonii,Tdr,Casanova_2024,14
Podotheca angustifolia,Tdr,Casanova_2024,14
Podotheca chrysantha,Tdr,Casanova_2024,14
Pogonolepis muelleriana,Tda,Casanova_2024,14
Polycalymma stuartii,Tdr,Casanova_2024,14
Polycarpaea arida,Tda,Casanova_2024,14
Polycarpon tetraphyllum,Tda,Casanova_2024,14
Polygonum arenastrum,Tda,Casanova_2024,14
Polygonum aviculare ,Tdr,Casanova_2024,14
Polygonum plebeium,Tda,Casanova_2024,14
Polypogon maritimus,ATe,Casanova_2024,14
Polypogon monspeliensis,ATe,Casanova_2024,14
Polypogon viridis,ATe,Casanova_2024,14
Polystichum proliferum,Tdr,Casanova_2024,14
Polytrichum perigoniale,Tda,Casanova_2024,14
Pomaderris flabellaris,Tdr,Casanova_2024,14
Pomax sp.,Tdr,Casanova_2024,14
Populus deltoides,Tdr,Casanova_2024,14
Poranthera ericoides,Tdr,Casanova_2024,14
Poranthera microphylla,Tdr,Casanova_2024,14
Portulaca bicolor,Tdr,Casanova_2024,14
Portulaca filifolia,Tdr,Casanova_2024,14
Portulaca intraterranea,Tdr,Casanova_2024,14
Portulaca oleracea,Tdr,Casanova_2024,14
Potamogeton cheesemanii,ARf,Casanova_2024,14
Potamogeton crispus,ARp,Casanova_2024,14
Potamogeton javanicus,ARf,Casanova_2024,14
Potamogeton ochreatus,Sk,Casanova_2024,14
Potamogeton sp.,Sk,Casanova_2024,14
Potamogeton sulcatus,ARp,Casanova_2024,14
Potamogeton tepperi,Sk,Casanova_2024,14
Potamogeton tricarinatus,ARf,Casanova_2024,14
Potentilla sp.,Tdr,Casanova_2024,14
Prasophyllum alpinum ,Tda,Casanova_2024,14
Prasophyllum australe,Tda,Casanova_2024,14
Prasophyllum frenchii,Tda,Casanova_2024,14
Prasophyllum pallidum,Tdr,Casanova_2024,14
Prasophyllum suttonii ,Tda,Casanova_2024,14
Pratia surrepens ,Tda,Casanova_2024,14
Prostanthera cuneata,Tda,Casanova_2024,14
Prostanthera saxicola,Tdr,Casanova_2024,14
Prostanthera serpyllifolia,Tdr,Casanova_2024,14
Prostanthera spinosa,Tdr,Casanova_2024,14
Prunella vulgaris,Tda,Casanova_2024,14
Pseudoraphis spinescens,ARp,Casanova_2024,14
Psilocaulon granulicaule,Tdr,Casanova_2024,14
Psilocaulon tenue,Tdr,Casanova_2024,14
Psoralea cinerea,ATe,Casanova_2024,14
Pteridium esculentum,Tda,Casanova_2024,14
Pteris tremula,Tdr,Casanova_2024,14
Pterocaulon sphacelatum,Tdr,Casanova_2024,14
Pterostylis cycnocephala,Tdr,Casanova_2024,14
Pterostylis falcata,ATl,Casanova_2024,14
Pterostylis furcata,ATl,Casanova_2024,14
Pterostylis nana,Tda,Casanova_2024,14
Pterostylis nutans,Tda,Casanova_2024,14
Pterostylis parviflora,Tdr,Casanova_2024,14
Pterostylis pedunculata,Tdr,Casanova_2024,14
Pterostylis scabrida ,Tda,Casanova_2024,14
Pterostylis sp. ,Tda,Casanova_2024,14
Pterostylis uliginosa,Tdr,Casanova_2024,14
Pterostylis x ingens,Tdr,Casanova_2024,14
Ptilothrix deusta ,Tda,Casanova_2024,14
Ptilotus gaudichaudii var.parviflorus,Tdr,Casanova_2024,14
Ptilotus leucocoma,Tdr,Casanova_2024,14
Ptilotus nobilis,Tdr,Casanova_2024,14
Ptilotus nobilis subsp. nobilis,Tdr,Casanova_2024,14
Ptilotus obovatus,Tdr,Casanova_2024,14
Ptilotus polystachyus,Tdr,Casanova_2024,14
Ptilotus sessilifolius,Tdr,Casanova_2024,14
Ptilotus spathulatus,Tdr,Casanova_2024,14
Ptilotus stirlingii,Tdr,Casanova_2024,14
Puccinellia distans,Tda,Casanova_2024,14
Puccinellia fasciculata,Tda,Casanova_2024,14
Puccinellia perlaxa,Tda,Casanova_2024,14
Pultenaea acerosa,Tdr,Casanova_2024,14
Pultenaea altissima,ATw,Casanova_2024,14
Pultenaea canaliculata,Tdr,Casanova_2024,14
Pultenaea daphnoides,Tdr,Casanova_2024,14
Pultenaea dentata,Tda,Casanova_2024,14
Pultenaea fasciculata,Tda,Casanova_2024,14
Pultenaea involucrata,Tdr,Casanova_2024,14
Pultenaea largiflorens,Tdr,Casanova_2024,14
Pultenaea laxiflora,Tda,Casanova_2024,14
Pultenaea myrtoides,Tda,Casanova_2024,14
Pultenaea pedunculata,Tdr,Casanova_2024,14
Pultenaea pycnocephala,Tdr,Casanova_2024,14
Pultenaea reticulata,ATw,Casanova_2024,14
Pultenaea retusa,Tda,Casanova_2024,14
Pultenaea scabra,Tdr,Casanova_2024,14
Pultenaea trinervis,Tda,Casanova_2024,14
Pultenaea villifera,Tda,Casanova_2024,14
Pultenaea villosa,Tdr,Casanova_2024,14
Pultenaea viscidula,Tdr,Casanova_2024,14
Pycnosorus chrysantha,Tda,Casanova_2024,14
Pycnosorus globosus,Tda,Casanova_2024,14
Pycnosorus pleiocephalus,Tdr,Casanova_2024,14
Pycnosorus thompsonianus,Tda,Casanova_2024,14
Ranunculus amphitrichus,ARf,Casanova_2024,14
Ranunculus collinus,Tda,Casanova_2024,14
Ranunculus diminutis,ATl,Casanova_2024,14
Ranunculus flammula,ARp,Casanova_2024,14
Ranunculus graniticola ,Tda,Casanova_2024,14
Ranunculus inundatus ,ATl,Casanova_2024,14
Ranunculus lappaceus,Tda,Casanova_2024,14
Ranunculus meristus,ATe,Casanova_2024,14
Ranunculus millanii ,ATl,Casanova_2024,14
Ranunculus muricatus,Tda,Casanova_2024,14
Ranunculus pachycarpus,Tdr,Casanova_2024,14
Ranunculus papulentus,ARf,Casanova_2024,14
Ranunculus pentandrus,ARf,Casanova_2024,14
Ranunculus pentandrus var. pentandrus,ARf,Casanova_2024,14
Ranunculus pentandrus var. platycarpus,Tda,Casanova_2024,14
Ranunculus pimpinellifolius ,Tda,Casanova_2024,14
Ranunculus pumilio ,Tda,Casanova_2024,14
Ranunculus pumilio var. politus,Tda,Casanova_2024,14
Ranunculus pumilio var. pumilio,Tda,Casanova_2024,14
Ranunculus repens,ATe,Casanova_2024,14
Ranunculus robertsonii ,Tda,Casanova_2024,14
Ranunculus sceleratus,ATe,Casanova_2024,14
Ranunculus sceleratus subsp. sceleratus,ATe,Casanova_2024,14
Ranunculus sessiliflorus,Tda,Casanova_2024,14
Ranunculus sessiliflorus var. pilulifer,Tda,Casanova_2024,14
Ranunculus sp.,Tdr,Casanova_2024,14
Ranunculus trilobus,Tda,Casanova_2024,14
Ranunculus undosus,ATe,Casanova_2024,14
Raphanus raphanistrum,Tda,Casanova_2024,14
Regelia inops,ATw,Casanova_2024,14
Reichardia tingitana,Tdr,Casanova_2024,14
Reseda luteola,Tdr,Casanova_2024,14
Rhadinothamnus anceps,ATw,Casanova_2024,14
Rhagodia baccata,Tdr,Casanova_2024,14
Rhagodia candolleana,Tdr,Casanova_2024,14
Rhagodia candolleana subsp. candolleana,Tdr,Casanova_2024,14
Rhagodia parabolica ,Tdr,Casanova_2024,14
Rhagodia spinescens,Tdr,Casanova_2024,14
Rhagodia ulicina,Tdr,Casanova_2024,14
Rhamnus alaternus,Tdr,Casanova_2024,14
Rhodanthe anthemoides,Tdr,Casanova_2024,14
Rhodanthe corymbiflora,Tdr,Casanova_2024,14
Rhodanthe floribunda,Tdr,Casanova_2024,14
Rhodanthe moschata,Tdr,Casanova_2024,14
Rhodanthe polygalifolia,Tdr,Casanova_2024,14
Rhodanthe pygmaeum,Tdr,Casanova_2024,14
Rhodanthe stricta,Tda,Casanova_2024,14
Rhodanthe stuartiana,Tdr,Casanova_2024,14
Rhodanthe tietkensii,Tdr,Casanova_2024,14
Rhynchospora brownii,ATe,Casanova_2024,14
Rhytidosporum diosmoides,Tdr,Casanova_2024,14
Rhytidosporum procumbens,Tdr,Casanova_2024,14
Riccardia ?wattsiana,Sk,Casanova_2024,14
Riccia duplex,Sr,Casanova_2024,14
Riccia fluitans,ARf,Casanova_2024,14
Ricciocarpos natans,ARf,Casanova_2024,14
Richea continentis ,ATe,Casanova_2024,14
Ricinus communis,Tdr,Casanova_2024,14
Romulea rosea,Tdr,Casanova_2024,14
Romulea rosea var. australis,Tdr,Casanova_2024,14
Rorippa eustylis,Tda,Casanova_2024,14
Rorippa laciniata,Tda,Casanova_2024,14
Rorippa nasturtium-aquaticum,ATe,Casanova_2024,14
Rorippa palustris,Tda,Casanova_2024,14
Rorippa sp.,Tda,Casanova_2024,14
Rosa canina,Tdr,Casanova_2024,14
Rosa rubiginosa,Tdr,Casanova_2024,14
Rostraria cristata,Tdr,Casanova_2024,14
Rostraria pumila,Tda,Casanova_2024,14
Rotala sp.,Tda,Casanova_2024,14
Rubus anglocandicans,Tda,Casanova_2024,14
Rubus laudatus,Tdr,Casanova_2024,14
Rubus parvifolius,Tdr,Casanova_2024,14
Rubus sp.,ATw,Casanova_2024,14
Rubus ulmifolius var. anoplothyrsus,ATe,Casanova_2024,14
Rubus ulmifolius var. ulmifolius,ATe,Casanova_2024,14
Rumex bidens,ARp,Casanova_2024,14
Rumex brownii,Tda,Casanova_2024,14
Rumex conglomeratus,Tda,Casanova_2024,14
Rumex crispus,ARp,Casanova_2024,14
Rumex crystallinus,Tda,Casanova_2024,14
Rumex dumosus ,ATe,Casanova_2024,14
Rumex hymenosepalus,ATe,Casanova_2024,14
Rumex obtusifolius,ATe,Casanova_2024,14
Rumex pulcher subsp. pulcher,Tda,Casanova_2024,14
Rumex sp.,Tda,Casanova_2024,14
Rumex tenax,Tda,Casanova_2024,14
Rumex X pratensis,ATe,Casanova_2024,14
Ruppia maritima,Sk,Casanova_2024,14
Ruppia megacarpa,Sk,Casanova_2024,14
Ruppia polycarpa,Sr,Casanova_2024,14
Ruppia sp.,Sk,Casanova_2024,14
Ruppia tuberosa,Sr,Casanova_2024,14
Rutidosis helichrysoides,Tdr,Casanova_2024,14
Rytidosperma alpicola,Tdr,Casanova_2024,14
Rytidosperma caespitosum,Tdr,Casanova_2024,14
Rytidosperma duttonianum,Tda,Casanova_2024,14
Rytidosperma erianthum,Tdr,Casanova_2024,14
Rytidosperma geniculatum,Tdr,Casanova_2024,14
Rytidosperma indutum,Tdr,Casanova_2024,14
Rytidosperma laeve,Tdr,Casanova_2024,14
Rytidosperma monticola,Tdr,Casanova_2024,14
Rytidosperma nudiflorum,Tdr,Casanova_2024,14
Rytidosperma pallidum,Tdr,Casanova_2024,14
Rytidosperma pilosum ,Tdr,Casanova_2024,14
Rytidosperma racemosum var. obtusatum,Tdr,Casanova_2024,14
Rytidosperma racemosum var. racemosum,Tdr,Casanova_2024,14
Rytidosperma semiannulare,Tdr,Casanova_2024,14
Rytidosperma setaceum ,Tdr,Casanova_2024,14
Rytidosperma sp.,Tdr,Casanova_2024,14
Rytidosperma tenuius ,Tdr,Casanova_2024,14
Sacciolepis indica,ATe,Casanova_2024,14
Sagina apetala,Tda,Casanova_2024,14
Sagina maritima,Tda,Casanova_2024,14
Sagina procumbens,Tda,Casanova_2024,14
Sagittaria platyphylla,ARp,Casanova_2024,14
Salix babylonica,ATw,Casanova_2024,14
Salix discolor,ATw,Casanova_2024,14
Salix fragilis,ATw,Casanova_2024,14
"Salix matsudana ""Tortuosa""",ATw,Casanova_2024,14
Salix nigra,ATw,Casanova_2024,14
Salix sp.,ATw,Casanova_2024,14
Salix X rubens,ATw,Casanova_2024,14
Salsola australis,Tdr,Casanova_2024,14
Salsola tragus,Tdr,Casanova_2024,14
Salsola tragus subsp. tragus ,Tdr,Casanova_2024,14
Salvia verbenaca,Tdr,Casanova_2024,14
Salvinia molesta,ARf,Casanova_2024,14
Samolus repens,Tda,Casanova_2024,14
Santalum lanceolatum,Tdr,Casanova_2024,14
Santalum sp.,Tdr,Casanova_2024,14
Sarcocornia blackiana,ATe,Casanova_2024,14
Sarcocornia quinqueflora,ATe,Casanova_2024,14
Sauropus trachyspermus,Tda,Casanova_2024,14
Scabiosa atropurpurea,Tdr,Casanova_2024,14
Scaevola aemula,Tdr,Casanova_2024,14
Scaevola albida,Tdr,Casanova_2024,14
Scaevola crassifolia,Tdr,Casanova_2024,14
Scaevola hookeri,Tdr,Casanova_2024,14
Scaevola parvibarbata,Tdr,Casanova_2024,14
Scaevola ramosissima,Tdr,Casanova_2024,14
Scaevola sp.,Tdr,Casanova_2024,14
Scaevola spinescens,Tdr,Casanova_2024,14
Schenkia australis,Tdr,Casanova_2024,14
Schinus areira,Tdr,Casanova_2024,14
Schismus barbatus,Tdr,Casanova_2024,14
Schizaea bifida,ATe,Casanova_2024,14
Schizaea fistulosa,ATe,Casanova_2024,14
Schoenoplectus dissachanthus,ATe,Casanova_2024,14
Schoenoplectus litoralis,Se,Casanova_2024,14
Schoenoplectus mucronatus,Se,Casanova_2024,14
Schoenoplectus pungens,ATe,Casanova_2024,14
Schoenoplectus validus,Se,Casanova_2024,14
Schoenus apogon,ATe,Casanova_2024,14
Schoenus breviculmis,ATe,Casanova_2024,14
Schoenus brevifolius,ATe,Casanova_2024,14
Schoenus carsei,ATe,Casanova_2024,14
Schoenus discifer,ATl,Casanova_2024,14
Schoenus fluitans,ARf,Casanova_2024,14
Schoenus laevigatus,ATe,Casanova_2024,14
Schoenus latelaminatus,ATe,Casanova_2024,14
Schoenus lepidosperma subsp. lepidosperma,Tda,Casanova_2024,14
Schoenus maschalinus,ATe,Casanova_2024,14
Schoenus melanostachys,Tda,Casanova_2024,14
Schoenus nitens,ATe,Casanova_2024,14
Schoenus paludosus,Tda,Casanova_2024,14
Schoenus sp.,ATe,Casanova_2024,14
Schoenus subfascicularis,ATe,Casanova_2024,14
Schoenus tenuissimus,Tda,Casanova_2024,14
Schoenus tesquorum,ATe,Casanova_2024,14
Schoenus turbinatus,Tda,Casanova_2024,14
Scholtzia involucrata,Tdr,Casanova_2024,14
Scirpus polystachyus,ATe,Casanova_2024,14
Scleranthus biflorus,Tdr,Casanova_2024,14
Scleranthus fasciculatus,Tdr,Casanova_2024,14
Scleranthus minusculus,Tda,Casanova_2024,14
Scleranthus sp.,Tda,Casanova_2024,14
Scleria sp.,Tdr,Casanova_2024,14
Scleroblitum atriplicinum,Tdr,Casanova_2024,14
Sclerochlamys brachyptera,Tda,Casanova_2024,14
Sclerolaena bicornis,Tdr,Casanova_2024,14
Sclerolaena bicornis var. bicornis,Tdr,Casanova_2024,14
Sclerolaena bicornis var. horrida,Tdr,Casanova_2024,14
Sclerolaena birchii,Tdr,Casanova_2024,14
Sclerolaena blackiana,Tdr,Casanova_2024,14
Sclerolaena brachyptera,Tdr,Casanova_2024,14
Sclerolaena calcarata,Tdr,Casanova_2024,14
Sclerolaena convexula,Tdr,Casanova_2024,14
Sclerolaena cuneata,Tdr,Casanova_2024,14
Sclerolaena decurrens,Tdr,Casanova_2024,14
Sclerolaena diacantha ,Tdr,Casanova_2024,14
Sclerolaena divaricata,Tdr,Casanova_2024,14
Sclerolaena limbata,Tdr,Casanova_2024,14
Sclerolaena muricata,Tdr,Casanova_2024,14
Sclerolaena muricata var. muricata,Tdr,Casanova_2024,14
Sclerolaena muricata var. semiglabra,Tdr,Casanova_2024,14
Sclerolaena muricata var. villosa,Tdr,Casanova_2024,14
Sclerolaena obliquicuspis,Tdr,Casanova_2024,14
Sclerolaena patenticuspis,Tdr,Casanova_2024,14
Sclerolaena sp.,Tdr,Casanova_2024,14
Sclerolaena stelligera,Tdr,Casanova_2024,14
Sclerolaena tricuspis,Tdr,Casanova_2024,14
Scorzonera laciniata,Tdr,Casanova_2024,14
Sebaea albidiflora,Tda,Casanova_2024,14
Sebaea ovata,Tda,Casanova_2024,14
Selaginella uliginosa,Tda,Casanova_2024,14
Selliera radicans,ATl,Casanova_2024,14
Senecio australis,Tda,Casanova_2024,14
Senecio bathurstianus,Tdr,Casanova_2024,14
Senecio behrianus,ATe,Casanova_2024,14
Senecio biserratus,Tdr,Casanova_2024,14
Senecio campylocarpus,Tda,Casanova_2024,14
Senecio cunninghamii,Tda,Casanova_2024,14
Senecio cunninghamii var. cunninghamii,Tda,Casanova_2024,14
Senecio diaschides,Tda,Casanova_2024,14
Senecio glomeratus,Tda,Casanova_2024,14
Senecio glomeratus subsp. glomeratus,Tda,Casanova_2024,14
Senecio glossanthus,Tdr,Casanova_2024,14
Senecio hispidulus,Tdr,Casanova_2024,14
Senecio minimus,Tda,Casanova_2024,14
Senecio odoratus,Tda,Casanova_2024,14
Senecio pectinatus var. major ,Tdr,Casanova_2024,14
Senecio picridioides,Tda,Casanova_2024,14
Senecio pinnatifolius,Tdr,Casanova_2024,14
Senecio pinnatifolius var. pinnatifolius,Tdr,Casanova_2024,14
Senecio prenanthoides,Tdr,Casanova_2024,14
Senecio psilocarpus,ATe,Casanova_2024,14
Senecio pterophorus,Tdr,Casanova_2024,14
Senecio quadridentatus,Tdr,Casanova_2024,14
Senecio runcinifolius,Tda,Casanova_2024,14
Senecio sp.,Tda,Casanova_2024,14
Senecio tenuiflorus,Tdr,Casanova_2024,14
Senna artemisioides subsp. filifolia,Tdr,Casanova_2024,14
Senna artemisioides subsp. sturtii,Tdr,Casanova_2024,14
Senna artemisioides subsp. zygophylla,Tdr,Casanova_2024,14
Sesbania cannabina var. cannabina,Tda,Casanova_2024,14
Setaria parviflora,Tdr,Casanova_2024,14
Setaria pumila,Tdr,Casanova_2024,14
Sherardia arvensis,Tda,Casanova_2024,14
Sida ammophila,Tdr,Casanova_2024,14
Sida corrugata,Tdr,Casanova_2024,14
Sida fibulifera,Tda,Casanova_2024,14
Sida intricata,Tdr,Casanova_2024,14
Sida platycalyx,Tdr,Casanova_2024,14
Sida sp.,Tdr,Casanova_2024,14
Sida trichopoda,Tda,Casanova_2024,14
Sigesbeckia orientalis subsp. orientalis ,Tda,Casanova_2024,14
Silene apetala,Tdr,Casanova_2024,14
Silene gallica var. gallica,Tdr,Casanova_2024,14
Silene nocturna,Tdr,Casanova_2024,14
Silene sp.,Tdr,Casanova_2024,14
Siloxerus filifolius,ATl,Casanova_2024,14
Siloxerus humifusus,ATl,Casanova_2024,14
Siloxerus multiflorus,ATl,Casanova_2024,14
Silybum marianum,Tdr,Casanova_2024,14
Sinapis alba,Tdr,Casanova_2024,14
Sirmuellera grandis,Tdr,Casanova_2024,14
Sisymbrium erysimoides,Tdr,Casanova_2024,14
Sisymbrium irio ,Tdr,Casanova_2024,14
Sisymbrium officinale,Tdr,Casanova_2024,14
Sisyrinchium iridifolium,Tdr,Casanova_2024,14
Sisyrinchium sp. A ,Tdr,Casanova_2024,14
Smilax australis,Tdr,Casanova_2024,14
Solanum aviculare,Tdr,Casanova_2024,14
Solanum esuriale,Tda,Casanova_2024,14
Solanum karsense ,Tda,Casanova_2024,14
Solanum laciniatum,Tda,Casanova_2024,14
Solanum lacunarium,Tda,Casanova_2024,14
Solanum nigrum,Tdr,Casanova_2024,14
Solanum oligacanthum,Tda,Casanova_2024,14
Solanum opacum,Tda,Casanova_2024,14
Solanum simile,Tdr,Casanova_2024,14
Solanum sp.,Tdr,Casanova_2024,14
Solanum symonii,Tda,Casanova_2024,14
Solenogyne dominii,Tdr,Casanova_2024,14
Soliva anthemifolia,Tdr,Casanova_2024,14
Soliva sessilis,Tda,Casanova_2024,14
Sonchus asper,Tdr,Casanova_2024,14
Sonchus hydrophilus,Tda,Casanova_2024,14
Sonchus oleraceus,Tdr,Casanova_2024,14
Sonchus sp.,Tda,Casanova_2024,14
Sorghum halepense,ATe,Casanova_2024,14
Sorghum leiocladum,Tdr,Casanova_2024,14
Sorghum sp.,Tdr,Casanova_2024,14
Sparaxis bulbifera,Tda,Casanova_2024,14
Spergularia brevifolia,Tda,Casanova_2024,14
Spergularia diandra,Tda,Casanova_2024,14
Spergularia marina,Tda,Casanova_2024,14
Spergularia media,Tda,Casanova_2024,14
Spergularia moorei,Tda,Casanova_2024,14
Spergularia rubra,Tdr,Casanova_2024,14
Spergularia sp.,Tda,Casanova_2024,14
Sphaeranthus indicus,Tda,Casanova_2024,14
Sphaerolobium minus,Tda,Casanova_2024,14
Sphaerolobium vimineum,Tda,Casanova_2024,14
Sphagneticola trilobata,Tda,Casanova_2024,14
Sphagnum cristatum,Se,Casanova_2024,14
Sphagnum novozelandicum,Se,Casanova_2024,14
Sphagnum sp.,Se,Casanova_2024,14
Spinifex sericeus,Tdr,Casanova_2024,14
Spiranthes sinensis,Se,Casanova_2024,14
Spirodela polyrhiza,ARf,Casanova_2024,14
Spirodela sp.,ARf,Casanova_2024,14
Sporobolus caroli,Tdr,Casanova_2024,14
Sporobolus creber,Tdr,Casanova_2024,14
Sporobolus elongatus,Tdr,Casanova_2024,14
Sporobolus mitchelli,Tda,Casanova_2024,14
Sporobolus sp.,Tdr,Casanova_2024,14
Sporobolus virginicus,ATe,Casanova_2024,14
Sprengelia incarnata,ATw,Casanova_2024,14
Sprengelia sprengelioides,ATw,Casanova_2024,14
Spyridium coactilifolium,Tdr,Casanova_2024,14
Spyridium globulosum,Tdr,Casanova_2024,14
Spyridium leucopogon,Tdr,Casanova_2024,14
Spyridium spathulatum,Tdr,Casanova_2024,14
Spyridium thymifolium,Tdr,Casanova_2024,14
Stackhousia annua,Tdr,Casanova_2024,14
Stackhousia aspericocca,Tdr,Casanova_2024,14
"Stackhousia aspericocca subsp. ""Cylindrical inflorescence""(W.R.Barker 1418)",Tdr,Casanova_2024,14
"Stackhousia aspericocca subsp. ""One-sided inflorescence""(W.R.Barker 697)",Tdr,Casanova_2024,14
Stackhousia monogyna,Tdr,Casanova_2024,14
Stellaria angustifolia,ATe,Casanova_2024,14
Stellaria caespitosa,ATl,Casanova_2024,14
Stellaria filiformis ,Tdr,Casanova_2024,14
Stellaria flaccida,Tda,Casanova_2024,14
Stellaria media,Tdr,Casanova_2024,14
Stellaria pungens,Tdr,Casanova_2024,14
Stellaria sp.,Tdr,Casanova_2024,14
Stemodia florulenta,Tda,Casanova_2024,14
Stemodia glabella,ATl,Casanova_2024,14
Stemodia sp.,ATl,Casanova_2024,14
Stenopetalum lineare,Tda,Casanova_2024,14
Stenopetalum nutans,Tdr,Casanova_2024,14
Stenopetalum sphaerocarpum,Tdr,Casanova_2024,14
Stephania japonica,Tdr,Casanova_2024,14
Streptoglossa sp.,Tda,Casanova_2024,14
Stuartina muelleri ,Tdr,Casanova_2024,14
Stuckenia pectinata,Sk,Casanova_2024,14
Stylidium brunonianum,Tda,Casanova_2024,14
Stylidium calcaratum,Tda,Casanova_2024,14
Stylidium graminifolium,Tdr,Casanova_2024,14
Stylidium inundatum,ATl,Casanova_2024,14
Stylidium piliferum,Tdr,Casanova_2024,14
Stylidium repens,Tdr,Casanova_2024,14
Stylidium striatum,Tdr,Casanova_2024,14
Styphelia exarrhena,Tdr,Casanova_2024,14
Suaeda australis,ATe,Casanova_2024,14
Suaeda baccifera ,Tda,Casanova_2024,14
Swainsona greyana,Tda,Casanova_2024,14
Swainsona microphylla,Tdr,Casanova_2024,14
Swainsona murrayana,Tda,Casanova_2024,14
Swainsona oroboides,Tda,Casanova_2024,14
Swainsona phacoides,Tda,Casanova_2024,14
Swainsona procumbens,Tda,Casanova_2024,14
Swainsona swainsonoides,Tda,Casanova_2024,14
Sylvipoa queenslandica,Tdr,Casanova_2024,14
Tagetes minuta,Tdr,Casanova_2024,14
Tamarix aphylla,Tdr,Casanova_2024,14
Taraxacum officinale,Tdr,Casanova_2024,14
Taraxacum sp.,Tdr,Casanova_2024,14
Taraxacum spicum,Tdr,Casanova_2024,14
Taxandria linearifolia,ATw,Casanova_2024,14
Tecticornia arbuscula,ATe,Casanova_2024,14
Tecticornia halocnemoides,ATe,Casanova_2024,14
Tecticornia indica subsp. bidens,Tda,Casanova_2024,14
Tecticornia indica subsp. leiostachya,Tda,Casanova_2024,14
Tecticornia pergranulata,ATe,Casanova_2024,14
Tecticornia pergranulata subsp. divaricata,Tda,Casanova_2024,14
Tecticornia pergranulata subsp. pergranulata,ATe,Casanova_2024,14
Tecticornia pruinosa,ATe,Casanova_2024,14
Tecticornia sp.,ATe,Casanova_2024,14
Tecticornia tenuis,Tda,Casanova_2024,14
Tecticornia triandra,Tdr,Casanova_2024,14
Tecticornia verrucosa,ATe,Casanova_2024,14
Tetragonia eremaea ,Tdr,Casanova_2024,14
Tetragonia implexicoma,Tdr,Casanova_2024,14
Tetragonia tetragonioides,Tdr,Casanova_2024,14
Tetraria capillaris,Tda,Casanova_2024,14
Tetrarrhena juncea,Tda,Casanova_2024,14
Tetrarrhena turfosa,ATe,Casanova_2024,14
Tetratheca pilosa subsp. pilosa,Tda,Casanova_2024,14
Teucrium racemosum,Tdr,Casanova_2024,14
Thelionema caespitosum,Tdr,Casanova_2024,14
Thelionema grande,Tda,Casanova_2024,14
Thelymitra antennifera,Tda,Casanova_2024,14
Thelymitra canaliculata,ATe,Casanova_2024,14
Thelymitra cyanea,ATe,Casanova_2024,14
Thelymitra holmesii,ATe,Casanova_2024,14
Thelymitra ixioides,Tdr,Casanova_2024,14
Thelymitra ixioides var. ixioides,Tdr,Casanova_2024,14
Thelymitra juncifolia,Tda,Casanova_2024,14
Thelymitra mucida,ATe,Casanova_2024,14
Thelymitra nuda,Tdr,Casanova_2024,14
Thelymitra pauciflora,Tdr,Casanova_2024,14
Thelymitra sp.,Tda,Casanova_2024,14
Thelymitra venosa,ATe,Casanova_2024,14
Themeda sp.,Tdr,Casanova_2024,14
Themeda triandra,Tdr,Casanova_2024,14
Thinopyrum elongatum,Tdr,Casanova_2024,14
Threlkeldia diffusa,Tda,Casanova_2024,14
Thyridolepis mitchelliana,Tdr,Casanova_2024,14
Thysanotus baueri,Tdr,Casanova_2024,14
Thysanotus juncifolius,Tda,Casanova_2024,14
Thysanotus manglesianus,Tdr,Casanova_2024,14
Thysanotus multiflorus,Tdr,Casanova_2024,14
Thysanotus patersonii,Tdr,Casanova_2024,14
Thysanotus tuberosus,Tdr,Casanova_2024,14
Todea barbara,Tda,Casanova_2024,14
Tolypella intricata,Sr,Casanova_2024,14
Tortella calycina,Tda,Casanova_2024,14
Trachymene cyanopetala,Tda,Casanova_2024,14
Trachymene humilis subsp. humilis,Tdr,Casanova_2024,14
Trachymene incisa subsp. incisa,Tdr,Casanova_2024,14
Trachymene pilosa,Tdr,Casanova_2024,14
Tragus australianus ,Tdr,Casanova_2024,14
Trema tomentosa var. aspera,Tdr,Casanova_2024,14
Trianthema portulacastrum,Tda,Casanova_2024,14
Trianthema triquetra,Tdr,Casanova_2024,14
Tribulus terrestris,Tdr,Casanova_2024,14
Trichanthodium skirrophorum,Tdr,Casanova_2024,14
Tricoryne elatior,Tdr,Casanova_2024,14
Tricoryne tenella,Tda,Casanova_2024,14
Tricostularia pauciflora,ATe,Casanova_2024,14
Trifolium angustifolium,Tdr,Casanova_2024,14
Trifolium arvense,Tdr,Casanova_2024,14
Trifolium campestre,Tdr,Casanova_2024,14
Trifolium cernuum,Tdr,Casanova_2024,14
Trifolium dubium ,Tdr,Casanova_2024,14
Trifolium fragiferum var. fragiferum,Tdr,Casanova_2024,14
Trifolium glomeratum,Tdr,Casanova_2024,14
Trifolium ornithopodioides,Tda,Casanova_2024,14
Trifolium repens,Tdr,Casanova_2024,14
Trifolium repens var. repens,Tdr,Casanova_2024,14
Trifolium resupinatum,Tdr,Casanova_2024,14
Trifolium sp.,Tda,Casanova_2024,14
Trifolium subterraneum,Tdr,Casanova_2024,14
Trifolium suffocatum,Tdr,Casanova_2024,14
Trifolium tomentosum,Tdr,Casanova_2024,14
Triglochin alcockiae,ATe,Casanova_2024,14
Triglochin calcitrapa ,ATe,Casanova_2024,14
Triglochin centrocarpa,ATl,Casanova_2024,14
Triglochin dubia,ATl,Casanova_2024,14
Triglochin hexagona,ATl,Casanova_2024,14
Triglochin muelleri,ATl,Casanova_2024,14
Triglochin multifructa,ATl,Casanova_2024,14
Triglochin procera,Se,Casanova_2024,14
Triglochin sp. ,ATl,Casanova_2024,14
Triglochin striatum,ATe,Casanova_2024,14
Trigonella suavissima,Tda,Casanova_2024,14
Triodia scariosa ,Tdr,Casanova_2024,14
Triodia sp.,Tdr,Casanova_2024,14
Triplarina imbricata,Tda,Casanova_2024,14
Triptilodiscus pygmaeus,Tda,Casanova_2024,14
Triraphis mollis ,Tda,Casanova_2024,14
Trisetum sp.,Tdr,Casanova_2024,14
Trithuria submersa ,ATl,Casanova_2024,14
Trochocarpa laurina,Tdr,Casanova_2024,14
Typha domingensis ,Se,Casanova_2024,14
Typha latifolia,Se,Casanova_2024,14
Typha orientalis,Se,Casanova_2024,14
Typha sp.,Se,Casanova_2024,14
Ulex europaeus,Tdr,Casanova_2024,14
Uncinia flaccida,Tda,Casanova_2024,14
Urochloa mutica,ATe,Casanova_2024,14
Urospermum picroides,Tdr,Casanova_2024,14
Ursinia anthemoides,Tdr,Casanova_2024,14
Urtica incisa,Tda,Casanova_2024,14
Urtica sp. ,Tda,Casanova_2024,14
Urtica urens,Tdr,Casanova_2024,14
Utricularia australis,ARp,Casanova_2024,14
Utricularia beaugleholei,ATe,Casanova_2024,14
Utricularia caerulea,ATe,Casanova_2024,14
Utricularia dichotoma,ATe,Casanova_2024,14
Utricularia dichotoma var. uniflora ,ATe,Casanova_2024,14
Utricularia lateriflora,ATe,Casanova_2024,14
Utricularia sp. ,ATe,Casanova_2024,14
Utricularia sp. 2,ATe,Casanova_2024,14
Vallisneria annua,Sr,Casanova_2024,14
Vallisneria australis,Sk,Casanova_2024,14
Vallisneria nana,Sk,Casanova_2024,14
Velleia montana ,Tdr,Casanova_2024,14
Vellereophyton dealbatum,Tda,Casanova_2024,14
Verbascum sp.,Tdr,Casanova_2024,14
Verbascum virgatum,Tdr,Casanova_2024,14
Verbena bonariensis,Tdr,Casanova_2024,14
Verbena gaudichaudi,Tdr,Casanova_2024,14
Verbena officinalis,Tdr,Casanova_2024,14
Verbena officinalis var. gaudichaudii,Tdr,Casanova_2024,14
Verbena rigida,Tdr,Casanova_2024,14
Verbena supina,Tda,Casanova_2024,14
Verbena supina var. supina ,Tda,Casanova_2024,14
Veronica anagallis-aquatica,ATe,Casanova_2024,14
Veronica arvensis,Tdr,Casanova_2024,14
Veronica calycina,Tdr,Casanova_2024,14
Veronica gracilis ,Tda,Casanova_2024,14
Veronica peregrina,Tdr,Casanova_2024,14
Veronica plebeia,Tdr,Casanova_2024,14
Veronica serpyllifolia,Tda,Casanova_2024,14
Veronica sp.,Tda,Casanova_2024,14
Vicia monantha,Tdr,Casanova_2024,14
Vicia sativa subsp. nigra,Tdr,Casanova_2024,14
Vicia sativa subsp. sativa,Tdr,Casanova_2024,14
Vigna luteola,Tda,Casanova_2024,14
Vigna marina,Tda,Casanova_2024,14
Viminaria juncea,ATw,Casanova_2024,14
Viola betonicifolia,Tda,Casanova_2024,14
Viola caleyana,Tda,Casanova_2024,14
Viola cleistogamoides,Tda,Casanova_2024,14
Viola fuscoviolacea ,Tda,Casanova_2024,14
Viola hederacea,Tda,Casanova_2024,14
Viola sieberiana,Tda,Casanova_2024,14
Viola sp. 1,Tda,Casanova_2024,14
Vittadinia australasica,Tdr,Casanova_2024,14
Vittadinia cervicularis,Tdr,Casanova_2024,14
Vittadinia cuneata,Tdr,Casanova_2024,14
Vittadinia cuneata var. cuneata,Tdr,Casanova_2024,14
Vittadinia cuneata var. hirsuta,Tdr,Casanova_2024,14
Vittadinia dissecta var. hirta ,Tdr,Casanova_2024,14
Vittadinia gracilis,Tdr,Casanova_2024,14
Vittadinia pterochaeta,Tda,Casanova_2024,14
Vittadinia sp.,Tdr,Casanova_2024,14
Vulpia bromoides,Tdr,Casanova_2024,14
Vulpia fasciculata,Tda,Casanova_2024,14
Vulpia megalura,Tdr,Casanova_2024,14
Vulpia muralis,Tdr,Casanova_2024,14
Vulpia myuros,Tdr,Casanova_2024,14
Vulpia myuros var. myuros,Tdr,Casanova_2024,14
Vulpia sp.,Tdr,Casanova_2024,14
Wahlenbergia capensis,Tdr,Casanova_2024,14
Wahlenbergia ceracea ,Tda,Casanova_2024,14
Wahlenbergia communis,Tdr,Casanova_2024,14
Wahlenbergia fluminalis,Tda,Casanova_2024,14
Wahlenbergia gracilenta,Tdr,Casanova_2024,14
Wahlenbergia gracilis,Tdr,Casanova_2024,14
Wahlenbergia luteola,Tdr,Casanova_2024,14
Wahlenbergia multicaulis,Tdr,Casanova_2024,14
Wahlenbergia sp.,Tdr,Casanova_2024,14
Wahlenbergia stricta,Tdr,Casanova_2024,14
Wahlenbergia stricta subsp. stricta,Tdr,Casanova_2024,14
Wahlenbergia tumidifructa,Tdr,Casanova_2024,14
Walwhalleya proluta ,Tdr,Casanova_2024,14
Walwhalleya subxerophila,Tda,Casanova_2024,14
Watsonia meriana,Tdr,Casanova_2024,14
Watsonia meriana var. bulbillifera,Tdr,Casanova_2024,14
Westringia dampieri,Tdr,Casanova_2024,14
Westringia rigida ,Tdr,Casanova_2024,14
Wilsonia backhousei,Tda,Casanova_2024,14
Wilsonia humilis,Tda,Casanova_2024,14
Wilsonia rotundifolia,Tda,Casanova_2024,14
Wolffia angusta,ARf,Casanova_2024,14
Wolffia australiana,ARf,Casanova_2024,14
Wolffia sp. ,ARf,Casanova_2024,14
Wurmbea dioica subsp. dioica ,Tdr,Casanova_2024,14
Xanthium occidentale,Tda,Casanova_2024,14
Xanthium spinosum,Tdr,Casanova_2024,14
Xanthorrhoea acaulis,Tdr,Casanova_2024,14
Xanthorrhoea glauca subsp. glauca,Tdr,Casanova_2024,14
Xanthorrhoea johnsonii,Tdr,Casanova_2024,14
Xanthorrhoea macronema,Tdr,Casanova_2024,14
Xanthorrhoea preissii,Tdr,Casanova_2024,14
Xanthorrhoea semiplana,Tdr,Casanova_2024,14
Xanthorrhoea semiplana subsp. semiplana,Tdr,Casanova_2024,14
Xanthorrhoea semiplana subsp. tateana,Tdr,Casanova_2024,14
Xanthosia huegelii,Tdr,Casanova_2024,14
Xanthosia tasmanica,Tda,Casanova_2024,14
Xerochrysum bracteatum,Tdr,Casanova_2024,14
Xerochrysum viscosum,Tdr,Casanova_2024,14
Xyris complanata,Tda,Casanova_2024,14
Xyris gracilis subsp. gracilis,Tda,Casanova_2024,14
Xyris operculata,Tda,Casanova_2024,14
Zannichellia palustris,Sk,Casanova_2024,14
Zantedeschia aethiopica,ATe,Casanova_2024,14
Zieria laxiflora,Tda,Casanova_2024,14
Zoysia macrantha,Tda,Casanova_2024,14
Zygophyllum ammophilum ,Tdr,Casanova_2024,14
Zygophyllum aurantiacum ,Tda,Casanova_2024,14
Zygophyllum crenatum ,Tdr,Casanova_2024,14
Zygophyllum glaucum,Tdr,Casanova_2024,14
Zygophyllum iodocarpum ,Tdr,Casanova_2024,14
Zygophyllum sp.,Tdr,Casanova_2024,14
Abutilon sp.,Tdr,flowMERv22,15
Abutilon fraseri,Tdr,flowMERv22,15
Abutilon halophilum,Tdr,flowMERv22,15
Abutilon malvifolium,Tdr,flowMERv22,15
Abutilon otocarpum,Tdr,flowMERv22,15
Abutilon oxycarpum,Tdr,flowMERv22,15
Abutilon theophrasti,Tdr,flowMERv22,15
Acacia dealbata,ATw,flowMERv22,15
Acacia melvillei,ATw,flowMERv22,15
Acacia oswaldii,ATw,flowMERv22,15
Acacia paradoxa,ATw,flowMERv22,15
Acacia pendula,ATw,flowMERv22,15
Acacia saliciformis,ATw,flowMERv22,15
Acacia salicina,ATw,flowMERv22,15
Acacia saligna,ATw,flowMERv22,15
Acacia stenophylla,ATw,flowMERv22,15
Acacia victoriae,ATw,flowMERv22,15
Actinobole uliginosum,Tdr,flowMERv22,15
Aeschynomene indica,Tda,flowMERv22,15
Agrostis parviflora,Tda,flowMERv22,15
Alectryon oleifolius,ATw,flowMERv22,15
Allocasuarina luehmannii,ATw,flowMERv22,15
Alopecurus geniculatus,Tda,flowMERv22,15
Alstonia constricta,ATw,flowMERv22,15
Alternanthera sp.,Tda,flowMERv22,15
Alternanthera denticulata,Tda,flowMERv22,15
Alternanthera nana,Tda,flowMERv22,15
Alternanthera nodiflora,Tda,flowMERv22,15
Alternanthera pungens,Tda,flowMERv22,15
Amaranthus sp.,Tdr,flowMERv22,15
Amaranthus macrocarpus,Tdr,flowMERv22,15
Amaranthus mitchellii,Tdr,flowMERv22,15
Ammannia multiflora,Tda,flowMERv22,15
Amphibromus neesii,Tda,flowMERv22,15
Amphibromus nervosus,Tda,flowMERv22,15
Amsinckia intermedia,Tdr,flowMERv22,15
Amyema sp.,Tdr,flowMERv22,15
Amyema cambagei,Tdr,flowMERv22,15
Amyema lucasii,Tdr,flowMERv22,15
Amyema miquelii,Tdr,flowMERv22,15
Amyema miraculosa,Tdr,flowMERv22,15
Amyema preissii,Tdr,flowMERv22,15
Amyema quandang,Tdr,flowMERv22,15
Anthosachne kingiana,Tda,flowMERv22,15
Anthosachne scabra,Tdr,flowMERv22,15
Apium graveolens,Tda,flowMERv22,15
Apophyllum anomalum,ATw,flowMERv22,15
Arabidella nasturtium,Tdr,flowMERv22,15
Arctotheca calendula,Tdr,flowMERv22,15
Argemone ochroleuca,Tdr,flowMERv22,15
Aristida sp.,Tdr,flowMERv22,15
Aristida calycina,Tdr,flowMERv22,15
Aristida leptopoda,Tdr,flowMERv22,15
Aristida muricata,Tdr,flowMERv22,15
Asperula sp.,Tdr,flowMERv22,15
Asperula conferta,Tdr,flowMERv22,15
Asperula gemella,Tda,flowMERv22,15
Asperula geminifolia,Tdr,flowMERv22,15
Asteraceae sp.,Tdr,flowMERv22,15
Astrebla elymoides,Tda,flowMERv22,15
Astrebla lappacea,Tdr,flowMERv22,15
Astrebla pectinata,Tda,flowMERv22,15
Atalaya hemiglauca,ATw,flowMERv22,15
Atriplex sp.,Tdr,flowMERv22,15
Atriplex angulata,Tdr,flowMERv22,15
Atriplex crassipes,Tdr,flowMERv22,15
Atriplex eardleyae,Tdr,flowMERv22,15
Atriplex holocarpa,Tdr,flowMERv22,15
Atriplex leptocarpa,Tdr,flowMERv22,15
Atriplex lindleyi,Tdr,flowMERv22,15
Atriplex muelleri,Tdr,flowMERv22,15
Atriplex nummularia,ATw,flowMERv22,15
Atriplex pseudocampanulata,Tdr,flowMERv22,15
Atriplex semibaccata,Tdr,flowMERv22,15
Atriplex spinibractea,Tdr,flowMERv22,15
Atriplex suberecta,Tdr,flowMERv22,15
Atriplex vesicaria,Tdr,flowMERv22,15
Auranticarpa rhombifolia,ATw,flowMERv22,15
Austrobryonia micrantha,Tdr,flowMERv22,15
Austrostipa sp.,Tdr,flowMERv22,15
Austrostipa aristiglumis,Tdr,flowMERv22,15
Austrostipa bigeniculata,Tdr,flowMERv22,15
Austrostipa nitida,Tdr,flowMERv22,15
Austrostipa ramosissima,Tda,flowMERv22,15
Austrostipa scabra,Tdr,flowMERv22,15
Austrostipa setacea,Tdr,flowMERv22,15
Austrostipa verticillata,Tdr,flowMERv22,15
Avena sp.,Tdr,flowMERv22,15
Avena barbata,Tdr,flowMERv22,15
Avena fatua,Tdr,flowMERv22,15
Azolla sp.,ARf,flowMERv22,15
Azolla pinnata,ARf,flowMERv22,15
Azolla rubra,ARf,flowMERv22,15
Bergia trimera,ARp,flowMERv22,15
Berula erecta,ATe,flowMERv22,15
Bidens pilosa,Tdr,flowMERv22,15
Boerhavia sp.,Tdr,flowMERv22,15
Boerhavia dominii,Tdr,flowMERv22,15
Bolboschoenus sp.,Se,flowMERv22,15
Bolboschoenus caldwellii,ATe,flowMERv22,15
Bolboschoenus fluviatilis,Se,flowMERv22,15
Bolboschoenus medianus,ATe,flowMERv22,15
Bothriochloa macra,Tdr,flowMERv22,15
Brachyachne ciliaris,Tda,flowMERv22,15
Brachychiton populneus,ATw,flowMERv22,15
Brachyscome sp.,Tda,flowMERv22,15
Brachyscome ciliaris,Tdr,flowMERv22,15
Brachyscome curvicarpa,Tdr,flowMERv22,15
Brachyscome dentata,Tda,flowMERv22,15
Brachyscome goniocarpa,Tda,flowMERv22,15
Brachyscome gracilis,Tdr,flowMERv22,15
Brachyscome melanocarpa,Tda,flowMERv22,15
Brachyscome paludicola,Tda,flowMERv22,15
Brachyscome papillosa,Tdr,flowMERv22,15
Brassica sp.,Tdr,flowMERv22,15
Brassica rapa,Tdr,flowMERv22,15
Brassica tournefortii,Tdr,flowMERv22,15
Brassicaceae sp.,Tdr,flowMERv22,15
Bromus catharticus,Tda,flowMERv22,15
Bromus diandrus,Tdr,flowMERv22,15
Bromus hordeaceus,Tdr,flowMERv22,15
Brunonia australis,Tdr,flowMERv22,15
Brunoniella sp.,Tdr,flowMERv22,15
Brunoniella australis,Tdr,flowMERv22,15
Buglossoides arvensis,Tdr,flowMERv22,15
Bulbine sp.,Tda,flowMERv22,15
Bulbine alata,Tda,flowMERv22,15
Bulbine bulbosa,Tda,flowMERv22,15
Bulbine semibarbata,Tda,flowMERv22,15
Burnettia cuneata,Tda,flowMERv22,15
Bursaria sp.,ATw,flowMERv22,15
Bursaria spinosa,ATw,flowMERv22,15
Calandrinia eremaea,Tdr,flowMERv22,15
Calendula arvensis,Tdr,flowMERv22,15
Callistemon brachyandrus,ATw,flowMERv22,15
Callistemon sieberi,ATw,flowMERv22,15
Callitriche sonderi,ATl,flowMERv22,15
Callitriche stagnalis,ARp,flowMERv22,15
Callitriche umbonata,ARp,flowMERv22,15
Callitris endlicheri,ATw,flowMERv22,15
Callitris glaucophylla,ATw,flowMERv22,15
Calocephalus sonderi,Tdr,flowMERv22,15
Calostemma purpureum,Tda,flowMERv22,15
Calotis cuneata,Tdr,flowMERv22,15
Calotis cuneifolia,Tdr,flowMERv22,15
Calotis erinacea,Tdr,flowMERv22,15
Calotis hispidula,Tdr,flowMERv22,15
Calotis lappulacea,Tdr,flowMERv22,15
Calotis latiuscula,Tda,flowMERv22,15
Calotis plumulifera,Tdr,flowMERv22,15
Calotis scabiosifolia,Tdr,flowMERv22,15
Calotis scapigera,Tda,flowMERv22,15
Capparis lasiantha,ATw,flowMERv22,15
Capparis mitchellii,ATw,flowMERv22,15
Capsella bursa-pastoris,Tdr,flowMERv22,15
Cardamine hirsuta,ATe,flowMERv22,15
Carduus sp.,Tdr,flowMERv22,15
Carduus pycnocephalus,Tdr,flowMERv22,15
Carduus tenuiflorus,Tdr,flowMERv22,15
Carex sp.,ATe,flowMERv22,15
Carex appressa,ATe,flowMERv22,15
Carex bichenoviana,ATe,flowMERv22,15
Carex inversa,ATe,flowMERv22,15
Carex tereticaulis,ATe,flowMERv22,15
Carpobrotus sp.,Tdr,flowMERv22,15
Carrichtera annua,Tdr,flowMERv22,15
Carthamus lanatus,Tdr,flowMERv22,15
Cassytha sp.,Tdr,flowMERv22,15
Cassytha melantha,Tdr,flowMERv22,15
Casuarina cristata,ATw,flowMERv22,15
Casuarina pauper,ATw,flowMERv22,15
Cenchrus sp.,Tdr,flowMERv22,15
Cenchrus ciliaris,Tdr,flowMERv22,15
Cenchrus clandestinus,Tdr,flowMERv22,15
Centaurea sp.,Tdr,flowMERv22,15
Centaurea calcitrapa,Tdr,flowMERv22,15
Centaurea melitensis,Tdr,flowMERv22,15
Centaurea solstitialis,Tdr,flowMERv22,15
Centaurium sp.,Tdr,flowMERv22,15
Centaurium tenuiflorum,Tdr,flowMERv22,15
Centella asiatica,Tda,flowMERv22,15
Centipeda sp.,Tda,flowMERv22,15
Centipeda cunninghamii,Tda,flowMERv22,15
Centipeda minima,Tda,flowMERv22,15
Centipeda pleiocephala,Tda,flowMERv22,15
Centipeda thespidioides,Tda,flowMERv22,15
Cerastium glomeratum,Tdr,flowMERv22,15
Ceratophyllum demersum,ARf,flowMERv22,15
Cheilanthes austrotenuifolia,Tda,flowMERv22,15
Chenopodiaceae sp.,Tdr,flowMERv22,15
Chenopodium sp.,Tdr,flowMERv22,15
Chenopodium album,Tdr,flowMERv22,15
Chenopodium auricomiforme,Tdr,flowMERv22,15
Chenopodium auricomum,Tdr,flowMERv22,15
Chenopodium curvispicatum,Tdr,flowMERv22,15
Chenopodium desertorum,Tdr,flowMERv22,15
Chenopodium murale,Tdr,flowMERv22,15
Chenopodium nitrariaceum,ATw,flowMERv22,15
Chloris divaricata,Tda,flowMERv22,15
Chloris gayana,Tdr,flowMERv22,15
Chloris pectinata,Tda,flowMERv22,15
Chloris truncata,Tdr,flowMERv22,15
Chloris ventricosa,Tdr,flowMERv22,15
Chondrilla juncea,Tdr,flowMERv22,15
Chrysanthemoides monilifera,ATw,flowMERv22,15
Chrysocephalum apiculatum,Tdr,flowMERv22,15
Chrysocephalum pterochaetum,Tdr,flowMERv22,15
Cichorium intybus,Tdr,flowMERv22,15
Cirsium vulgare,Tdr,flowMERv22,15
Citrullus amarus,Tdr,flowMERv22,15
Citrullus colocynthis,Tdr,flowMERv22,15
Citrus glauca,ATw,flowMERv22,15
Commelina cyanea,Tda,flowMERv22,15
Convolvulus sp.,Tda,flowMERv22,15
Convolvulus arvensis,Tdr,flowMERv22,15
Convolvulus erubescens,Tda,flowMERv22,15
Convolvulus graminetinus,Tdr,flowMERv22,15
Convolvulus remotus,Tdr,flowMERv22,15
Coronidium sp.,Tdr,flowMERv22,15
Coronidium rutidolepis,Tdr,flowMERv22,15
Corymbia tessellaris,ATw,flowMERv22,15
Cotula australis,Tdr,flowMERv22,15
Cotula bipinnata,Tdr,flowMERv22,15
Cotula coronopifolia,Tda,flowMERv22,15
Craspedia sp.,Tda,flowMERv22,15
Craspedia haplorrhiza,Tda,flowMERv22,15
Craspedia variabilis,Tdr,flowMERv22,15
Crassula colorata,Tda,flowMERv22,15
Crassula decumbens,Tdr,flowMERv22,15
Crassula helmsii,ARp,flowMERv22,15
Cressa australis,Tda,flowMERv22,15
Crinum flaccidum,Tda,flowMERv22,15
Cucumis sp.,Tdr,flowMERv22,15
Cucumis argenteus,Tdr,flowMERv22,15
Cucumis melo,Tdr,flowMERv22,15
Cucumis myriocarpus,Tdr,flowMERv22,15
Cullen australasicum,Tdr,flowMERv22,15
Cullen cinereum,Tda,flowMERv22,15
Cullen tenax,Tdr,flowMERv22,15
Cuscuta sp.,Tda,flowMERv22,15
Cuscuta australis,Tdr,flowMERv22,15
Cuscuta campestris,Tda,flowMERv22,15
Cyclospermum leptophyllum,Tdr,flowMERv22,15
Cycnogeton sp.,ATl,flowMERv22,15
Cycnogeton dubium,ATl,flowMERv22,15
Cycnogeton procerum,ATl,flowMERv22,15
Cymbidium sp.,Tdr,flowMERv22,15
Cymbidium canaliculatum,Tdr,flowMERv22,15
Cynodon dactylon,Tdr,flowMERv22,15
Cynoglossum australe,Tdr,flowMERv22,15
Cynoglossum suaveolens,Tda,flowMERv22,15
Cyperaceae sp.,ATe,flowMERv22,15
Cyperus sp.,ATe,flowMERv22,15
Cyperus alterniflorus,ATe,flowMERv22,15
Cyperus bifax,ATe,flowMERv22,15
Cyperus concinnus,ATe,flowMERv22,15
Cyperus difformis,ATe,flowMERv22,15
Cyperus eragrostis,ATe,flowMERv22,15
Cyperus exaltatus,ATe,flowMERv22,15
Cyperus gracilis,ATe,flowMERv22,15
Cyperus gunnii,ATe,flowMERv22,15
Cyperus gymnocaulos,ATe,flowMERv22,15
Cyperus pygmaeus,ATe,flowMERv22,15
Cyperus rotundus,Tdr,flowMERv22,15
Cyperus sanguinolentus,ATe,flowMERv22,15
Cyperus victoriensis,ATe,flowMERv22,15
Dactyloctenium radulans,Tdr,flowMERv22,15
Damasonium minus,ARp,flowMERv22,15
Datura ferox,Tdr,flowMERv22,15
Daucus sp.,Tdr,flowMERv22,15
Daucus glochidiatus,Tdr,flowMERv22,15
Dendrophthoe sp.,Tdr,flowMERv22,15
Dentella minutissima,Tda,flowMERv22,15
Desmodium campylocaulon,Tdr,flowMERv22,15
Desmodium varians,Tdr,flowMERv22,15
Dianella sp.,Tdr,flowMERv22,15
Dianella revoluta,Tda,flowMERv22,15
Dichanthium sericeum,Tda,flowMERv22,15
Dichondra sp.,Tdr,flowMERv22,15
Dichondra repens,Tda,flowMERv22,15
Digitaria sp.,Tdr,flowMERv22,15
Digitaria ammophila,Tdr,flowMERv22,15
Digitaria divaricatissima,Tdr,flowMERv22,15
Digitaria hubbardii,Tdr,flowMERv22,15
Diplachne fusca,Tda,flowMERv22,15
Dissocarpus biflorus,Tdr,flowMERv22,15
Dissocarpus paradoxus,Tdr,flowMERv22,15
Dittrichia graveolens,Tda,flowMERv22,15
Dodonaea viscosa,ATw,flowMERv22,15
Duma florulenta,ATw,flowMERv22,15
Duma horrida,ATw,flowMERv22,15
Dysphania sp.,Tdr,flowMERv22,15
Dysphania ambrosioides,Tdr,flowMERv22,15
Dysphania cristata,Tdr,flowMERv22,15
Dysphania melanocarpa,Tdr,flowMERv22,15
Dysphania plantaginella,Tdr,flowMERv22,15
Dysphania pumilio,Tdr,flowMERv22,15
Echinochloa colona,Tda,flowMERv22,15
Echinochloa crus-galli,Tda,flowMERv22,15
Echinochloa crus-pavonis,Tdr,flowMERv22,15
Echinochloa inundata,Tda,flowMERv22,15
Echinochloa turneriana,ATe,flowMERv22,15
Echium sp.,Tdr,flowMERv22,15
Echium plantagineum,Tdr,flowMERv22,15
Eclipta sp.,Tda,flowMERv22,15
Eclipta platyglossa,Tda,flowMERv22,15
Ehrharta sp.,Tda,flowMERv22,15
Ehrharta longiflora,Tda,flowMERv22,15
Eichhornia crassipes,ARp,flowMERv22,15
Einadia sp.,Tdr,flowMERv22,15
Einadia hastata,Tdr,flowMERv22,15
Einadia nutans,Tdr,flowMERv22,15
Einadia polygonoides,Tdr,flowMERv22,15
Einadia trigonos,Tdr,flowMERv22,15
Elacholoma prostrata,Tda,flowMERv22,15
Elatine gratioloides,ARp,flowMERv22,15
Eleocharis sp.,ATe,flowMERv22,15
Eleocharis acuta,ATe,flowMERv22,15
Eleocharis gracilis,ATe,flowMERv22,15
Eleocharis obicis,ATe,flowMERv22,15
Eleocharis pallens,ATe,flowMERv22,15
Eleocharis plana,ATe,flowMERv22,15
Eleocharis pusilla,ATe,flowMERv22,15
Eleocharis sphacelata,Se,flowMERv22,15
Eleusine indica,Tda,flowMERv22,15
Eleusine tristachya,Tda,flowMERv22,15
Enchylaena sp.,Tdr,flowMERv22,15
Enchylaena tomentosa,Tdr,flowMERv22,15
Enneapogon avenaceus,Tdr,flowMERv22,15
Enneapogon nigricans,Tdr,flowMERv22,15
Enteropogon sp.,Tdr,flowMERv22,15
Enteropogon acicularis,Tdr,flowMERv22,15
Epilobium billardiereanum,Tda,flowMERv22,15
Epilobium hirtigerum,Tdr,flowMERv22,15
Eragrostis sp.,Tdr,flowMERv22,15
Eragrostis australasica,ATe,flowMERv22,15
Eragrostis brownii,Tdr,flowMERv22,15
Eragrostis cilianensis,Tdr,flowMERv22,15
Eragrostis dielsii,Tdr,flowMERv22,15
Eragrostis elongata,Tdr,flowMERv22,15
Eragrostis lacunaria,Tdr,flowMERv22,15
Eragrostis leptocarpa,Tda,flowMERv22,15
Eragrostis leptostachya,Tdr,flowMERv22,15
Eragrostis parviflora,Tdr,flowMERv22,15
Eragrostis pilosa,Tdr,flowMERv22,15
Eragrostis setifolia,Tdr,flowMERv22,15
Eragrostis tef,Tdr,flowMERv22,15
Eremophila bignoniiflora,ATw,flowMERv22,15
Eremophila debilis,Tdr,flowMERv22,15
Eremophila deserti,ATw,flowMERv22,15
Eremophila longifolia,ATw,flowMERv22,15
Eremophila maculata,ATw,flowMERv22,15
Eremophila mitchellii,ATw,flowMERv22,15
Erigeron sp.,Tdr,flowMERv22,15
Erigeron bonariensis,Tdr,flowMERv22,15
Erigeron sumatrensis,Tdr,flowMERv22,15
Eriochloa australiensis,Tda,flowMERv22,15
Eriochloa crebra,Tdr,flowMERv22,15
Eriochloa procera,Tda,flowMERv22,15
Eriochloa pseudoacrotricha,Tda,flowMERv22,15
Eriostemon australasius,ATw,flowMERv22,15
Erodium sp.,Tdr,flowMERv22,15
Erodium botrys,Tdr,flowMERv22,15
Erodium cicutarium,Tdr,flowMERv22,15
Erodium crinitum,Tdr,flowMERv22,15
Erodium cygnorum,Tdr,flowMERv22,15
Erodium malacoides,Tdr,flowMERv22,15
Eryngium paludosum,ATe,flowMERv22,15
Eryngium rostratum,Tda,flowMERv22,15
Eucalyptus camaldulensis,ATw,flowMERv22,15
Eucalyptus chloroclada,ATw,flowMERv22,15
Eucalyptus coolabah,ATw,flowMERv22,15
Eucalyptus largiflorens,ATw,flowMERv22,15
Eucalyptus microcarpa,ATw,flowMERv22,15
Eucalyptus microtheca,ATw,flowMERv22,15
Eucalyptus oleosa,ATw,flowMERv22,15
Eucalyptus populnea,ATw,flowMERv22,15
Euchiton involucratus,Tda,flowMERv22,15
Euchiton sphaericus,Tdr,flowMERv22,15
Euphorbia australis,Tdr,flowMERv22,15
Euphorbia dallachyana,Tda,flowMERv22,15
Euphorbia drummondii,Tdr,flowMERv22,15
Euphorbia planitiicola,Tdr,flowMERv22,15
Euphorbia stevenii,Tdr,flowMERv22,15
Euphorbia terracina,Tdr,flowMERv22,15
Evolvulus alsinoides,Tdr,flowMERv22,15
Fimbristylis dichotoma,ATe,flowMERv22,15
Flaveria trinervia,Tdr,flowMERv22,15
Flindersia maculosa,ATw,flowMERv22,15
Fumaria sp.,Tda,flowMERv22,15
Fumaria capreolata,Tda,flowMERv22,15
Gahnia sp.,ATe,flowMERv22,15
Gahnia aspera,ATe,flowMERv22,15
Galium sp.,Tdr,flowMERv22,15
Galium aparine,Tdr,flowMERv22,15
Galium gaudichaudii,Tdr,flowMERv22,15
Galium murale,Tdr,flowMERv22,15
Gamochaeta sp.,Tdr,flowMERv22,15
Gazania rigens,Tdr,flowMERv22,15
Geijera parviflora,ATw,flowMERv22,15
Geococcus pusillus,Tda,flowMERv22,15
Geraniaceae sp.,Tdr,flowMERv22,15
Geranium retrorsum,Tdr,flowMERv22,15
Geranium solanderi,Tdr,flowMERv22,15
Glandularia aristigera,Tdr,flowMERv22,15
Glinus sp.,Tdr,flowMERv22,15
Glinus lotoides,Tdr,flowMERv22,15
Glossocardia bidens,Tdr,flowMERv22,15
Glossostigma elatinoides,ARp,flowMERv22,15
Glyceria sp.,Tda,flowMERv22,15
Glyceria australis,ARp,flowMERv22,15
Glycine sp.,Tdr,flowMERv22,15
Glycine clandestina,Tdr,flowMERv22,15
Glycine tabacina,Tdr,flowMERv22,15
Glycyrrhiza acanthocarpa,Tda,flowMERv22,15
Gnaphalium sp.,Tdr,flowMERv22,15
Gnaphalium diamantinense,Tda,flowMERv22,15
Gnaphalium polycaulon,Tda,flowMERv22,15
Gnephosis arachnoidea,Tdr,flowMERv22,15
Gnephosis tenuissima,Tdr,flowMERv22,15
Goodenia sp.,Tdr,flowMERv22,15
Goodenia cycloptera,Tdr,flowMERv22,15
Goodenia fascicularis,Tdr,flowMERv22,15
Goodenia glauca,Tdr,flowMERv22,15
Goodenia gracilis,Tda,flowMERv22,15
Goodenia hederacea,Tdr,flowMERv22,15
Goodenia heteromera,Tdr,flowMERv22,15
Goodenia pinnatifida,Tdr,flowMERv22,15
Goodenia willisiana,Tdr,flowMERv22,15
Gossypium hirsutum,Tdr,flowMERv22,15
Gratiola sp.,Tda,flowMERv22,15
Gratiola pedunculata,Tda,flowMERv22,15
Haloragis sp.,Tda,flowMERv22,15
Haloragis aspera,Tda,flowMERv22,15
Haloragis glauca,Tda,flowMERv22,15
Haloragis heterophylla,Tda,flowMERv22,15
Harmsiodoxa blennodioides,Tdr,flowMERv22,15
Heliotropium sp.,Tda,flowMERv22,15
Heliotropium curassavicum,Tda,flowMERv22,15
Heliotropium europaeum,Tdr,flowMERv22,15
Heliotropium supinum,Tda,flowMERv22,15
Helminthotheca sp.,Tdr,flowMERv22,15
Helminthotheca echioides,Tdr,flowMERv22,15
Hemarthria uncinata,Tda,flowMERv22,15
Herniaria cinerea,Tdr,flowMERv22,15
Hibiscus sp.,Tda,flowMERv22,15
Hibiscus brachysiphonius,Tda,flowMERv22,15
Hibiscus sturtii,Tdr,flowMERv22,15
Hibiscus trionum,Tda,flowMERv22,15
Hibiscus verdcourtii,Tda,flowMERv22,15
Holcus sp.,Tdr,flowMERv22,15
Holcus lanatus,Tdr,flowMERv22,15
Hordeum sp.,Tdr,flowMERv22,15
Hordeum leporinum,Tdr,flowMERv22,15
Hordeum vulgare,Tdr,flowMERv22,15
Hydrocotyle laxiflora,Tdr,flowMERv22,15
Hydrocotyle trachycarpa,Tda,flowMERv22,15
Hypericum gramineum,Tdr,flowMERv22,15
Hypertelis cerviana,Tdr,flowMERv22,15
Hypochaeris albiflora,Tdr,flowMERv22,15
Hypochaeris glabra,Tdr,flowMERv22,15
Hypochaeris radicata,Tdr,flowMERv22,15
Indigofera australis,ATw,flowMERv22,15
Ipomoea sp.,Tdr,flowMERv22,15
Ipomoea lonchophylla,Tdr,flowMERv22,15
Isoetopsis graminifolia,Tdr,flowMERv22,15
Isolepis sp.,ATe,flowMERv22,15
Isolepis australiensis,ATe,flowMERv22,15
Isolepis gaudichaudiana,ATe,flowMERv22,15
Ixiochlamys nana,Tdr,flowMERv22,15
Jasminum didymum,Tdr,flowMERv22,15
Juncaceae sp.,ATe,flowMERv22,15
Juncus sp.,ATe,flowMERv22,15
Juncus amabilis,ATe,flowMERv22,15
Juncus aridicola,ATe,flowMERv22,15
Juncus bufonius,ATe,flowMERv22,15
Juncus flavidus,ATe,flowMERv22,15
Juncus holoschoenus,ATe,flowMERv22,15
Juncus ingens,ATe,flowMERv22,15
Juncus laeviusculus,ATe,flowMERv22,15
Juncus radula,ATe,flowMERv22,15
Juncus subsecundus,ATe,flowMERv22,15
Juncus tenuis,Tdr,flowMERv22,15
Juncus usitatus,ATe,flowMERv22,15
Kickxia elatine,Tdr,flowMERv22,15
Lachnagrostis sp.,Tda,flowMERv22,15
Lachnagrostis aemula,Tda,flowMERv22,15
Lachnagrostis filiformis,Tda,flowMERv22,15
Lactuca sp.,Tdr,flowMERv22,15
Lactuca saligna,Tdr,flowMERv22,15
Lactuca serriola,Tdr,flowMERv22,15
Lamium amplexicaule,Tdr,flowMERv22,15
Landoltia punctata,ARf,flowMERv22,15
Leiocarpa brevicompta,Tda,flowMERv22,15
Lemna sp.,ARf,flowMERv22,15
Lemna disperma,ARf,flowMERv22,15
Lemna minor,ARf,flowMERv22,15
Leontodon rhagadioloides,Tdr,flowMERv22,15
Leontodon saxatilis,Tdr,flowMERv22,15
Lepidium sp.,Tdr,flowMERv22,15
Lepidium africanum,Tdr,flowMERv22,15
Lepidium bonariense,Tdr,flowMERv22,15
Lepidium campestre,Tdr,flowMERv22,15
Lepidium fasciculatum,Tdr,flowMERv22,15
Lepidium hypenantion,Tdr,flowMERv22,15
Lepidium hyssopifolium,Tdr,flowMERv22,15
Lepidium pseudohyssopifolium,Tdr,flowMERv22,15
Leptochloa digitata,ATe,flowMERv22,15
Leptomeria acida,ATw,flowMERv22,15
Leptorhynchos sp.,Tdr,flowMERv22,15
Leptorhynchos squamatus,Tdr,flowMERv22,15
Leucochrysum sp.,Tdr,flowMERv22,15
Limosella sp.,ATl,flowMERv22,15
Limosella australis,ATl,flowMERv22,15
Limosella curdieana,ATl,flowMERv22,15
Linum usitatissimum,Tdr,flowMERv22,15
Lobelia concolor,Tdr,flowMERv22,15
Lobelia darlingensis,Tda,flowMERv22,15
Lobelia pedunculata,Tda,flowMERv22,15
Lobelia purpurascens,Tda,flowMERv22,15
Lolium sp.,Tdr,flowMERv22,15
Lolium loliaceum,Tdr,flowMERv22,15
Lolium perenne,Tdr,flowMERv22,15
Lolium rigidum,Tdr,flowMERv22,15
Lotus cruentus,Tdr,flowMERv22,15
Ludwigia octovalvis,Tda,flowMERv22,15
Ludwigia peploides,ARf,flowMERv22,15
Lycium australe,ATw,flowMERv22,15
Lycium ferocissimum,ATw,flowMERv22,15
Lysiana exocarpi,Tdr,flowMERv22,15
Lysiana subfalcata,Tdr,flowMERv22,15
Lysimachia arvensis,Tda,flowMERv22,15
Lythrum hyssopifolia,Tda,flowMERv22,15
Lythrum salicaria,ATe,flowMERv22,15
Maireana sp.,Tdr,flowMERv22,15
Maireana aphylla,Tdr,flowMERv22,15
Maireana appressa,Tdr,flowMERv22,15
Maireana brevifolia,Tdr,flowMERv22,15
Maireana ciliata,Tdr,flowMERv22,15
Maireana coronata,Tdr,flowMERv22,15
Maireana decalvans,Tdr,flowMERv22,15
Maireana enchylaenoides,Tdr,flowMERv22,15
Maireana georgei,Tdr,flowMERv22,15
Maireana microcarpa,Tdr,flowMERv22,15
Maireana microphylla,Tdr,flowMERv22,15
Maireana pentagona,Tdr,flowMERv22,15
Maireana pyramidata,Tdr,flowMERv22,15
Maireana trichoptera,Tdr,flowMERv22,15
Maireana triptera,Tdr,flowMERv22,15
Malacocera tricornis,Tdr,flowMERv22,15
Malva sp.,Tdr,flowMERv22,15
Malva parviflora,Tdr,flowMERv22,15
Malva preissiana,Tdr,flowMERv22,15
Malvaceae sp.,Tdr,flowMERv22,15
Malvastrum sp.,Tdr,flowMERv22,15
Malvastrum americanum,Tdr,flowMERv22,15
Marrubium sp.,Tdr,flowMERv22,15
Marrubium vulgare,Tdr,flowMERv22,15
Marsdenia australis,Tdr,flowMERv22,15
Marsilea sp.,ARf,flowMERv22,15
Marsilea costulifera,ARf,flowMERv22,15
Marsilea drummondii,ARf,flowMERv22,15
Marsilea hirsuta,ATl,flowMERv22,15
Medicago sp.,Tdr,flowMERv22,15
Medicago arabica,Tdr,flowMERv22,15
Medicago laciniata,Tdr,flowMERv22,15
Medicago lupulina,Tdr,flowMERv22,15
Medicago minima,Tdr,flowMERv22,15
Medicago polymorpha,Tdr,flowMERv22,15
Medicago praecox,Tdr,flowMERv22,15
Medicago truncatula,Tdr,flowMERv22,15
Melaleuca lanceolata,ATw,flowMERv22,15
Melilotus sp.,Tdr,flowMERv22,15
Melilotus albus,Tdr,flowMERv22,15
Melilotus indicus,Tdr,flowMERv22,15
Mentha sp.,Tda,flowMERv22,15
Mentha australis,Tda,flowMERv22,15
Mentha diemenica,Tda,flowMERv22,15
Mentha pulegium,Tda,flowMERv22,15
Mentha satureioides,Tda,flowMERv22,15
Mesembryanthemum crystallinum,Tdr,flowMERv22,15
Microlaena stipoides,Tdr,flowMERv22,15
Mimulus gracilis,Tda,flowMERv22,15
Minuria sp.,Tdr,flowMERv22,15
Minuria denticulata,Tdr,flowMERv22,15
Minuria integerrima,Tdr,flowMERv22,15
Minuria leptophylla,Tdr,flowMERv22,15
Modiola caroliniana,Tdr,flowMERv22,15
Moraea setifolia,Tdr,flowMERv22,15
Myoporum acuminatum,ATw,flowMERv22,15
Myoporum montanum,ATw,flowMERv22,15
Myoporum parvifolium,Tda,flowMERv22,15
Myoporum platycarpum,ATw,flowMERv22,15
Myosurus australis,Tda,flowMERv22,15
Myriophyllum sp.,ARp,flowMERv22,15
Myriophyllum aquaticum,ARp,flowMERv22,15
Myriophyllum caput-medusae,ARp,flowMERv22,15
Myriophyllum crispatum,ARp,flowMERv22,15
Myriophyllum papillosum,ARp,flowMERv22,15
Myriophyllum propinquum,ARp,flowMERv22,15
Myriophyllum simulans,ARp,flowMERv22,15
Myriophyllum variifolium,ARp,flowMERv22,15
Myriophyllum verrucosum,ARp,flowMERv22,15
Najas sp.,S,flowMERv22,15
Najas marina,S,flowMERv22,15
Najas tenuifolia,S,flowMERv22,15
Neptunia gracilis,Tdr,flowMERv22,15
Nicotiana sp.,Tdr,flowMERv22,15
Nicotiana megalosiphon,Tdr,flowMERv22,15
Nicotiana suaveolens,Tdr,flowMERv22,15
Nicotiana velutina,Tdr,flowMERv22,15
Nitraria billardierei,ATw,flowMERv22,15
Nymphoides crenata,ARf,flowMERv22,15
Oenothera sp.,Tdr,flowMERv22,15
Oenothera indecora,Tdr,flowMERv22,15
Oenothera speciosa,Tdr,flowMERv22,15
Onopordum acanthium,Tdr,flowMERv22,15
Opercularia turpis,Tdr,flowMERv22,15
Opuntia sp.,Tdr,flowMERv22,15
Opuntia stricta,Tdr,flowMERv22,15
Origanum sp.,Tdr,flowMERv22,15
Osteocarpum sp.,Tdr,flowMERv22,15
Osteocarpum acropterum,Tdr,flowMERv22,15
Ottelia sp.,ARf,flowMERv22,15
Ottelia ovalifolia,ARf,flowMERv22,15
Oxalis chnoodes,Tdr,flowMERv22,15
Oxalis corniculata,Tdr,flowMERv22,15
Oxalis exilis,Tda,flowMERv22,15
Oxalis perennans,Tda,flowMERv22,15
Oxalis pes-caprae,Tdr,flowMERv22,15
Oxalis thompsoniae,Tdr,flowMERv22,15
Pandorea pandorana,Tda,flowMERv22,15
Panicum sp.,Tdr,flowMERv22,15
Panicum antidotale,Tdr,flowMERv22,15
Panicum coloratum,Tdr,flowMERv22,15
Panicum decompositum,Tdr,flowMERv22,15
Panicum effusum,Tdr,flowMERv22,15
Panicum miliaceum,Tda,flowMERv22,15
Panicum queenslandicum,Tda,flowMERv22,15
Parietaria debilis,Tdr,flowMERv22,15
Parsonsia sp.,Tdr,flowMERv22,15
Parsonsia eucalyptophylla,Tdr,flowMERv22,15
Paspalidium aversum,Tda,flowMERv22,15
Paspalidium constrictum,Tdr,flowMERv22,15
Paspalidium criniforme,Tdr,flowMERv22,15
Paspalidium distans,Tdr,flowMERv22,15
Paspalidium globoideum,Tdr,flowMERv22,15
Paspalidium gracile,Tdr,flowMERv22,15
Paspalidium jubiflorum,Tda,flowMERv22,15
Paspalum dilatatum,Tdr,flowMERv22,15
Paspalum distichum,ARp,flowMERv22,15
Pauridia vaginata,Tda,flowMERv22,15
Pelargonium sp.,Tdr,flowMERv22,15
Persicaria sp.,ATe,flowMERv22,15
Persicaria attenuata,ATe,flowMERv22,15
Persicaria decipiens,ATe,flowMERv22,15
Persicaria hydropiper,ATe,flowMERv22,15
Persicaria lapathifolia,ATe,flowMERv22,15
Persicaria orientalis,ATe,flowMERv22,15
Persicaria prostrata,Tda,flowMERv22,15
Petrorhagia nanteuilii,Tdr,flowMERv22,15
Phalaris sp.,Tda,flowMERv22,15
Phalaris aquatica,Tda,flowMERv22,15
Phalaris minor,Tdr,flowMERv22,15
Phalaris paradoxa,Tda,flowMERv22,15
Phragmites australis,Se,flowMERv22,15
Phyla canescens,Tda,flowMERv22,15
Phyla nodiflora,Tda,flowMERv22,15
Phyllanthus sp.,Tdr,flowMERv22,15
Phyllanthus fuernrohrii,Tdr,flowMERv22,15
Phyllanthus lacunarius,Tdr,flowMERv22,15
Phyllanthus virgatus,Tdr,flowMERv22,15
Physalis sp.,Tdr,flowMERv22,15
Physalis angulata,Tdr,flowMERv22,15
Physalis ixocarpa,Tdr,flowMERv22,15
Physalis lanceifolia,Tda,flowMERv22,15
Physalis minima,Tda,flowMERv22,15
Physalis peruviana,Tdr,flowMERv22,15
Picris angustifolia,Tdr,flowMERv22,15
Pimelea sp.,Tdr,flowMERv22,15
Pimelea microcephala,Tdr,flowMERv22,15
Piptatherum miliaceum,Tda,flowMERv22,15
Pittosporum angustifolium,ATw,flowMERv22,15
Plagiobothrys plurisepaleus,Tda,flowMERv22,15
Plantago cunninghamii,Tda,flowMERv22,15
Plantago debilis,Tda,flowMERv22,15
Plantago drummondii,Tda,flowMERv22,15
Plantago gaudichaudii,Tdr,flowMERv22,15
Plantago lanceolata,Tdr,flowMERv22,15
Plantago turrifera,Tda,flowMERv22,15
Pluchea dentex,Tda,flowMERv22,15
Poa sp.,Tdr,flowMERv22,15
Poa annua,Tdr,flowMERv22,15
Poa fordeana,Tdr,flowMERv22,15
Poa infirma,Tdr,flowMERv22,15
Poa labillardierei,Tda,flowMERv22,15
Poaceae sp.,Tdr,flowMERv22,15
Podolepis capillaris,Tdr,flowMERv22,15
Polycalymma stuartii,Tdr,flowMERv22,15
Polycarpaea sp.,Tdr,flowMERv22,15
Polycarpon tetraphyllum,Tdr,flowMERv22,15
Polygonum sp.,Tda,flowMERv22,15
Polygonum arenastrum,Tda,flowMERv22,15
Polygonum aviculare,Tda,flowMERv22,15
Polygonum plebeium,Tda,flowMERv22,15
Polymeria pusilla,Tdr,flowMERv22,15
Polypogon monspeliensis,Tda,flowMERv22,15
Portulaca oleracea,Tdr,flowMERv22,15
Potamogeton sp.,ARp,flowMERv22,15
Potamogeton crispus,ARp,flowMERv22,15
Potamogeton octandrus,ARp,flowMERv22,15
Potamogeton tricarinatus,ARp,flowMERv22,15
Pseudognaphalium luteoalbum,Tdr,flowMERv22,15
Pseudoraphis spinescens,ARp,flowMERv22,15
Psilocaulon granulicaule,Tdr,flowMERv22,15
Psydrax oleifolia,ATw,flowMERv22,15
Ptilotus sp.,Tdr,flowMERv22,15
Ptilotus nobilis,Tdr,flowMERv22,15
Ptilotus polystachyus,Tdr,flowMERv22,15
Pycnosorus chrysanthus,Tdr,flowMERv22,15
Radyera farragei,Tdr,flowMERv22,15
Ranunculus sp.,ATe,flowMERv22,15
Ranunculus inundatus,ATe,flowMERv22,15
Ranunculus pentandrus,ATe,flowMERv22,15
Ranunculus pumilio,ATe,flowMERv22,15
Ranunculus sceleratus,ATe,flowMERv22,15
Ranunculus sessiliflorus,ATe,flowMERv22,15
Ranunculus undosus,ATe,flowMERv22,15
Raphanus raphanistrum,Tdr,flowMERv22,15
Rapistrum rugosum,Tda,flowMERv22,15
Reichardia tingitana,Tdr,flowMERv22,15
Rhagodia spinescens,Tdr,flowMERv22,15
Rhaponticum repens,Tdr,flowMERv22,15
Rhodanthe sp.,Tdr,flowMERv22,15
Rhodanthe corymbiflora,Tdr,flowMERv22,15
Rhodanthe floribunda,Tdr,flowMERv22,15
Rhodanthe moschata,Tdr,flowMERv22,15
Rhodanthe pygmaea,Tda,flowMERv22,15
Rhodanthe stricta,Tdr,flowMERv22,15
Rhodanthe stuartiana,Tdr,flowMERv22,15
Rhodanthe uniflora,Tdr,flowMERv22,15
Rhynchosia minima,Tdr,flowMERv22,15
Roepera sp.,Tdr,flowMERv22,15
Roepera ammophila,Tdr,flowMERv22,15
Roepera apiculata,Tdr,flowMERv22,15
Roepera glauca,Tdr,flowMERv22,15
Roepera iodocarpa,Tdr,flowMERv22,15
Roepera similis,Tdr,flowMERv22,15
Romulea minutiflora,Tdr,flowMERv22,15
Romulea rosea,Tdr,flowMERv22,15
Rorippa sp.,Tda,flowMERv22,15
Rorippa eustylis,Tdr,flowMERv22,15
Rorippa laciniata,Tdr,flowMERv22,15
Rorippa palustris,Tda,flowMERv22,15
Rostellularia adscendens,Tda,flowMERv22,15
Rostraria pumila,Tdr,flowMERv22,15
Rubus fruticosus,Tda,flowMERv22,15
Rumex sp.,Tda,flowMERv22,15
Rumex acetosella,Tdr,flowMERv22,15
Rumex bidens,ARp,flowMERv22,15
Rumex brownii,Tda,flowMERv22,15
Rumex conglomeratus,Tda,flowMERv22,15
Rumex crispus,Tda,flowMERv22,15
Rumex crystallinus,Tda,flowMERv22,15
Rumex hypogaeus,Tdr,flowMERv22,15
Rumex tenax,Tda,flowMERv22,15
Rytidosperma sp.,Tdr,flowMERv22,15
Rytidosperma caespitosum,Tdr,flowMERv22,15
Rytidosperma duttonianum,Tdr,flowMERv22,15
Rytidosperma erianthum,Tdr,flowMERv22,15
Rytidosperma richardsonii,Tdr,flowMERv22,15
Rytidosperma setaceum,Tdr,flowMERv22,15
Sagittaria calycina,ARp,flowMERv22,15
Salsola australis,Tdr,flowMERv22,15
Salvia reflexa,Tda,flowMERv22,15
Salvia verbenaca,Tdr,flowMERv22,15
Santalum acuminatum,ATw,flowMERv22,15
Schenkia australis,Tda,flowMERv22,15
Schismus barbatus,Tdr,flowMERv22,15
Schoenoplectus pungens,Se,flowMERv22,15
Schoenoplectus tabernaemontani,Se,flowMERv22,15
Schoenus apogon,ATe,flowMERv22,15
Scleranthus annuus,Tdr,flowMERv22,15
Scleroblitum atriplicinum,Tdr,flowMERv22,15
Sclerolaena sp.,Tdr,flowMERv22,15
Sclerolaena anisacanthoides,Tdr,flowMERv22,15
Sclerolaena bicornis,Tdr,flowMERv22,15
Sclerolaena birchii,Tdr,flowMERv22,15
Sclerolaena brachyptera,Tdr,flowMERv22,15
Sclerolaena calcarata,Tdr,flowMERv22,15
Sclerolaena constricta,Tdr,flowMERv22,15
Sclerolaena convexula,Tdr,flowMERv22,15
Sclerolaena cuneata,Tdr,flowMERv22,15
Sclerolaena decurrens,Tdr,flowMERv22,15
Sclerolaena deserticola,Tdr,flowMERv22,15
Sclerolaena diacantha,Tdr,flowMERv22,15
Sclerolaena divaricata,Tdr,flowMERv22,15
Sclerolaena eriacantha,Tdr,flowMERv22,15
Sclerolaena glabra,Tdr,flowMERv22,15
Sclerolaena intricata,Tdr,flowMERv22,15
Sclerolaena lanicuspis,Tdr,flowMERv22,15
Sclerolaena muricata,Tdr,flowMERv22,15
Sclerolaena obliquicuspis,Tdr,flowMERv22,15
Sclerolaena parviflora,Tdr,flowMERv22,15
Sclerolaena patenticuspis,Tdr,flowMERv22,15
Sclerolaena stelligera,Tdr,flowMERv22,15
Sclerolaena tricuspis,Tdr,flowMERv22,15
Secale cereale,Tdr,flowMERv22,15
Senecio sp.,Tdr,flowMERv22,15
Senecio cunninghamii,Tdr,flowMERv22,15
Senecio glossanthus,Tdr,flowMERv22,15
Senecio hispidulus,Tdr,flowMERv22,15
Senecio lautus,Tdr,flowMERv22,15
Senecio madagascariensis,Tdr,flowMERv22,15
Senecio magnificus,Tdr,flowMERv22,15
Senecio pinnatifolius,Tdr,flowMERv22,15
Senecio quadridentatus,Tdr,flowMERv22,15
Senecio runcinifolius,Tdr,flowMERv22,15
Senna artemisioides,ATw,flowMERv22,15
Senna circinnata,ATw,flowMERv22,15
Sesbania cannabina,Tda,flowMERv22,15
Sida sp.,Tdr,flowMERv22,15
Sida ammophila,Tdr,flowMERv22,15
Sida corrugata,Tdr,flowMERv22,15
Sida cunninghamii,Tdr,flowMERv22,15
Sida fibulifera,Tdr,flowMERv22,15
Sida filiformis,Tdr,flowMERv22,15
Sida glauca,Tdr,flowMERv22,15
Sida hackettiana,Tdr,flowMERv22,15
Sida intricata,Tdr,flowMERv22,15
Sida rhombifolia,Tdr,flowMERv22,15
Sida trichopoda,Tdr,flowMERv22,15
Sigesbeckia orientalis,Tdr,flowMERv22,15
Silene sp.,Tdr,flowMERv22,15
Silene gallica,Tdr,flowMERv22,15
Silene nocturna,Tdr,flowMERv22,15
Silybum marianum,Tdr,flowMERv22,15
Sinapis sp.,Tdr,flowMERv22,15
Sisymbrium sp.,Tdr,flowMERv22,15
Sisymbrium erysimoides,Tdr,flowMERv22,15
Sisymbrium irio,Tda,flowMERv22,15
Sisymbrium officinale,Tdr,flowMERv22,15
Sisymbrium orientale,Tdr,flowMERv22,15
Solanaceae sp.,Tdr,flowMERv22,15
Solanum sp.,Tdr,flowMERv22,15
Solanum aviculare,ATw,flowMERv22,15
Solanum elaeagnifolium,Tda,flowMERv22,15
Solanum ellipticum,Tdr,flowMERv22,15
Solanum esuriale,Tda,flowMERv22,15
Solanum ferocissimum,Tdr,flowMERv22,15
Solanum nigrum,Tdr,flowMERv22,15
Solanum simile,Tdr,flowMERv22,15
Solenogyne bellioides,Tdr,flowMERv22,15
Soliva sp.,Tdr,flowMERv22,15
Soliva anthemifolia,Tdr,flowMERv22,15
Sonchus sp.,Tdr,flowMERv22,15
Sonchus asper,Tdr,flowMERv22,15
Sonchus oleraceus,Tdr,flowMERv22,15
Sorghum halepense,Tdr,flowMERv22,15
Spergularia brevifolia,Tdr,flowMERv22,15
Spergularia diandra,Tdr,flowMERv22,15
Spergularia diandroides,Tda,flowMERv22,15
Spergularia marina,Tda,flowMERv22,15
Spergularia rubra,Tdr,flowMERv22,15
Sphaeromorphaea australis,Tda,flowMERv22,15
Spirodela polyrhiza,ARf,flowMERv22,15
Sporobolus actinocladus,Tdr,flowMERv22,15
Sporobolus advenus,Tdr,flowMERv22,15
Sporobolus caroli,Tdr,flowMERv22,15
Sporobolus creber,Tdr,flowMERv22,15
Sporobolus mitchellii,Tda,flowMERv22,15
Stachys arvensis,Tdr,flowMERv22,15
Stellaria sp.,Tda,flowMERv22,15
Stellaria angustifolia,Tda,flowMERv22,15
Stellaria media,Tdr,flowMERv22,15
Stemodia florulenta,Tda,flowMERv22,15
Stemodia glabella,Tda,flowMERv22,15
Swainsona procumbens,Tda,flowMERv22,15
Swainsona swainsonioides,Tdr,flowMERv22,15
Symphyotrichum subulatum,Tda,flowMERv22,15
Synaptantha tillaeacea,Tdr,flowMERv22,15
Taraxacum sp.,Tdr,flowMERv22,15
Taraxacum officinale,Tdr,flowMERv22,15
Tecticornia triandra,Tdr,flowMERv22,15
Tetragonia sp.,Tdr,flowMERv22,15
Tetragonia eremaea,Tdr,flowMERv22,15
Tetragonia moorei,Tdr,flowMERv22,15
Tetragonia tetragonoides,Tdr,flowMERv22,15
Teucrium racemosum,Tdr,flowMERv22,15
Themeda sp.,Tdr,flowMERv22,15
Themeda avenacea,Tdr,flowMERv22,15
Themeda triandra,Tdr,flowMERv22,15
Tragopogon porrifolius,Tdr,flowMERv22,15
Tragus sp.,Tdr,flowMERv22,15
Tragus australianus,Tdr,flowMERv22,15
Trianthema triquetrum,Tdr,flowMERv22,15
Tribulus micrococcus,Tdr,flowMERv22,15
Tribulus terrestris,Tdr,flowMERv22,15
Trifolium sp.,Tdr,flowMERv22,15
Trifolium angustifolium,Tdr,flowMERv22,15
Trifolium arvense,Tdr,flowMERv22,15
Trifolium campestre,Tdr,flowMERv22,15
Trifolium dubium,Tdr,flowMERv22,15
Trifolium glomeratum,Tdr,flowMERv22,15
Trifolium repens,Tdr,flowMERv22,15
Trifolium subterraneum,Tdr,flowMERv22,15
Trifolium tomentosum,Tdr,flowMERv22,15
Trigonella suavissima,Tda,flowMERv22,15
Tripogonella loliiformis,Tdr,flowMERv22,15
Typha sp.,Se,flowMERv22,15
Typha domingensis,Se,flowMERv22,15
Typha orientalis,Se,flowMERv22,15
Urochloa sp.,Tdr,flowMERv22,15
Urochloa panicoides,Tdr,flowMERv22,15
Urtica sp.,Tdr,flowMERv22,15
Urtica incisa,Tda,flowMERv22,15
Urtica urens,Tdr,flowMERv22,15
Utricularia gibba,ARf,flowMERv22,15
Vaccaria hispanica,Tdr,flowMERv22,15
Vachellia farnesiana,ATw,flowMERv22,15
Vallisneria australis,S,flowMERv22,15
Vallisneria gigantea,S,flowMERv22,15
Velleia paradoxa,Tdr,flowMERv22,15
Vellereophyton dealbatum,Tdr,flowMERv22,15
Ventilago viminalis,ATw,flowMERv22,15
Verbascum sp.,Tdr,flowMERv22,15
Verbascum thapsus,Tdr,flowMERv22,15
Verbascum virgatum,Tdr,flowMERv22,15
Verbena sp.,Tdr,flowMERv22,15
Verbena bonariensis,Tdr,flowMERv22,15
Verbena gaudichaudii,Tdr,flowMERv22,15
Verbena officinalis,Tdr,flowMERv22,15
Verbena supina,Tda,flowMERv22,15
Verbesina encelioides,Tdr,flowMERv22,15
Veronica sp.,Tda,flowMERv22,15
Veronica anagallis-aquatica,Tda,flowMERv22,15
Veronica catenata,Tda,flowMERv22,15
Veronica gracilis,Tda,flowMERv22,15
Veronica grosseserrata,Tda,flowMERv22,15
Veronica peregrina,Tda,flowMERv22,15
Veronica persica,Tda,flowMERv22,15
Vicia sp.,Tdr,flowMERv22,15
Vicia monantha,Tdr,flowMERv22,15
Vicia sativa,Tdr,flowMERv22,15
Vittadinia sp.,Tdr,flowMERv22,15
Vittadinia cervicularis,Tdr,flowMERv22,15
Vittadinia cuneata,Tdr,flowMERv22,15
Vittadinia gracilis,Tdr,flowMERv22,15
Vittadinia hispidula,Tdr,flowMERv22,15
Vittadinia pterochaeta,Tdr,flowMERv22,15
Vittadinia sulcata,Tdr,flowMERv22,15
Vittadinia triloba,Tdr,flowMERv22,15
Vulpia sp.,Tdr,flowMERv22,15
Vulpia bromoides,Tdr,flowMERv22,15
Vulpia muralis,Tdr,flowMERv22,15
Wahlenbergia capillaris,Tda,flowMERv22,15
Wahlenbergia fluminalis,Tda,flowMERv22,15
Wahlenbergia gracilenta,Tdr,flowMERv22,15
Wahlenbergia gracilis,Tdr,flowMERv22,15
Walwhalleya proluta,Tdr,flowMERv22,15
Wurmbea dioica,Tdr,flowMERv22,15
Xanthium sp.,Tdr,flowMERv22,15
Xanthium occidentale,Tdr,flowMERv22,15
Xanthium spinosum,Tdr,flowMERv22,15
Xerochrysum sp.,Tdr,flowMERv22,15
Xerochrysum bracteatum,Tdr,flowMERv22,15
Xerochrysum viscosum,Tdr,flowMERv22,15
Zaleya galericulata,Tdr,flowMERv22,15
Digitaria sanguinalis,Tdr,flowMERv22,15
Solanum lycopersicum,Tdr,flowMERv22,15
Anthoxanthum odoratum,Tdr,flowMERv22,15
Anacampseros australiana,Tdr,flowMERv22,15
Dactylis glomerata,Tdr,flowMERv22,15
Datura stramonium,Tdr,flowMERv22,15
Lamarckia aurea,Tda,flowMERv22,15
Ethuliopsis cunninghamii,Tda,flowMERv22,15
Glycine tomentella,Tdr,flowMERv22,15
Linum marginale,Tdr,flowMERv22,15
Ixiochlamys cuneifolia,Tdr,flowMERv22,15
Sinapis arvensis,Tdr,flowMERv22,15
Triglochin sp.,ATe,flowMERv22,15
Polypogon sp.,Tda,flowMERv22,15
Ludwigia palustris,ARf,flowMERv22,15
Alisma plantago-aquatica,ATe,flowMERv22,15
Datura sp.,Tdr,flowMERv22,15
Persicaria subsessilis,ATe,flowMERv22,15
Salix sp.,Tda,flowMERv22,15
Trachymene cyanopetala,Tda,flowMERv22,15
Sigesbeckia australiensis,Tdr,flowMERv22,15
Triglochin hexagona,Tda,flowMERv22,15
Adiantum atroviride,Tdr,flowMERv22,15
Ambrosia sp.,Tdr,flowMERv22,15
Anredera cordifolia,Tdr,flowMERv22,15
Bidens subalternans,Tda,flowMERv22,15
Bowlesia incana,Tdr,flowMERv22,15
Brachyscome basaltica,Tda,flowMERv22,15
Brassica x napus sp.,Tdr,flowMERv22,15
Calendula palaestina,Tdr,flowMERv22,15
Calyptocarpus vialis,Tdr,flowMERv22,15
Cardiospermum grandiflorum,Tdr,flowMERv22,15
Cestrum parqui,Tdr,flowMERv22,15
Chrysopogon filipes,ATl,flowMERv22,15
Commelina sp.,Tda,flowMERv22,15
Commelina ensifolia,Tda,flowMERv22,15
Cyperus fulvus,Tdr,flowMERv22,15
Daucus carota,Tdr,flowMERv22,15
Dolichandra unguis-cati,Tdr,flowMERv22,15
Dysphania glomulifera,Tdr,flowMERv22,15
Eragrostis alveiformis,Tdr,flowMERv22,15
Euchiton japonicus,Tdr,flowMERv22,15
Eulalia aurea,Tda,flowMERv22,15
Gomphocarpus fruticosus,Tdr,flowMERv22,15
Heliotropium amplexicaule,Tdr,flowMERv22,15
Hirschfeldia incana,Tdr,flowMERv22,15
Juncus articulatus,ATe,flowMERv22,15
Leiocarpa leptolepis,Tdr,flowMERv22,15
Leiocarpa tomentosa,Tdr,flowMERv22,15
Lepidium didymum,Tdr,flowMERv22,15
Lomandra longifolia,Tdr,flowMERv22,15
Megathyrsus maximus,Tdr,flowMERv22,15
Melia azedarach,Tdr,flowMERv22,15
Nothoscordum borbonicum,Tdr,flowMERv22,15
Nymphaea sp.,ARf,flowMERv22,15
Oplismenus hirtellus,Tdr,flowMERv22,15
Panicum laevinode,Tdr,flowMERv22,15
Philydrum lanuginosum,Se,flowMERv22,15
Pontederia crassipes,ARf,flowMERv22,15
Rhodanthe polyphylla,Tdr,flowMERv22,15
Ricinus communis,Tdr,flowMERv22,15
Schoenoplectus sp.,Se,flowMERv22,15
Sigesbeckia sp.,Tdr,flowMERv22,15
Thysanotus sp.,Tdr,flowMERv22,15
Melaleuca bracteata,Tda,flowMERv22,15
Callistemon viminalis,Tda,flowMERv22,15
Tradescantia fluminensis,Tda,flowMERv22,15
Riccia inflexa,Tda,flowMERv22,15
Thyridia repens,ATl,flowMERv22,15
Euphorbia tannensis,Tdr,flowMERv22,15
Acacia baueri,Tda,Deane_2026,16
Acacia longifolia subsp. longifolia,Tdr,Deane_2026,16
Acacia myrtifolia,Tdr,Deane_2026,16
Acacia rubida,Tdr,Deane_2026,16
Acacia suaveolens,Tdr,Deane_2026,16
Acacia terminalis,Tdr,Deane_2026,16
Actinotus minor,Tdr,Deane_2026,16
Allocasuarina littoralis?,Tdr,Deane_2026,16
Allocasuarina paludosa,ATw,Deane_2026,16
Almaleea paludosa,ATw,Deane_2026,16
Angophora hispida,Tdr,Deane_2026,16
Aotus ericoides,Tdr,Deane_2026,16
Aristida warburgii,Tdr,Deane_2026,16
Austrostipa pubescens,Tdr,Deane_2026,16
Baeckea brevifolia,Tdr,Deane_2026,16
Baeckea imbricata,Tda,Deane_2026,16
Baeckea linifolia,ATw,Deane_2026,16
Baloskion gracile,ATe,Deane_2026,16
Banksia ericifolia,ATw,Deane_2026,16
Banksia marginata,Tdr,Deane_2026,16
Banksia oblongifolia,Tda,Deane_2026,16
Banksia paludosa,Tda,Deane_2026,16
Banksia robur,ATw,Deane_2026,16
Banksia robur X oblongifolia,Tda,Deane_2026,16
Banksia serrata,Tdr,Deane_2026,16
Bauera microphylla,Tdr,Deane_2026,16
Bauera rubioides,ATe,Deane_2026,16
Baumea acuta,ATe,Deane_2026,16
Baumea gunnii,ATe,Deane_2026,16
Baumea rubiginosa,ATe,Deane_2026,16
Baumea teretifolia,ATe,Deane_2026,16
Billardiera scandens,Tdr,Deane_2026,16
Blandfordia nobilis,ATe,Deane_2026,16
Blechnum nudum,ATe,Deane_2026,16
Boronia parviflora,Tdr,Deane_2026,16
Brunoniella pumilio,Tdr,Deane_2026,16
Burchardia umbellata,Tdr,Deane_2026,16
Caesia parviflora,Tdr,Deane_2026,16
Callistemon citrinus,ATw,Deane_2026,16
Calochlaena dubia,Tdr,Deane_2026,16
Cassytha glabella,Tdr,Deane_2026,16
Cassytha pubescens,Tdr,Deane_2026,16
Centrolepis fascicularis,ATl,Deane_2026,16
Chordifex fastigiatus,ATe,Deane_2026,16
Chorizandra cymbaria,ATe,Deane_2026,16
Chorizandra sphaerocephala,ATe,Deane_2026,16
Comesperma defoliatum,ATe,Deane_2026,16
Comesperma retusum,Se,Deane_2026,16
Conospermum ellipticum,ATw,Deane_2026,16
Conospermum taxifolium,Tda,Deane_2026,16
Corybas fordhamii,ATl,Deane_2026,16
Corymbia gummifera,Tdr,Deane_2026,16
Cryptandra ericoides,Tdr,Deane_2026,16
Cryptostylis subulata,Tdr,Deane_2026,16
Cyathochaeta diandra,Tdr,Deane_2026,16
Cynodon dactylon,Tdr,Deane_2026,16
Dampiera stricta,Tdr,Deane_2026,16
Darwinia diminuta,Tdr,Deane_2026,16
Darwinia fascicularis,Tdr,Deane_2026,16
Darwinia grandiflora,Tdr,Deane_2026,16
Daviesia corymbosa,Tdr,Deane_2026,16
Deyeuxia decipiens,Tda,Deane_2026,16
Dianella caerulea,Tdr,Deane_2026,16
Dillwynia floribunda,Tdr,Deane_2026,16
Dillwynia phylicoides,Tdr,Deane_2026,16
Drosera binata,ATl,Deane_2026,16
Drosera peltata,Tda,Deane_2026,16
Drosera pygmaea,Tda,Deane_2026,16
Drosera spatulata,Tda,Deane_2026,16
Empodisma minus,ATe,Deane_2026,16
Entolasia stricta,Tdr,Deane_2026,16
Epacris microphylla,Tdr,Deane_2026,16
Epacris obtusifolia,Tda,Deane_2026,16
Epacris paludosa,ATw,Deane_2026,16
Epacris pulchella,Tdr,Deane_2026,16
Epacris sp.,Tda,Deane_2026,16
Eriachne glabrata,ATe,Deane_2026,16
Eucalyptus haemastoma,Tdr,Deane_2026,16
Eucalyptus sieberi,Tdr,Deane_2026,16
Eucalyptus sp.,Tdr,Deane_2026,16
Euchiton gymnocephalus,Tdr,Deane_2026,16
Eurychorda complanata,ATe,Deane_2026,16
Gahnia sieberiana,ATe,Deane_2026,16
Genoplesium archeri,Tda,Deane_2026,16
Gleichenia dicarpa,ATe,Deane_2026,16
Gleichenia microphylla,ATw,Deane_2026,16
Glossodia minor,Tdr,Deane_2026,16
Gompholobium glabratum,Tdr,Deane_2026,16
Gonocarpus micranthus,ATl,Deane_2026,16
Gonocarpus salsoloides,ATe,Deane_2026,16
Gonocarpus tetragynus,Tdr,Deane_2026,16
Gonocarpus teucrioides,Tdr,Deane_2026,16
Goodenia bellidifolia,Tdr,Deane_2026,16
Goodenia dimorpha,ATe,Deane_2026,16
Grevillea diffusa,Tda,Deane_2026,16
Grevillea oleoides,Tda,Deane_2026,16
Grevillea parviflora,Tdr,Deane_2026,16
Grevillea sericea,Tdr,Deane_2026,16
Gymnoschoenus sphaerocephalus,ATe,Deane_2026,16
Haemodorum corymbosum,Tdr,Deane_2026,16
Haemodorum planifolium,Tdr,Deane_2026,16
Hakea dactyloides,Tdr,Deane_2026,16
Hakea gibbosa,Tdr,Deane_2026,16
Hakea laevipes subsp. graniticola,Tdr,Deane_2026,16
Hakea propinqua,Tdr,Deane_2026,16
Hakea teretifolia,ATw,Deane_2026,16
Hemarthria uncinata,Tda,Deane_2026,16
Hemigenia purpurea,Tdr,Deane_2026,16
Hibbertia fasciculata,Tdr,Deane_2026,16
Hibbertia riparia,Tdr,Deane_2026,16
Hibbertia serpyllifolia,Tdr,Deane_2026,16
Hydrocotyle peduncularis,Tda,Deane_2026,16
Hypericum gramineum,Tdr,Deane_2026,16
Hypochaeris radicata,Tdr,Deane_2026,16
Hypolaena fastigiata,Tda,Deane_2026,16
Hypolepis muelleri,Tda,Deane_2026,16
Isolepis multicaulis,ATl,Deane_2026,16
Isopogon anemonifolius,Tdr,Deane_2026,16
Isopogon anethifolius,Tdr,Deane_2026,16
Juncus continuus,ATe,Deane_2026,16
Juncus planifolius,ATe,Deane_2026,16
Kunzea ambigua,Tdr,Deane_2026,16
Kunzea capitata,Tdr,Deane_2026,16
Lagenophora stipitata,Tdr,Deane_2026,16
Lambertia formosa,Tdr,Deane_2026,16
Laxmannia compacta,Tdr,Deane_2026,16
Leionema diosmeum,Tdr,Deane_2026,16
Lepidosperma curtisiae,ATe,Deane_2026,16
Lepidosperma filiforme,Tda,Deane_2026,16
Lepidosperma flexuosum,Tdr,Deane_2026,16
Lepidosperma forsythii,ATe,Deane_2026,16
Lepidosperma limicola,ATe,Deane_2026,16
Lepidosperma neesii,Tda,Deane_2026,16
Lepidosperma viscidum,Tdr,Deane_2026,16
Leptocarpus tenax,ATe,Deane_2026,16
Leptomeria acida,Tdr,Deane_2026,16
Leptospermum arachnoides,ATe,Deane_2026,16
Leptospermum continentale,Tdr,Deane_2026,16
Leptospermum grandifolium,ATw,Deane_2026,16
Leptospermum juniperinum,ATw,Deane_2026,16
Leptospermum polygalifolium subsp. polygalifolium,Tda,Deane_2026,16
Leptospermum squarrosum,Tdr,Deane_2026,16
Leptospermum trinervium,Tdr,Deane_2026,16
Lepyrodia anarthria,ATe,Deane_2026,16
Lepyrodia muelleri,Tda,Deane_2026,16
Lepyrodia scariosa,ATe,Deane_2026,16
Leucopogon ericoides,Tdr,Deane_2026,16
Leucopogon esquamatus,ATw,Deane_2026,16
Leucopogon microphyllus,Tdr,Deane_2026,16
Lindsaea linearis,Tda,Deane_2026,16
Lomandra cylindrica,Tdr,Deane_2026,16
Lomandra filiformis subsp. coriacea,Tdr,Deane_2026,16
Lomandra filiformis subsp. filiformis,Tdr,Deane_2026,16
Lomandra gracilis,Tdr,Deane_2026,16
Lomandra multiflora subsp. multiflora,Tdr,Deane_2026,16
Lomandra obliqua,Tdr,Deane_2026,16
Lomandra sp.,Tdr,Deane_2026,16
Lomatia silaifolia,Tdr,Deane_2026,16
Luzula flaccida,Tdr,Deane_2026,16
Lycopodiella lateralis,ATl,Deane_2026,16
Melaleuca linariifolia,ATw,Deane_2026,16
Melaleuca squamea,ATw,Deane_2026,16
Melaleuca squarrosa,ATw,Deane_2026,16
Melaleuca thymifolia,Tda,Deane_2026,16
Microlaena stipoides,Tda,Deane_2026,16
Mirbelia rubiifolia,Tdr,Deane_2026,16
Mirbelia speciosa,Tdr,Deane_2026,16
Mitrasacme paludosa,Tda,Deane_2026,16
Mitrasacme pilosa,ATl,Deane_2026,16
Mitrasacme polymorpha,Tdr,Deane_2026,16
Monotaxis linifolia,ATw,Deane_2026,16
Olax stricta,Tdr,Deane_2026,16
Opercularia aspera,Tdr,Deane_2026,16
Opercularia varia,Tdr,Deane_2026,16
Orthoceras strictum,Tdr,Deane_2026,16
Pandorea pandorana,Tda,Deane_2026,16
Panicum simile,Tdr,Deane_2026,16
Parsonsia straminea,Tdr,Deane_2026,16
Patersonia sericea,Tdr,Deane_2026,16
Patersonia sp. aff. fragilis,ATe,Deane_2026,16
Persoonia lanceolata,Tdr,Deane_2026,16
Persoonia laurina,Tdr,Deane_2026,16
Persoonia levis,Tdr,Deane_2026,16
Persoonia pinifolia,Tdr,Deane_2026,16
Petrophile pulchella,Tdr,Deane_2026,16
Petrophile sessilis,Tdr,Deane_2026,16
Phragmites australis,ATe,Deane_2026,16
Pimelea linifolia,Tdr,Deane_2026,16
Platysace ericoides,Tdr,Deane_2026,16
Platysace linearifolia,Tdr,Deane_2026,16
Plinthanthesis paradoxa,ATe,Deane_2026,16
Poranthera corymbosa,Tdr,Deane_2026,16
Poranthera ericifolia,Tdr,Deane_2026,16
Prasophyllum australe,Tda,Deane_2026,16
Prasophyllum brevilabre,Tdr,Deane_2026,16
Prostanthera linearis,Tdr,Deane_2026,16
Pseudanthus orientalis,Tdr,Deane_2026,16
Pteridium esculentum,Tda,Deane_2026,16
Pterostylis parviflora,Tdr,Deane_2026,16
Ptilothrix deusta,Tda,Deane_2026,16
Pultenaea aristata,Tda,Deane_2026,16
Pultenaea divaricata,ATw,Deane_2026,16
Pultenaea tuberculata,Tdr,Deane_2026,16
Schizaea bifida,Tda,Deane_2026,16
Schoenus apogon,ATe,Deane_2026,16
Schoenus brevifolius,ATe,Deane_2026,16
Schoenus ericetorum,Tdr,Deane_2026,16
Schoenus lepidosperma subsp. pachylepis,ATe,Deane_2026,16
Schoenus maschalinus,ATe,Deane_2026,16
Schoenus moorei,Tdr,Deane_2026,16
Schoenus paludosus,Tda,Deane_2026,16
Schoenus villosus,Tdr,Deane_2026,16
Selaginella uliginosa,Tda,Deane_2026,16
Senecio hispidulus,Tdr,Deane_2026,16
Sowerbaea juncea,Tda,Deane_2026,16
Sphaerolobium vimineum,Tda,Deane_2026,16
Sporadanthus gracilis,ATe,Deane_2026,16
Sprengelia incarnata,ATw,Deane_2026,16
Stackhousia nuda,ATe,Deane_2026,16
Stylidium lineare,Tdr,Deane_2026,16
Symphionema paludosum,ATw,Deane_2026,16
Tetraria capillaris,Tda,Deane_2026,16
Tetrarrhena turfosa,ATe,Deane_2026,16
Tetratheca shiressii,Tda,Deane_2026,16
Thelionema caespitosum,Tdr,Deane_2026,16
Thelionema umbellatum,Tda,Deane_2026,16
Thelymitra sp,Tdr,Deane_2026,16
Thysanotus juncifolius,Tda,Deane_2026,16
Tricoryne simplex,Tda,Deane_2026,16
Tricostularia pauciflora,ATe,Deane_2026,16
Utricularia dichotoma,ATe,Deane_2026,16
Utricularia lateriflora,ATe,Deane_2026,16
Villarsia exaltata,ARp,Deane_2026,16
Viminaria juncea,ATw,Deane_2026,16
Viola sieberiana,Tda,Deane_2026,16
Xanthorrhoea resinosa,Tda,Deane_2026,16
Xanthosia dissecta,Tda,Deane_2026,16
Xanthosia pilosa,Tdr,Deane_2026,16
Xanthosia tridentata,Tdr,Deane_2026,16
Xyris bracteata,Tda,Deane_2026,16
Xyris juncea,ATl,Deane_2026,16
Xyris operculata,ATe,Deane_2026,16
Xyris ustulata,ATe,Deane_2026,16
